text,label
"Go until jurong point, crazy.. Available only in bugis n great world la e buffet... Cine there got amore wat...",not_scam
Ok lar... Joking wif u oni...,not_scam
Free entry in 2 a wkly comp to win FA Cup final tkts 21st May 2005. Text FA to 87121 to receive entry question(std txt rate)T&C's apply 08452810075over18's,scam
U dun say so early hor... U c already then say...,not_scam
"Nah I don't think he goes to usf, he lives around here though",not_scam
"FreeMsg Hey there darling it's been 3 week's now and no word back! I'd like some fun you up for it still? Tb ok! XxX std chgs to send, £1.50 to rcv",scam
Even my brother is not like to speak with me. They treat me like aids patent.,not_scam
As per your request 'Melle Melle (Oru Minnaminunginte Nurungu Vettam)' has been set as your callertune for all Callers. Press *9 to copy your friends Callertune,not_scam
WINNER!! As a valued network customer you have been selected to receivea £900 prize reward! To claim call 09061701461. Claim code KL341. Valid 12 hours only.,scam
Had your mobile 11 months or more? U R entitled to Update to the latest colour mobiles with camera for Free! Call The Mobile Update Co FREE on 08002986030,scam
"I'm gonna be home soon and i don't want to talk about this stuff anymore tonight, k? I've cried enough today.",not_scam
"SIX chances to win CASH! From 100 to 20,000 pounds txt> CSH11 and send to 87575. Cost 150p/day, 6days, 16+ TsandCs apply Reply HL 4 info",scam
"URGENT! You have won a 1 week FREE membership in our £100,000 Prize Jackpot! Txt the word: CLAIM to No: 81010 T&C www.dbuk.net LCCLTD POBOX 4403LDNW1A7RW18",scam
I've been searching for the right words to thank you for this breather. I promise i wont take your help for granted and will fulfil my promise. You have been wonderful and a blessing at all times.,not_scam
I HAVE A DATE ON SUNDAY WITH WILL!!,not_scam
"XXXMobileMovieClub: To use your credit, click the WAP link in the next txt message or click here>> http://wap. xxxmobilemovieclub.com?n=QJKGIGHJJGCBL",scam
Oh k...i'm watching here:),not_scam
Eh u remember how 2 spell his name... Yes i did. He v naughty make until i v wet.,not_scam
Fine if thats the way u feel. Thats the way its gota b,not_scam
"England v Macedonia - dont miss the goals/team news. Txt ur national team to 87077 eg ENGLAND to 87077 Try:WALES, SCOTLAND 4txt/ú1.20 POBOXox36504W45WQ 16+",scam
Is that seriously how you spell his name?,not_scam
I‘m going to try for 2 months ha ha only joking,not_scam
So ü pay first lar... Then when is da stock comin...,not_scam
Aft i finish my lunch then i go str down lor. Ard 3 smth lor. U finish ur lunch already?,not_scam
Ffffffffff. Alright no way I can meet up with you sooner?,not_scam
Just forced myself to eat a slice. I'm really not hungry tho. This sucks. Mark is getting worried. He knows I'm sick when I turn down pizza. Lol,not_scam
Lol your always so convincing.,not_scam
Did you catch the bus ? Are you frying an egg ? Did you make a tea? Are you eating your mom's left over dinner ? Do you feel my Love ?,not_scam
"I'm back &amp; we're packing the car now, I'll let you know if there's room",not_scam
Ahhh. Work. I vaguely remember that! What does it feel like? Lol,not_scam
"Wait that's still not all that clear, were you not sure about me being sarcastic or that that's why x doesn't want to live with us",not_scam
Yeah he got in at 2 and was v apologetic. n had fallen out and she was actin like spoilt child and he got caught up in that. Till 2! But we won't go there! Not doing too badly cheers. You?,not_scam
K tell me anything about you.,not_scam
For fear of fainting with the of all that housework you just did? Quick have a cuppa,not_scam
Thanks for your subscription to Ringtone UK your mobile will be charged £5/month Please confirm by replying YES or NO. If you reply NO you will not be charged,scam
Yup... Ok i go home look at the timings then i msg ü again... Xuhui going to learn on 2nd may too but her lesson is at 8am,not_scam
"Oops, I'll let you know when my roommate's done",not_scam
I see the letter B on my car,not_scam
Anything lor... U decide...,not_scam
Hello! How's you and how did saturday go? I was just texting to see if you'd decided to do anything tomo. Not that i'm trying to invite myself or anything!,not_scam
Pls go ahead with watts. I just wanted to be sure. Do have a great weekend. Abiola,not_scam
"Did I forget to tell you ? I want you , I need you, I crave you ... But most of all ... I love you my sweet Arabian steed ... Mmmmmm ... Yummy",not_scam
07732584351 - Rodger Burns - MSG = We tried to call you re your reply to our sms for a free nokia mobile + free camcorder. Please call now 08000930705 for delivery tomorrow,scam
WHO ARE YOU SEEING?,not_scam
Great! I hope you like your man well endowed. I am  &lt;#&gt;  inches...,not_scam
No calls..messages..missed calls,not_scam
Didn't you get hep b immunisation in nigeria.,not_scam
"Fair enough, anything going on?",not_scam
"Yeah hopefully, if tyler can't do it I could maybe ask around a bit",not_scam
U don't know how stubborn I am. I didn't even want to go to the hospital. I kept telling Mark I'm not a weak sucker. Hospitals are for weak suckers.,not_scam
What you thinked about me. First time you saw me in class.,not_scam
"A gram usually runs like  &lt;#&gt; , a half eighth is smarter though and gets you almost a whole second gram for  &lt;#&gt;",not_scam
K fyi x has a ride early tomorrow morning but he's crashing at our place tonight,not_scam
"Wow. I never realized that you were so embarassed by your accomodations. I thought you liked it, since i was doing the best i could and you always seemed so happy about ""the cave"". I'm sorry I didn't and don't have more to give. I'm sorry i offered. I'm sorry your room was so embarassing.",not_scam
SMS. ac Sptv: The New Jersey Devils and the Detroit Red Wings play Ice Hockey. Correct or Incorrect? End? Reply END SPTV,scam
Do you know what Mallika Sherawat did yesterday? Find out now @  &lt;URL&gt;,not_scam
"Congrats! 1 year special cinema pass for 2 is yours. call 09061209465 now! C Suprman V, Matrix3, StarWars3, etc all 4 FREE! bx420-ip4-5we. 150pm. Dont miss out!",scam
"Sorry, I'll call later in meeting.",not_scam
Tell where you reached,not_scam
Yes..gauti and sehwag out of odi series.,not_scam
Your gonna have to pick up a $1 burger for yourself on your way home. I can't even move. Pain is killing me.,not_scam
Ha ha ha good joke. Girls are situation seekers.,not_scam
Its a part of checking IQ,not_scam
"Sorry my roommates took forever, it ok if I come by now?",not_scam
Ok lar i double check wif da hair dresser already he said wun cut v short. He said will cut until i look nice.,not_scam
"As a valued customer, I am pleased to advise you that following recent review of your Mob No. you are awarded with a £1500 Bonus Prize, call 09066364589",scam
"Today is ""song dedicated day.."" Which song will u dedicate for me? Send this to all ur valuable frnds but first rply me...",not_scam
"Urgent UR awarded a complimentary trip to EuroDisinc Trav, Aco&Entry41 Or £1000. To claim txt DIS to 87121 18+6*£1.50(moreFrmMob. ShrAcomOrSglSuplt)10, LS1 3AJ",scam
"Did you hear about the new ""Divorce Barbie""? It comes with all of Ken's stuff!",scam
I plane to give on this month end.,not_scam
Wah lucky man... Then can save money... Hee...,not_scam
Finished class where are you.,not_scam
HI BABE IM AT HOME NOW WANNA DO SOMETHING? XX,not_scam
K..k:)where are you?how did you performed?,not_scam
U can call me now...,not_scam
I am waiting machan. Call me once you free.,not_scam
Thats cool. i am a gentleman and will treat you with dignity and respect.,not_scam
I like you peoples very much:) but am very shy pa.,not_scam
Does not operate after  &lt;#&gt;  or what,not_scam
Its not the same here. Still looking for a job. How much do Ta's earn there.,not_scam
"Sorry, I'll call later",not_scam
K. Did you call me just now ah?,not_scam
Ok i am on the way to home hi hi,not_scam
You will be in the place of that man,not_scam
Yup next stop.,not_scam
"I call you later, don't have network. If urgnt, sms me.",not_scam
For real when u getting on yo? I only need 2 more tickets and one more jacket and I'm done. I already used all my multis.,not_scam
Yes I started to send requests to make it but pain came back so I'm back in bed. Double coins at the factory too. I gotta cash in all my nitros.,not_scam
I'm really not up to it still tonight babe,not_scam
"Ela kano.,il download, come wen ur free..",not_scam
Yeah do! Don‘t stand to close tho- you‘ll catch something!,not_scam
Sorry to be a pain. Is it ok if we meet another night? I spent late afternoon in casualty and that means i haven't done any of y stuff42moro and that includes all my time sheets and that. Sorry.,not_scam
Smile in Pleasure Smile in Pain Smile when trouble pours like Rain Smile when sum1 Hurts U Smile becoz SOMEONE still Loves to see u Smiling!!,not_scam
Please call our customer service representative on 0800 169 6031 between 10am-9pm as you have WON a guaranteed £1000 cash or £5000 prize!,scam
Havent planning to buy later. I check already lido only got 530 show in e afternoon. U finish work already?,not_scam
"Your free ringtone is waiting to be collected. Simply text the password ""MIX"" to 85069 to verify. Get Usher and Britney. FML, PO Box 5249, MK17 92H. 450Ppw 16",scam
Watching telugu movie..wat abt u?,not_scam
i see. When we finish we have loads of loans to pay,not_scam
"Hi. Wk been ok - on hols now! Yes on for a bit of a run. Forgot that i have hairdressers appointment at four so need to get home n shower beforehand. Does that cause prob for u?""",not_scam
I see a cup of coffee animation,not_scam
Please don't text me anymore. I have nothing else to say.,not_scam
Okay name ur price as long as its legal! Wen can I pick them up? Y u ave x ams xx,not_scam
I'm still looking for a car to buy. And have not gone 4the driving test yet.,not_scam
As per your request 'Melle Melle (Oru Minnaminunginte Nurungu Vettam)' has been set as your callertune for all Callers. Press *9 to copy your friends Callertune,not_scam
"wow. You're right! I didn't mean to do that. I guess once i gave up on boston men and changed my search location to nyc, something changed. Cuz on my signin page it still says boston.",not_scam
Umma my life and vava umma love you lot dear,not_scam
Thanks a lot for your wishes on my birthday. Thanks you for making my birthday truly memorable.,not_scam
"Aight, I'll hit you up when I get some cash",not_scam
How would my ip address test that considering my computer isn't a minecraft server,not_scam
I know! Grumpy old people. My mom was like you better not be lying. Then again I am always the one to play jokes...,not_scam
Dont worry. I guess he's busy.,not_scam
What is the plural of the noun research?,not_scam
Going for dinner.msg you after.,not_scam
I'm ok wif it cos i like 2 try new things. But i scared u dun like mah. Cos u said not too loud.,not_scam
GENT! We are trying to contact you. Last weekends draw shows that you won a £1000 prize GUARANTEED. Call 09064012160. Claim Code K52. Valid 12hrs only. 150ppm,scam
"Wa, ur openin sentence very formal... Anyway, i'm fine too, juz tt i'm eatin too much n puttin on weight...Haha... So anythin special happened?",not_scam
"As I entered my cabin my PA said, '' Happy B'day Boss !!''. I felt special. She askd me 4 lunch. After lunch she invited me to her apartment. We went there.",not_scam
You are a winner U have been specially selected 2 receive £1000 or a 4* holiday (flights inc) speak to a live operator 2 claim 0871277810910p/min (18+),scam
Goodo! Yes we must speak friday - egg-potato ratio for tortilla needed!,not_scam
Hmm...my uncle just informed me that he's paying the school directly. So pls buy food.,not_scam
PRIVATE! Your 2004 Account Statement for 07742676969 shows 786 unredeemed Bonus Points. To claim call 08719180248 Identifier Code: 45239 Expires,scam
"URGENT! Your Mobile No. was awarded £2000 Bonus Caller Prize on 5/9/03 This is our final try to contact U! Call from Landline 09064019788 BOX42WR29C, 150PPM",scam
here is my new address -apples&pairs&all that malarky,not_scam
Todays Voda numbers ending 7548 are selected to receive a $350 award. If you have a match please call 08712300220 quoting claim code 4041 standard rates app,scam
I am going to sao mu today. Will be done only at 12,not_scam
Ü predict wat time ü'll finish buying?,not_scam
"Good stuff, will do.",not_scam
"Just so that you know,yetunde hasn't sent money yet. I just sent her a text not to bother sending. So its over, you dont have to involve yourself in anything. I shouldn't have imposed anything on you in the first place so for that, i apologise.",not_scam
Are you there in room.,not_scam
HEY GIRL. HOW R U? HOPE U R WELL ME AN DEL R BAK! AGAIN LONG TIME NO C! GIVE ME A CALL SUM TIME FROM LUCYxx,not_scam
K..k:)how much does it cost?,not_scam
I'm home.,not_scam
"Dear, will call Tmorrow.pls accomodate.",not_scam
First answer my question.,not_scam
Sunshine Quiz Wkly Q! Win a top Sony DVD player if u know which country the Algarve is in? Txt ansr to 82277. £1.50 SP:Tyrone,scam
Want 2 get laid tonight? Want real Dogging locations sent direct 2 ur mob? Join the UK's largest Dogging Network bt Txting GRAVEL to 69888! Nt. ec2a. 31p.msg@150p,scam
I only haf msn. It's yijue@hotmail.com,not_scam
He is there. You call and meet him,not_scam
No no. I will check all rooms befor activities,not_scam
You'll not rcv any more msgs from the chat svc. For FREE Hardcore services text GO to: 69988 If u get nothing u must Age Verify with yr network & try again,scam
Got c... I lazy to type... I forgot ü in lect... I saw a pouch but like not v nice...,not_scam
"K, text me when you're on the way",not_scam
"Sir, Waiting for your mail.",not_scam
"A swt thought: ""Nver get tired of doing little things 4 lovable persons.."" Coz..somtimes those little things occupy d biggest part in their Hearts.. Gud ni8",not_scam
I know you are. Can you pls open the back?,not_scam
Yes see ya not on the dot,not_scam
Whats the staff name who is taking class for us?,not_scam
"FreeMsg Why haven't you replied to my text? I'm Randy, sexy, female and live local. Luv to hear from u. Netcollex Ltd 08700621170150p per msg reply Stop to end",scam
Ummma.will call after check in.our life will begin from qatar so pls pray very hard.,not_scam
K..i deleted my contact that why?,not_scam
Sindu got job in birla soft ..,not_scam
The wine is flowing and i'm i have nevering..,not_scam
Yup i thk cine is better cos no need 2 go down 2 plaza mah.,not_scam
Ok... Ur typical reply...,not_scam
As per your request 'Melle Melle (Oru Minnaminunginte Nurungu Vettam)' has been set as your callertune for all Callers. Press *9 to copy your friends Callertune,not_scam
"You are everywhere dirt, on the floor, the windows, even on my shirt. And sometimes when i open my mouth, you are all that comes flowing out. I dream of my world without you, then half my chores are out too. A time of joy for me, lots of tv shows i.ll see. But i guess like all things you just must exist, like rain, hail and mist, and when my time here is done, you and i become one.",not_scam
Aaooooright are you at work?,not_scam
I'm leaving my house now...,not_scam
"Hello, my love. What are you doing? Did you get to that interview today? Are you you happy? Are you being a good boy? Do you think of me?Are you missing me ?",not_scam
Customer service annoncement. You have a New Years delivery waiting for you. Please call 07046744435 now to arrange delivery,scam
You are a winner U have been specially selected 2 receive £1000 cash or a 4* holiday (flights inc) speak to a live operator 2 claim 0871277810810,scam
Keep yourself safe for me because I need you and I miss you already and I envy everyone that see's you in real life,not_scam
New car and house for my parents.:)i have only new job in hand:),not_scam
I'm so in love with you. I'm excited each day i spend with you. You make me so happy.,not_scam
-PLS STOP bootydelious (32/F) is inviting you to be her friend. Reply YES-434 or NO-434 See her: www.SMS.ac/u/bootydelious STOP? Send STOP FRND to 62468,scam
"BangBabes Ur order is on the way. U SHOULD receive a Service Msg 2 download UR content. If U do not, GoTo wap. bangb. tv on UR mobile internet/service menu",scam
I place all ur points on e cultures module already.,not_scam
URGENT! We are trying to contact you. Last weekends draw shows that you have won a £900 prize GUARANTEED. Call 09061701939. Claim code S89. Valid 12hrs only,scam
"Hi frnd, which is best way to avoid missunderstding wit our beloved one's?",not_scam
Great escape. I fancy the bridge but needs her lager. See you tomo,not_scam
Yes :)it completely in out of form:)clark also utter waste.,not_scam
"Sir, I need AXIS BANK account no and bank address.",not_scam
"Hmmm.. Thk sure got time to hop ard... Ya, can go 4 free abt... Muz call u to discuss liao...",not_scam
What time you coming down later?,not_scam
"Bloody hell, cant believe you forgot my surname Mr . Ill give u a clue, its spanish and begins with m...",not_scam
"Well, i'm gonna finish my bath now. Have a good...fine night.",not_scam
Let me know when you've got the money so carlos can make the call,not_scam
U still going to the mall?,not_scam
"Turns out my friends are staying for the whole show and won't be back til ~ &lt;#&gt; , so feel free to go ahead and smoke that $ &lt;#&gt;  worth",not_scam
Text her. If she doesnt reply let me know so i can have her log in,not_scam
Hi! You just spoke to MANEESHA V. We'd like to know if you were satisfied with the experience. Reply Toll Free with Yes or No.,not_scam
You lifted my hopes with the offer of money. I am in need. Especially when the end of the month approaches and it hurts my studying. Anyways have a gr8 weekend,not_scam
Lol no. U can trust me.,not_scam
ok. I am a gentleman and will treat you with dignity and respect.,not_scam
"He will, you guys close?",not_scam
Going on nothing great.bye,not_scam
Hello handsome ! Are you finding that job ? Not being lazy ? Working towards getting back that net for mummy ? Where's my boytoy now ? Does he miss me ?,not_scam
"Haha awesome, be there in a minute",not_scam
Please call our customer service representative on FREEPHONE 0808 145 4742 between 9am-11pm as you have WON a guaranteed £1000 cash or £5000 prize!,scam
Have you got Xmas radio times. If not i will get it now,not_scam
I jus reached home. I go bathe first. But my sis using net tell u when she finishes k...,not_scam
Are you unique enough? Find out from 30th August. www.areyouunique.co.uk,scam
I'm sorry. I've joined the league of people that dont keep in touch. You mean a great deal to me. You have been a friend at all times even at great personal cost. Do have a great week.|,not_scam
Hi :)finally i completed the course:),not_scam
It will stop on itself. I however suggest she stays with someone that will be able to give ors for every stool.,not_scam
How are you doing? Hope you've settled in for the new school year. Just wishin you a gr8 day,not_scam
Gud mrng dear hav a nice day,not_scam
Did u got that persons story,not_scam
is your hamster dead? Hey so tmr i meet you at 1pm orchard mrt?,not_scam
Hi its Kate how is your evening? I hope i can see you tomorrow for a bit but i have to bloody babyjontet! Txt back if u can. :) xxx,not_scam
"Found it, ENC  &lt;#&gt; , where you at?",not_scam
I sent you  &lt;#&gt;  bucks,not_scam
Hello darlin ive finished college now so txt me when u finish if u can love Kate xxx,not_scam
Your account has been refilled successfully by INR  &lt;DECIMAL&gt; . Your KeralaCircle prepaid account balance is Rs  &lt;DECIMAL&gt; . Your Transaction ID is KR &lt;#&gt; .,not_scam
Goodmorning sleeping ga.,not_scam
U call me alter at 11 ok.,not_scam
Ü say until like dat i dun buy ericsson oso cannot oredi lar...,not_scam
"As I entered my cabin my PA said, '' Happy B'day Boss !!''. I felt special. She askd me 4 lunch. After lunch she invited me to her apartment. We went there.",not_scam
"Aight yo, dats straight dogg",not_scam
You please give us connection today itself before  &lt;DECIMAL&gt;  or refund the bill,not_scam
Both :) i shoot big loads so get ready!,not_scam
"What's up bruv, hope you had a great break. Do have a rewarding semester.",not_scam
Home so we can always chat,not_scam
K:)k:)good:)study well.,not_scam
Yup... How ü noe leh...,not_scam
Sounds great! Are you home now?,not_scam
Finally the match heading towards draw as your prediction.,not_scam
Tired. I haven't slept well the past few nights.,not_scam
Easy ah?sen got selected means its good..,not_scam
I have to take exam with march 3,not_scam
Yeah you should. I think you can use your gt atm now to register. Not sure but if there's anyway i can help let me know. But when you do be sure you are ready.,not_scam
Ok no prob. Take ur time.,not_scam
There is os called ubandu which will run without installing in hard disk...you can use that os to copy the important files in system and give it to repair shop..,not_scam
"Sorry, I'll call later",not_scam
U say leh... Of course nothing happen lar. Not say v romantic jus a bit only lor. I thk e nite scenery not so nice leh.,not_scam
"500 New Mobiles from 2004, MUST GO! Txt: NOKIA to No: 89545 & collect yours today!From ONLY £1 www.4-tc.biz 2optout 087187262701.50gbp/mtmsg18",scam
Would really appreciate if you call me. Just need someone to talk to.,not_scam
"Will u meet ur dream partner soon? Is ur career off 2 a flyng start? 2 find out free, txt HORO followed by ur star sign, e. g. HORO ARIES",scam
Hey company elama po mudyadhu.,not_scam
"Life is more strict than teacher... Bcoz Teacher teaches lesson &amp; then conducts exam, But Life first conducts Exam &amp; then teaches Lessons. Happy morning. . .",not_scam
Dear good morning now only i am up,not_scam
Get down in gandhipuram and walk to cross cut road. Right side &lt;#&gt; street road and turn at first right.,not_scam
Dear we are going to our rubber place,not_scam
"Sorry battery died, yeah I'm here",not_scam
Yes:)here tv is always available in work place..,not_scam
Text & meet someone sexy today. U can find a date or even flirt its up to U. Join 4 just 10p. REPLY with NAME & AGE eg Sam 25. 18 -msg recd@thirtyeight pence,scam
I have printed it oh. So  &lt;#&gt;  come upstairs,not_scam
Or ill be a little closer like at the bus stop on the same street,not_scam
Where are you?when wil you reach here?,not_scam
"New Theory: Argument wins d SITUATION, but loses the PERSON. So dont argue with ur friends just.. . . . kick them &amp; say, I'm always correct.!",not_scam
U 447801259231 have a secret admirer who is looking 2 make contact with U-find out who they R*reveal who thinks UR so special-call on 09058094597,scam
Tomarrow final hearing on my laptop case so i cant.,not_scam
PLEASSSSSSSEEEEEE TEL ME V AVENT DONE SPORTSx,not_scam
"Okay. No no, just shining on. That was meant to be signing, but that sounds better.",not_scam
"Although i told u dat i'm into baig face watches now but i really like e watch u gave cos it's fr u. Thanx 4 everything dat u've done today, i'm touched...",not_scam
U don't remember that old commercial?,not_scam
Too late. I said i have the website. I didn't i have or dont have the slippers,not_scam
I asked you to call him now ok,not_scam
Kallis wont bat in 2nd innings.,not_scam
It didnt work again oh. Ok goodnight then. I.ll fix and have it ready by the time you wake up. You are very dearly missed have a good night sleep.,not_scam
Congratulations ur awarded 500 of CD vouchers or 125gift guaranteed & Free entry 2 100 wkly draw txt MUSIC to 87066 TnCs www.Ldew.com1win150ppmx3age16,scam
Ranjith cal drpd Deeraj and deepak 5min hold,not_scam
"Wen ur lovable bcums angry wid u, dnt take it seriously.. Coz being angry is d most childish n true way of showing deep affection, care n luv!.. kettoda manda... Have nice day da.",not_scam
What you doing?how are you?,not_scam
"Ups which is 3days also, and the shipping company that takes 2wks. The other way is usps which takes a week but when it gets to lag you may have to bribe nipost to get your stuff.",not_scam
"I'm back, lemme know when you're ready",not_scam
Don't necessarily expect it to be done before you get back though because I'm just now headin out,not_scam
Mmm so yummy babe ... Nice jolt to the suzy,not_scam
Where are you lover ? I need you ...,not_scam
We tried to contact you re your reply to our offer of a Video Handset? 750 anytime networks mins? UNLIMITED TEXT? Camcorder? Reply or call 08000930705 NOW,scam
I‘m parked next to a MINI!!!! When are you coming in today do you think?,not_scam
Yup,not_scam
Anyway i'm going shopping on my own now. Cos my sis not done yet. Dun disturb u liao.,not_scam
MY NO. IN LUTON 0125698789 RING ME IF UR AROUND! H*,not_scam
Hey I am really horny want to chat or see me naked text hot to 69698 text charged at 150pm to unsubscribe text stop 69698,scam
Why you Dint come with us.,not_scam
Same. Wana plan a trip sometme then,not_scam
"Not sure yet, still trying to get a hold of him",not_scam
Ur ringtone service has changed! 25 Free credits! Go to club4mobiles.com to choose content now! Stop? txt CLUB STOP to 87070. 150p/wk Club4 PO Box1146 MK45 2WT,scam
The evo. I just had to download flash. Jealous?,not_scam
Ringtone Club: Get the UK singles chart on your mobile each week and choose any top quality ringtone! This message is free of charge.,scam
"Come to mu, we're sorting out our narcotics situation",not_scam
"Night has ended for another day, morning has come in a special way. May you smile like the sunny rays and leaves your worries at the blue blue bay.",not_scam
HMV BONUS SPECIAL 500 pounds of genuine HMV vouchers to be won. Just answer 4 easy questions. Play Now! Send HMV to 86688 More info:www.100percent-real.com,scam
"Usf I guess, might as well take 1 car",not_scam
No objection. My bf not coming.,not_scam
Thanx...,not_scam
Tell rob to mack his gf in the theater,not_scam
"Awesome, I'll see you in a bit",not_scam
Just sent it. So what type of food do you like?,not_scam
All done? All handed in? Celebrations in full swing yet?,not_scam
You got called a tool?,not_scam
"""Wen u miss someone, the person is definitely special for u..... But if the person is so special, why to miss them, just Keep-in-touch"" gdeve..",not_scam
Ok. I asked for money how far,not_scam
Okie...,not_scam
"Yeah I think my usual guy's still passed out from last night, if you get ahold of anybody let me know and I'll throw down",not_scam
"K, I might come by tonight then if my class lets out early",not_scam
Ok..,not_scam
hi baby im cruisin with my girl friend what r u up 2? give me a call in and hour at home if thats alright or fone me on this fone now love jenny xxx,not_scam
"My life Means a lot to me, Not because I love my life, But because I love the people in my life, The world calls them friends, I call them my World:-).. Ge:-)..",not_scam
"Dear,shall mail tonite.busy in the street,shall update you tonite.things are looking ok.varunnathu edukkukayee raksha ollu.but a good one in real sense.",not_scam
Hey you told your name to gautham ah?,not_scam
Haf u found him? I feel so stupid da v cam was working.,not_scam
Oops. 4 got that bit.,not_scam
Are you this much buzy,not_scam
I accidentally deleted the message. Resend please.,not_scam
T-Mobile customer you may now claim your FREE CAMERA PHONE upgrade & a pay & go sim card for your loyalty. Call on 0845 021 3680.Offer ends 28thFeb.T&C's apply,scam
Unless it's a situation where YOU GO GURL would be more appropriate,not_scam
Hurt me... Tease me... Make me cry... But in the end of my life when i die plz keep one rose on my grave and say STUPID I MISS U.. HAVE A NICE DAY BSLVYL,not_scam
I cant pick the phone right now. Pls send a message,not_scam
Need a coffee run tomo?Can't believe it's that time of week already,not_scam
"Awesome, I remember the last time we got somebody high for the first time with diesel :V",not_scam
"Shit that is really shocking and scary, cant imagine for a second. Def up for night out. Do u think there is somewhere i could crash for night, save on taxi?",not_scam
Oh and by the way you do have more food in your fridge! Want to go out for a meal tonight?,not_scam
He is a womdarfull actor,not_scam
"SMS. ac Blind Date 4U!: Rodds1 is 21/m from Aberdeen, United Kingdom. Check Him out http://img. sms. ac/W/icmb3cktz8r7!-4 no Blind Dates send HIDE",scam
Yup... From what i remb... I think should be can book...,not_scam
Jos ask if u wana meet up?,not_scam
Lol yes. Our friendship is hanging on a thread cause u won't buy stuff.,not_scam
"TheMob> Check out our newest selection of content, Games, Tones, Gossip, babes and sport, Keep your mobile fit and funky text WAP to 82468",scam
Where are the garage keys? They aren't on the bookshelf,not_scam
Today is ACCEPT DAY..U Accept me as? Brother Sister Lover Dear1 Best1 Clos1 Lvblefrnd Jstfrnd Cutefrnd Lifpartnr Belovd Swtheart Bstfrnd No rply means enemy,not_scam
"Think ur smart ? Win £200 this week in our weekly quiz, text PLAY to 85222 now!T&Cs WinnersClub PO BOX 84, M26 3UZ. 16+. GBP1.50/week",scam
He says he'll give me a call when his friend's got the money but that he's definitely buying before the end of the week,not_scam
"Hi the way I was with u 2day, is the normal way&this is the real me. UR unique&I hope I know u 4 the rest of mylife. Hope u find wot was lost.",not_scam
You made my day. Do have a great day too.,not_scam
K.k:)advance happy pongal.,not_scam
"Hmmm... Guess we can go 4 kb n power yoga... Haha, dunno we can tahan power yoga anot... Thk got lo oso, forgot liao...",not_scam
"Not really dude, have no friends i'm afraid :(",not_scam
December only! Had your mobile 11mths+? You are entitled to update to the latest colour camera mobile for Free! Call The Mobile Update Co FREE on 08002986906,scam
"Coffee cake, i guess...",not_scam
"Merry Christmas to you too babe, i love ya *kisses*",not_scam
Hey... Why dont we just go watch x men and have lunch... Haha,not_scam
cud u tell ppl im gona b a bit l8 cos 2 buses hav gon past cos they were full & im still waitin 4 1. Pete x,not_scam
That would be great. We'll be at the Guild. Could meet on Bristol road or somewhere - will get in touch over weekend. Our plans take flight! Have a good week,not_scam
No problem. How are you doing?,not_scam
No calls..messages..missed calls,not_scam
Hi da:)how is the todays class?,not_scam
"I'd say that's a good sign but, well, you know my track record at reading women",not_scam
"Cool, text me when you're parked",not_scam
I'm reading the text i just sent you. Its meant to be a joke. So read it in that light,not_scam
K.k:)apo k.good movie.,not_scam
Maybe i could get book out tomo then return it immediately ..? Or something.,not_scam
Call Germany for only 1 pence per minute! Call from a fixed line via access number 0844 861 85 85. No prepayment. Direct access!,scam
Any chance you might have had with me evaporated as soon as you violated my privacy by stealing my phone number from your employer's paperwork. Not cool at all. Please do not contact me again or I will report you to your supervisor.,not_scam
Valentines Day Special! Win over £1000 in our quiz and take your partner on the trip of a lifetime! Send GO to 83600 now. 150p/msg rcvd. CustCare:08718720201.,scam
"Ta-Daaaaa! I am home babe, are you still up ?",not_scam
Cool. So how come you havent been wined and dined before?,not_scam
Just sleeping..and surfing,not_scam
"Sorry, I'll call later",not_scam
U calling me right? Call my hand phone...,not_scam
Ok that's great thanx a lot.,not_scam
I take it the post has come then! You must have 1000s of texts now! Happy reading. My one from wiv hello caroline at the end is my favourite. Bless him,not_scam
Where u been hiding stranger?,not_scam
Am not interested to do like that.,not_scam
My sister cleared two round in birla soft yesterday.,not_scam
Gudnite....tc...practice going on,not_scam
Dis is yijue. I jus saw ur mail. In case huiming havent sent u my num. Dis is my num.,not_scam
One small prestige problem now.,not_scam
Fancy a shag? I do.Interested? sextextuk.com txt XXUK SUZY to 69876. Txts cost 1.50 per msg. TnCs on website. X,scam
Just checking in on you. Really do miss seeing Jeremiah. Do have a great month,not_scam
"Nah can't help you there, I've never had an iphone",not_scam
If you're not in my car in an hour and a half I'm going apeshit,not_scam
"TODAY is Sorry day.! If ever i was angry with you, if ever i misbehaved or hurt you? plz plz JUST SLAP URSELF Bcoz, Its ur fault, I'm basically GOOD",not_scam
Yo you guys ever figure out how much we need for alcohol? Jay and I are trying to figure out how much we can safely spend on weed,not_scam
&lt;#&gt; ISH MINUTES WAS 5 MINUTES AGO. WTF.,not_scam
"Thank You for calling.Forgot to say Happy Onam to you Sirji.I am fine here and remembered you when i met an insurance person.Meet You in Qatar Insha Allah.Rakhesh, ex Tata AIG who joined TISSCO,Tayseer.",not_scam
Congratulations ur awarded 500 of CD vouchers or 125gift guaranteed & Free entry 2 100 wkly draw txt MUSIC to 87066 TnCs www.Ldew.com1win150ppmx3age16,scam
Ur cash-balance is currently 500 pounds - to maximize ur cash-in now send CASH to 86688 only 150p/msg. CC: 08708800282 HG/Suite342/2Lands Row/W1J6HL,scam
"I'm an actor. When i work, i work in the evening and sleep late. Since i'm unemployed at the moment, i ALWAYS sleep late. When you're unemployed, every day is saturday.",not_scam
"Hello! Just got here, st andrews-boy its a long way! Its cold. I will keep you posted",not_scam
Ha ha cool cool chikku chikku:-):-DB-),not_scam
Oh ok no prob..,not_scam
Check audrey's status right now,not_scam
Busy here. Trying to finish for new year. I am looking forward to finally meeting you...,not_scam
"Good afternoon sunshine! How dawns that day ? Are we refreshed and happy to be alive? Do we breathe in the air and smile ? I think of you, my love ... As always",not_scam
Well i know Z will take care of me. So no worries.,not_scam
"Update_Now - Xmas Offer! Latest Motorola, SonyEricsson & Nokia & FREE Bluetooth! Double Mins & 1000 Txt on Orange. Call MobileUpd8 on 08000839402 or call2optout/F4Q=",scam
Here is your discount code RP176781. To stop further messages reply stop. www.regalportfolio.co.uk. Customer Services 08717205546,scam
Wat uniform? In where get?,not_scam
"Cool, text me when you're ready",not_scam
"Hello my boytoy ... Geeee I miss you already and I just woke up. I wish you were here in bed with me, cuddling me. I love you ...",not_scam
I will spoil you in bed as well :),not_scam
I'm going for bath will msg you next  &lt;#&gt;  min..,not_scam
I cant keep talking to people if am not sure i can pay them if they agree to price. So pls tell me what you want to really buy and how much you are willing to pay,not_scam
"Thanks for your Ringtone Order, Reference T91. You will be charged GBP 4 per week. You can unsubscribe at anytime by calling customer services on 09057039994",scam
Can you say what happen,not_scam
You could have seen me..i did't recognise you Face.:),not_scam
Well there's not a lot of things happening in Lindsay on New years *sighs* Some bars in Ptbo and the blue heron has something going,not_scam
Keep my payasam there if rinu brings,not_scam
I taught that Ranjith sir called me. So only i sms like that. Becaus hes verifying about project. Prabu told today so only pa dont mistake me..,not_scam
"I guess that's why you re worried. You must know that there's a way the body repairs itself. And i'm quite sure you shouldn't worry. We'll take it slow. First the tests, they will guide when your ovulation is then just relax. Nothing you've said is a reason to worry but i.ll keep on followin you up.",not_scam
"Yeah sure, give me a couple minutes to track down my wallet",not_scam
Hey leave it. not a big deal:-) take care.,not_scam
Hey i will be late ah... Meet you at 945+,not_scam
"Double mins and txts 4 6months FREE Bluetooth on Orange. Available on Sony, Nokia Motorola phones. Call MobileUpd8 on 08000839402 or call2optout/N9DX",scam
It took Mr owl 3 licks,not_scam
Customer place i will call you.,not_scam
Mm that time you dont like fun,not_scam
4mths half price Orange line rental & latest camera phones 4 FREE. Had your phone 11mths ? Call MobilesDirect free on 08000938767 to update now! or2stoptxt,scam
Yup having my lunch buffet now.. U eat already?,not_scam
Huh so late... Fr dinner?,not_scam
Hey so this sat are we going for the intro pilates only? Or the kickboxing too?,not_scam
Morning only i can ok.,not_scam
Yes i think so. I am in office but my lap is in room i think thats on for the last few days. I didnt shut that down,not_scam
Pick you up bout 7.30ish? What time are  and that going?,not_scam
From here after The performance award is calculated every two month.not for current one month period..,not_scam
Was actually sleeping and still might when u call back. So a text is gr8. You rock sis. Will send u a text wen i wake.,not_scam
"You are always putting your business out there. You put pictures of your ass on facebook. You are one of the most open people i've ever met. Why would i think a picture of your room would hurt you, make you feel violated.",not_scam
"Good evening Sir, Al Salam Wahleykkum.sharing a happy news.By the grace of God, i got an offer from Tayseer,TISSCO and i joined.Hope you are fine.Inshah Allah,meet you sometime.Rakhesh,visitor from India.",not_scam
Hmmm...k...but i want to change the field quickly da:-)i wanna get system administrator or network administrator..,not_scam
"FREE RINGTONE text FIRST to 87131 for a poly or text GET to 87131 for a true tone! Help? 0845 2814032 16 after 1st free, tones are 3x£150pw to e£nd txt stop",scam
Dear how is chechi. Did you talk to her,not_scam
The hair cream has not been shipped.,not_scam
None of that's happening til you get here though,not_scam
"Yep, the great loxahatchee xmas tree burning of  &lt;#&gt;  starts in an hour",not_scam
"Haha get used to driving to usf man, I know a lot of stoners",not_scam
All was well until slightly disastrous class this pm with my fav darlings! Hope day off ok. Coffee wld be good as can't stay late tomorrow. Same time + place as always?,not_scam
Hello! Good week? Fancy a drink or something later?,not_scam
Headin towards busetop,not_scam
Message:some text missing* Sender:Name Missing* *Number Missing *Sent:Date missing *Missing U a lot thats y everything is missing sent via fullonsms.com,not_scam
Come by our room at some point so we can iron out the plan for this weekend,not_scam
Cos i want it to be your thing,not_scam
"Okies... I'll go yan jiu too... We can skip ard oso, go cine den go mrt one, blah blah blah...",not_scam
Bring home some Wendy =D,not_scam
100 dating service cal;l 09064012103 box334sk38ch,scam
Whatsup there. Dont u want to sleep,not_scam
Alright i have a new goal now,not_scam
FREE entry into our £250 weekly competition just text the word WIN to 80086 NOW. 18 T&C www.txttowin.co.uk,scam
"Alright, I'll head out in a few minutes, text me where to meet you",not_scam
Send a logo 2 ur lover - 2 names joined by a heart. Txt LOVE NAME1 NAME2 MOBNO eg LOVE ADAM EVE 07123456789 to 87077 Yahoo! POBox36504W45WQ TxtNO 4 no ads 150p,scam
Yes:)from last week itself i'm taking live call.,not_scam
Someone has contacted our dating service and entered your phone because they fancy you! To find out who it is call from a landline 09111032124 . PoBox12n146tf150p,scam
Siva is in hostel aha:-.,not_scam
URGENT! Your Mobile number has been awarded with a £2000 prize GUARANTEED. Call 09058094455 from land line. Claim 3030. Valid 12hrs only,scam
Send this to ur friends and receive something about ur voice..... How is my speaking expression? 1.childish 2.naughty 3.Sentiment 4.rowdy 5.ful of attitude 6.romantic 7.shy 8.Attractive 9.funny  &lt;#&gt; .irritating  &lt;#&gt; .lovable. reply me..,not_scam
Ok. She'll be ok. I guess,not_scam
aathi..where are you dear..,not_scam
Any pain on urination any thing else?,not_scam
7 at esplanade.. Do ü mind giving me a lift cos i got no car today..,not_scam
I wnt to buy a BMW car urgently..its vry urgent.but hv a shortage of  &lt;#&gt; Lacs.there is no source to arng dis amt. &lt;#&gt; lacs..thats my prob,not_scam
At home watching tv lor.,not_scam
Does she usually take fifteen fucking minutes to respond to a yes or no question,not_scam
Congrats! Nokia 3650 video camera phone is your Call 09066382422 Calls cost 150ppm Ave call 3mins vary from mobiles 16+ Close 300603 post BCM4284 Ldn WC1N3XX,scam
Booked ticket for pongal?,not_scam
You available now? I'm like right around hillsborough &amp;  &lt;#&gt; th,not_scam
The message sent is askin for  &lt;#&gt; dollars. Shoul i pay  &lt;#&gt;  or  &lt;#&gt; ?,not_scam
"Ask g or iouri, I've told the story like ten times already",not_scam
How long does applebees fucking take,not_scam
"Hi hope u get this txt~journey hasnt been gd,now about 50 mins late I think.",not_scam
But i have to. I like to have love and arrange.,not_scam
Yes..he is really great..bhaji told kallis best cricketer after sachin in world:).very tough to get out.,not_scam
You were supposed to wake ME up &gt;:(,not_scam
Oic... I saw him too but i tot he din c me... I found a group liao...,not_scam
"Sorry, I'll call later",not_scam
"""HEY HEY WERETHE MONKEESPEOPLE SAY WE MONKEYAROUND! HOWDY GORGEOUS, HOWU DOIN? FOUNDURSELF A JOBYET SAUSAGE?LOVE JEN XXX""",not_scam
"Sorry, my battery died, I can come by but I'm only getting a gram for now, where's your place?",not_scam
"Well done, blimey, exercise, yeah, i kinda remember wot that is, hmm.",not_scam
I wont get concentration dear you know you are my mind and everything :-),not_scam
LOL ... Have you made plans for new years?,not_scam
10 min later k...,not_scam
hanks lotsly!,not_scam
Thanks for this hope you had a good day today,not_scam
K:)k:)what are detail you want to transfer?acc no enough?,not_scam
Ok i will tell her to stay out. Yeah its been tough but we are optimistic things will improve this month.,not_scam
"Loan for any purpose £500 - £75,000. Homeowners + Tenants welcome. Have you been previously refused? We can still help. Call Free 0800 1956669 or text back 'help'",scam
Si si. I think ill go make those oreo truffles.,not_scam
"LOOK AT AMY URE A BEAUTIFUL, INTELLIGENT WOMAN AND I LIKE U A LOT. I KNOW U DONT LIKE ME LIKE THAT SO DONT WORRY.",not_scam
I hope you that's the result of being consistently intelligent and kind. Start asking him about practicum links and keep your ears open and all the best. ttyl,not_scam
"1.20 that call cost. Which i guess isnt bad. Miss ya, need ya, want ya, love ya",not_scam
Going thru a very different feeling.wavering decisions and coping up with the same is the same individual.time will heal everything i believe.,not_scam
Where did u go? My phone is gonna die you have to stay in here,not_scam
Great. Never been better. Each day gives even more reasons to thank God,not_scam
"UpgrdCentre Orange customer, you may now claim your FREE CAMERA PHONE upgrade for your loyalty. Call now on 0207 153 9153. Offer ends 26th July. T&C's apply. Opt-out available",scam
"Sorry, I'll call later ok bye",not_scam
Ok i am on the way to railway,not_scam
great princess! I love giving and receiving oral. Doggy style is my fave position. How about you? I enjoy making love  &lt;#&gt;  times per night :),not_scam
They don't put that stuff on the roads to keep it from getting slippery over there?,not_scam
When are you going to ride your bike?,not_scam
"Yup, no need. I'll jus wait 4 e rain 2 stop.",not_scam
There are many company. Tell me the language.,not_scam
okmail: Dear Dave this is your final notice to collect your 4* Tenerife Holiday or #5000 CASH award! Call 09061743806 from landline. TCs SAE Box326 CW25WX 150ppm,scam
"How long has it been since you screamed, princess?",not_scam
"Nothing. I meant that once the money enters your account here, the bank will remove its flat rate. Someone transfered  &lt;#&gt;  to my account and  &lt;#&gt; dollars got removed. So the banks differ and charges also differ.be sure you trust the 9ja person you are sending account details to cos...",not_scam
Want 2 get laid tonight? Want real Dogging locations sent direct 2 ur Mob? Join the UK's largest Dogging Network by txting MOAN to 69888Nyt. ec2a. 31p.msg@150p,scam
Nice line said by a broken heart- Plz don't cum 1 more times infront of me... Other wise once again I ll trust U... Good 9t:),not_scam
Ok I'm gonna head up to usf in like fifteen minutes,not_scam
Love you aathi..love u lot..,not_scam
Tension ah?what machi?any problem?,not_scam
"K, can I pick up another 8th when you're done?",not_scam
When're you guys getting back? G said you were thinking about not staying for mcr,not_scam
"Almost there, see u in a sec",not_scam
"Yo carlos, a few friends are already asking me about you, you working at all this weekend?",not_scam
Watching tv lor...,not_scam
Thank you baby! I cant wait to taste the real thing...,not_scam
You should change your fb to jaykwon thuglyfe falconerf,not_scam
If we win its really no 1 side for long time.,not_scam
"FREE MESSAGE Activate your 500 FREE Text Messages by replying to this message with the word FREE For terms & conditions, visit www.07781482378.com",scam
Dear reached railway. What happen to you,not_scam
"Depends on quality. If you want the type i sent boye, faded glory, then about 6. If you want ralphs maybe 2",not_scam
I think i've fixed it can you send a test message?,not_scam
"Sorry man my account's dry or I would, if you want we could trade back half or I could buy some shit with my credit card",not_scam
"Congrats! 1 year special cinema pass for 2 is yours. call 09061209465 now! C Suprman V, Matrix3, StarWars3, etc all 4 FREE! bx420-ip4-5we. 150pm. Dont miss out!",scam
"Sorry,in meeting I'll call later",not_scam
What class of  &lt;#&gt;  reunion?,not_scam
Are you free now?can i call now?,not_scam
Got meh... When?,not_scam
Nope... Think i will go for it on monday... Sorry i replied so late,not_scam
Some of them told accenture is not confirm. Is it true.,not_scam
"Kate jackson rec center before 7ish, right?",not_scam
Dear i have reache room,not_scam
"Fighting with the world is easy, u either win or lose bt fightng with some1 who is close to u is dificult if u lose - u lose if u win - u still lose.",not_scam
When can ü come out?,not_scam
Check with nuerologist.,not_scam
Lolnice. I went from a fish to ..water.?,not_scam
+123 Congratulations - in this week's competition draw u have won the £1450 prize to claim just call 09050002311 b4280703. T&Cs/stop SMS 08718727868. Over 18 only 150ppm,scam
No it's waiting in e car dat's bored wat. Cos wait outside got nothing 2 do. At home can do my stuff or watch tv wat.,not_scam
"Maybe westshore or hyde park village, the place near my house?",not_scam
You should know now. So how's anthony. Are you bringing money. I've school fees to pay and rent and stuff like that. Thats why i need your help. A friend in need....|,not_scam
What's the significance?,not_scam
Your opinion about me? 1. Over 2. Jada 3. Kusruthi 4. Lovable 5. Silent 6. Spl character 7. Not matured 8. Stylish 9. Simple Pls reply..,not_scam
"8 at the latest, g's still there if you can scrounge up some ammo and want to give the new ak a try",not_scam
Prabha..i'm soryda..realy..frm heart i'm sory,not_scam
Lol ok your forgiven :),not_scam
No..jst change tat only..,not_scam
"You are guaranteed the latest Nokia Phone, a 40GB iPod MP3 player or a £500 prize! Txt word: COLLECT to No: 83355! IBHltd LdnW15H 150p/Mtmsgrcvd18+",scam
S:)no competition for him.,not_scam
Boltblue tones for 150p Reply POLY# or MONO# eg POLY3 1. Cha Cha Slide 2. Yeah 3. Slow Jamz 6. Toxic 8. Come With Me or STOP 4 more tones txt MORE,scam
Your credits have been topped up for http://www.bubbletext.com Your renewal Pin is tgxxrz,scam
"That way transport is less problematic than on sat night. By the way, if u want to ask  n  to join my bday, feel free. But need to know definite nos as booking on fri.",not_scam
Usually the person is unconscious that's in children but in adults they may just behave abnormally. I.ll call you now,not_scam
But that's on ebay it might be less elsewhere.,not_scam
Shall i come to get pickle,not_scam
Were gonna go get some tacos,not_scam
"That's very rude, you on campus?",not_scam
"URGENT!: Your Mobile No. was awarded a £2,000 Bonus Caller Prize on 02/09/03! This is our 2nd attempt to contact YOU! Call 0871-872-9755 BOX95QU",scam
Hi i won't b ard 4 christmas. But do enjoy n merry x'mas.,not_scam
"Today's Offer! Claim ur £150 worth of discount vouchers! Text YES to 85023 now! SavaMob, member offers mobile! T Cs 08717898035. £3.00 Sub. 16 . Unsub reply X",scam
Yes! How is a pretty lady like you single?,not_scam
You will recieve your tone within the next 24hrs. For Terms and conditions please see Channel U Teletext Pg 750,scam
Jay says that you're a double-faggot,not_scam
PRIVATE! Your 2003 Account Statement for 07815296484 shows 800 un-redeemed S.I.M. points. Call 08718738001 Identifier Code 41782 Expires 18/11/04,scam
What Today-sunday..sunday is holiday..so no work..,not_scam
Gudnite....tc...practice going on,not_scam
I'll be late...,not_scam
"I've not called you in a while. This is hoping it was l8r malaria and that you know that we miss you guys. I miss Bani big, so pls give her my love especially. Have a great day.",not_scam
"Good afternoon, my love! How goes that day ? I hope maybe you got some leads on a job. I think of you, boytoy and send you a passionate kiss from across the sea",not_scam
"Probably gonna be here for a while, see you later tonight &lt;)",not_scam
Or maybe my fat fingers just press all these buttons and it doesn't know what to do.,not_scam
Ummmmmaah Many many happy returns of d day my dear sweet heart.. HAPPY BIRTHDAY dear,not_scam
"I am in tirupur da, once you started from office call me.",not_scam
from www.Applausestore.com MonthlySubscription@50p/msg max6/month T&CsC web age16 2stop txt stop,scam
"A famous quote : when you develop the ability to listen to 'anything' unconditionally without losing your temper or self confidence, it means you are ......... 'MARRIED'",not_scam
But am going to college pa. What to do. are else ill come there it self. Pa.,not_scam
4 oclock at mine. Just to bash out a flat plan.,not_scam
This girl does not stay in bed. This girl doesn't need recovery time. Id rather pass out while having fun then be cooped up in bed,not_scam
Then any special there?,not_scam
I know but you need to get hotel now. I just got my invitation but i had to apologise. Cali is to sweet for me to come to some english bloke's weddin,not_scam
"Sorry that took so long, omw now",not_scam
Wait  &lt;#&gt;  min..,not_scam
Ok give me 5 minutes I think I see her. BTW you're my alibi. You were cutting my hair the whole time.,not_scam
"Imagine you finally get to sink into that bath after I have put you through your paces, maybe even having you eat me for a while before I left ... But also imagine the feel of that cage on your cock surrounded by the bath water, reminding you always who owns you ... Enjoy, my cuck",not_scam
"Hurry up, I've been weed-deficient for like three days",not_scam
"Sure, if I get an acknowledgement from you that it's astoundingly tactless and generally faggy to demand a blood oath fo",not_scam
Ok. Every night take a warm bath drink a cup of milk and you'll see a work of magic. You still need to loose weight. Just so that you know,not_scam
I‘ll have a look at the frying pan in case it‘s cheap or a book perhaps. No that‘s silly a frying pan isn‘t likely to be a book,not_scam
O. Well uv causes mutations. Sunscreen is like essential thesedays,not_scam
Having lunch:)you are not in online?why?,not_scam
I know that my friend already told that.,not_scam
Hi Princess! Thank you for the pics. You are very pretty. How are you?,not_scam
"Aiyo... U always c our ex one... I dunno abt mei, she haven reply... First time u reply so fast... Y so lucky not workin huh, got bao by ur sugardad ah...gee..",not_scam
Hi msg me:)i'm in office..,not_scam
Thanx 4 e brownie it's v nice...,not_scam
Geeeee ... I love you so much I can barely stand it,not_scam
GENT! We are trying to contact you. Last weekends draw shows that you won a £1000 prize GUARANTEED. Call 09064012160. Claim Code K52. Valid 12hrs only. 150ppm,scam
"Fuck babe ... I miss you already, you know ? Can't you let me send you some money towards your net ? I need you ... I want you ... I crave you ...",not_scam
"Ill call u 2mrw at ninish, with my address that icky American freek wont stop callin me 2 bad Jen k eh?",not_scam
Oooh bed ridden ey? What are YOU thinking of?,not_scam
"So anyways, you can just go to your gym or whatever, my love *smiles* I hope your ok and having a good day babe ... I miss you so much already",not_scam
Love it! Daddy will make you scream with pleasure! I am going to slap your ass with my dick!,not_scam
WOT U WANNA DO THEN MISSY?,not_scam
Yar lor wait 4 my mum 2 finish sch then have lunch lor... I whole morning stay at home clean my room now my room quite clean... Hee...,not_scam
Do you know where my lab goggles went,not_scam
Can you open the door?,not_scam
Waiting for your call.,not_scam
Nope i waiting in sch 4 daddy...,not_scam
"You have won ?1,000 cash or a ?2,000 prize! To claim, call09050000327",scam
"I'm tired of arguing with you about this week after week. Do what you want and from now on, i'll do the same.",not_scam
Ü wait 4 me in sch i finish ard 5..,not_scam
"our mobile number has won £5000, to claim calls us back or ring the claims hot line on 09050005321.",scam
"Arngd marriage is while u r walkin unfortuntly a snake bites u. bt love marriage is dancing in frnt of d snake &amp; sayin Bite me, bite me.",not_scam
Huh so early.. Then ü having dinner outside izzit?,not_scam
Ok anyway no need to change with what you said,not_scam
We tried to contact you re your reply to our offer of 750 mins 150 textand a new video phone call 08002988890 now or reply for free delivery tomorrow,scam
my ex-wife was not able to have kids. Do you want kids one day?,not_scam
So how's scotland. Hope you are not over showing your JJC tendencies. Take care. Live the dream,not_scam
Tell them u have a headache and just want to use 1 hour of sick time.,not_scam
"I dun thk i'll quit yet... Hmmm, can go jazz ? Yogasana oso can... We can go meet em after our lessons den...",not_scam
"""Pete can you please ring meive hardly gotany credit""",not_scam
Ya srsly better than yi tho,not_scam
"I'm in a meeting, call me later at",not_scam
"For ur chance to win a £250 wkly shopping spree TXT: SHOP to 80878. T's&C's www.txt-2-shop.com custcare 08715705022, 1x150p/wk",scam
You have been specially selected to receive a 2000 pound award! Call 08712402050 BEFORE the lines close. Cost 10ppm. 16+. T&Cs apply. AG Promo,scam
PRIVATE! Your 2003 Account Statement for 07753741225 shows 800 un-redeemed S. I. M. points. Call 08715203677 Identifier Code: 42478 Expires 24/10/04,scam
You still at grand prix?,not_scam
"I met you as a stranger and choose you as my friend. As long as the world stands, our friendship never ends. Lets be Friends forever!!! Gud nitz...",not_scam
I am great! How are you?,not_scam
Gud mrng dear have a nice day,not_scam
You have an important customer service announcement. Call FREEPHONE 0800 542 0825 now!,scam
Will do. Was exhausted on train this morning. Too much wine and pie. You sleep well too,not_scam
I'm going out to buy mum's present ar.,not_scam
Mind blastin.. No more Tsunamis will occur from now on.. Rajnikant stopped swimming in Indian Ocean..:-D,not_scam
If u sending her home first it's ok lor. I'm not ready yet.,not_scam
Speaking of does he have any cash yet?,not_scam
Be happy there. I will come after noon,not_scam
Meet after lunch la...,not_scam
TaKe CaRE n gET WeLL sOOn,not_scam
XCLUSIVE@CLUBSAISAI 2MOROW 28/5 SOIREE SPECIALE ZOUK WITH NICHOLS FROM PARIS.FREE ROSES 2 ALL LADIES !!! info: 07946746291/07880867867,scam
what I meant to say is cant wait to see u again getting bored of this bridgwater banter,not_scam
Neva mind it's ok..,not_scam
"It's fine, imma get a drink or somethin. Want me to come find you?",not_scam
22 days to kick off! For Euro2004 U will be kept up to date with the latest news and results daily. To be removed send GET TXT STOP to 83222,scam
Its a valentine game. . . Send dis msg to all ur friends. .. If 5 answers r d same then someone really loves u. Ques- which colour suits me the best?rply me,not_scam
I have many dependents,not_scam
THANX4 TODAY CER IT WAS NICE 2 CATCH UP BUT WE AVE 2 FIND MORE TIME MORE OFTEN OH WELL TAKE CARE C U SOON.C,not_scam
I called and said all to him:)then he have to choose this future.,not_scam
"""Happy valentines day"" I know its early but i have hundreds of handsomes and beauties to wish. So i thought to finish off aunties and uncles 1st...",not_scam
He like not v shock leh. Cos telling shuhui is like telling leona also. Like dat almost all know liao. He got ask me abt ur reaction lor.,not_scam
For my family happiness..,not_scam
I come n pick ü up... Come out immediately aft ur lesson...,not_scam
Let there be snow. Let there be snow. This kind of weather brings ppl together so friendships can grow.,not_scam
Dear we got  &lt;#&gt;  dollars hi hi,not_scam
Good words.... But words may leave u in dismay many times.,not_scam
MAKE SURE ALEX KNOWS HIS BIRTHDAY IS OVER IN FIFTEEN MINUTES AS FAR AS YOU'RE CONCERNED,not_scam
"sorry, no, have got few things to do. may be in pub later.",not_scam
"Nah it's straight, if you can just bring bud or drinks or something that's actually a little more useful than straight cash",not_scam
"Haha good to hear, I'm officially paid and on the market for an 8th",not_scam
How many licks does it take to get to the center of a tootsie pop?,not_scam
Yup i thk they r e teacher said that will make my face look longer. Darren ask me not 2 cut too short.,not_scam
New TEXTBUDDY Chat 2 horny guys in ur area 4 just 25p Free 2 receive Search postcode or at gaytextbuddy.com. TXT ONE name to 89693,scam
Todays Vodafone numbers ending with 4882 are selected to a receive a £350 award. If your number matches call 09064019014 to receive your £350 award.,scam
Please dont say like that. Hi hi hi,not_scam
Thank u!,not_scam
Oh that was a forwarded message. I thought you send that to me,not_scam
Got it. Seventeen pounds for seven hundred ml – hope ok.,not_scam
"Dear Voucher Holder, 2 claim this weeks offer, at your PC go to http://www.e-tlp.co.uk/expressoffer Ts&Cs apply.2 stop texts txt STOP to 80062.",scam
Me n him so funny...,not_scam
"Sweetheart, hope you are not having that kind of day! Have one with loads of reasons to smile. Biola",not_scam
When ü login dat time... Dad fetching ü home now?,not_scam
"What will we do in the shower, baby?",not_scam
I had askd u a question some hours before. Its answer,not_scam
"Well imma definitely need to restock before thanksgiving, I'll let you know when I'm out",not_scam
"said kiss, kiss, i can't do the sound effects! He is a gorgeous man isn't he! Kind of person who needs a smile to brighten his day!",not_scam
Probably gonna swing by in a wee bit,not_scam
Ya very nice. . .be ready on thursday,not_scam
Allo! We have braved the buses and taken on the trains and triumphed. I mean we‘re in b‘ham. Have a jolly good rest of week,not_scam
"Watching cartoon, listening music &amp; at eve had to go temple &amp; church.. What about u?",not_scam
Do you mind if I ask what happened? You dont have to say if it is uncomfortable.,not_scam
PRIVATE! Your 2003 Account Statement for shows 800 un-redeemed S. I. M. points. Call 08715203694 Identifier Code: 40533 Expires 31/10/04,scam
No prob. I will send to your email.,not_scam
"You have won ?1,000 cash or a ?2,000 prize! To claim, call09050000327. T&C: RSTM, SW7 3SS. 150ppm",scam
Thats cool! Sometimes slow and gentle. Sonetimes rough and hard :),not_scam
I'm gonna say no. Sorry. I would but as normal am starting to panic about time. Sorry again! Are you seeing on Tuesday?,not_scam
"Wait, do you know if wesleys in town? I bet she does hella drugs!",not_scam
Fine i miss you very much.,not_scam
Did u got that persons story,not_scam
Tell them the drug dealer's getting impatient,not_scam
"Sun cant come to earth but send luv as rays. cloud cant come to river but send luv as rain. I cant come to meet U, but can send my care as msg to U. Gud evng",not_scam
You will be in the place of that man,not_scam
"It doesnt make sense to take it there unless its free. If you need to know more, wikipedia.com",not_scam
88800 and 89034 are premium phone services call 08718711108,scam
"Under the sea, there lays a rock. In the rock, there is an envelope. In the envelope, there is a paper. On the paper, there are 3 words... '",not_scam
Then mum's repent how?,not_scam
Sorry me going home first... Daddy come fetch ü later...,not_scam
Leave it de:-). Start Prepare for next:-)..,not_scam
Yes baby! We can study all the positions of the kama sutra ;),not_scam
En chikku nange bakra msg kalstiya..then had tea/coffee?,not_scam
Carlos'll be here in a minute if you still need to buy,not_scam
This pay is  &lt;DECIMAL&gt;  lakhs:),not_scam
Have a good evening! Ttyl,not_scam
Did u receive my msg?,not_scam
Ho ho - big belly laugh! See ya tomo,not_scam
"SMS. ac sun0819 posts HELLO:""You seem cool, wanted to say hi. HI!!!"" Stop? Send STOP to 62468",scam
Get ur 1st RINGTONE FREE NOW! Reply to this msg with TONE. Gr8 TOP 20 tones to your phone every week just £1.50 per wk 2 opt out send STOP 08452810071 16,scam
"Ditto. And you won't have to worry about me saying ANYTHING to you anymore. Like i said last night, you do whatever you want and i'll do the same. Peace.",not_scam
"I've got  &lt;#&gt; , any way I could pick up?",not_scam
"I dont knw pa, i just drink milk..",not_scam
Maybe?! Say hi to  and find out if  got his card. Great escape or wetherspoons?,not_scam
"Piggy, r u awake? I bet u're still sleeping. I'm going 4 lunch now...",not_scam
Cause I'm not freaky lol,not_scam
Missed your call cause I was yelling at scrappy. Miss u. Can't wait for u to come home. I'm so lonely today.,not_scam
What is this 'hex' place you talk of? Explain!,not_scam
Ü log off 4 wat. It's sdryb8i,not_scam
Is xy going 4 e lunch?,not_scam
Hi I'm sue. I am 20 years old and work as a lapdancer. I love sex. Text me live - I'm i my bedroom now. text SUE to 89555. By TextOperator G2 1DA 150ppmsg 18+,scam
I wanted to ask ü to wait 4 me to finish lect. Cos my lect finishes in an hour anyway.,not_scam
Have you finished work yet? :),not_scam
"Every King Was Once A Crying Baby And Every Great Building Was Once A Map.. Not Imprtant Where U r TODAY, BUT Where U Wil Reach TOMORW. Gud ni8",not_scam
"Dear,Me at cherthala.in case u r coming cochin pls call bfore u start.i shall also reach accordingly.or tell me which day u r coming.tmorow i am engaged ans its holiday.",not_scam
Thanks love. But am i doing torch or bold.,not_scam
<Forwarded from 448712404000>Please CALL 08712404000 immediately as there is an urgent message waiting for you.,scam
Was the farm open?,not_scam
"Sorry to trouble u again. Can buy 4d for my dad again? 1405, 1680, 1843. All 2 big 1 small, sat n sun. Thanx.",not_scam
"My sister in law, hope you are having a great month. Just saying hey. Abiola",not_scam
Will purchase d stuff today and mail to you. Do you have a po box number?,not_scam
Ah poop. Looks like ill prob have to send in my laptop to get fixed cuz it has a gpu problem,not_scam
Good. Good job. I like entrepreneurs,not_scam
"Aight, you close by or still down around alex's place?",not_scam
meet you in corporation st outside gap … you can see how my mind is working!,not_scam
Mum ask ü to buy food home...,not_scam
K..u also dont msg or reply to his msg..,not_scam
How much r ü willing to pay?,not_scam
"Sorry, I'll call later",not_scam
What is important is that you prevent dehydration by giving her enough fluids,not_scam
"Thats a bit weird, even ?- where is the do supposed to be happening? But good idea, sure they will be in pub!",not_scam
True dear..i sat to pray evening and felt so.so i sms'd you in some time...,not_scam
"I don't think I can get away for a trek that long with family in town, sorry",not_scam
So when do you wanna gym harri,not_scam
Quite late lar... Ard 12 anyway i wun b drivin...,not_scam
"To review and KEEP the fantastic Nokia N-Gage game deck with Club Nokia, go 2 www.cnupdates.com/newsletter. unsubscribe from alerts reply with the word OUT",scam
4mths half price Orange line rental & latest camera phones 4 FREE. Had your phone 11mths+? Call MobilesDirect free on 08000938767 to update now! or2stoptxt T&Cs,scam
"Height of Confidence: All the Aeronautics professors wer calld &amp; they wer askd 2 sit in an aeroplane. Aftr they sat they wer told dat the plane ws made by their students. Dey all hurried out of d plane.. Bt only 1 didnt move... He said:""if it is made by my students,this wont even start........ Datz confidence..",not_scam
It just seems like weird timing that the night that all you and g want is for me to come smoke is the same day as when a shitstorm is attributed to me always coming over and making everyone smoke,not_scam
08714712388 between 10am-7pm Cost 10p,scam
"Save yourself the stress. If the person has a dorm account, just send your account details and the money will be sent to you.",not_scam
He also knows about lunch menu only da. . I know,not_scam
When i have stuff to sell i.ll tell you,not_scam
+449071512431 URGENT! This is the 2nd attempt to contact U!U have WON £1250 CALL 09071512433 b4 050703 T&CsBCM4235WC1N3XX. callcost 150ppm mobilesvary. max£7. 50,scam
Book which lesson? then you msg me... I will call up after work or sth... I'm going to get specs. My membership is PX3748,not_scam
You have WON a guaranteed £1000 cash or a £2000 prize. To claim yr prize call our customer service representative on 08714712394 between 10am-7pm,scam
Macha dont feel upset.i can assume your mindset.believe me one evening with me and i have some wonderful plans for both of us.LET LIFE BEGIN AGAIN.call me anytime,not_scam
Oh is it? Send me the address,not_scam
S'fine. Anytime. All the best with it.,not_scam
That is wondar full flim.,not_scam
Ya even those cookies have jelly on them,not_scam
"The world is running and i am still.maybe all are feeling the same,so be it.or i have to admit,i am mad.then where is the correction?or let me call this is life.and keep running with the world,may be u r also running.lets run.",not_scam
Got it! It looks scrumptious... daddy wants to eat you all night long!,not_scam
Of cos can lar i'm not so ba dao ok... 1 pm lor... Y u never ask where we go ah... I said u would ask on fri but he said u will ask today...,not_scam
"Alright omw, gotta change my order to a half8th",not_scam
Exactly. Anyways how far. Is jide her to study or just visiting,not_scam
Dunno y u ask me.,not_scam
Email AlertFrom: Jeri StewartSize: 2KBSubject: Low-cost prescripiton drvgsTo listen to email call 123,scam
No he didn't. Spring is coming early yay!,not_scam
Lol you won't feel bad when I use her money to take you out to a steak dinner =D,not_scam
Even u dont get in trouble while convincing..just tel him once or twice and just tel neglect his msgs dont c and read it..just dont reply,not_scam
Leaving to qatar tonite in search of an opportunity.all went fast.pls add me in ur prayers dear.Rakhesh,not_scam
Then why no one talking to me,not_scam
Thanks for looking out for me. I really appreciate.,not_scam
Hi. Customer Loyalty Offer:The NEW Nokia6650 Mobile from ONLY £10 at TXTAUCTION! Txt word: START to No: 81151 & get yours Now! 4T&Ctxt TC 150p/MTmsg,scam
Wish i were with you now!,not_scam
Haha mayb u're rite... U know me well. Da feeling of being liked by someone is gd lor. U faster go find one then all gals in our group attached liao.,not_scam
Yes i will be there. Glad you made it.,not_scam
Do well :)all will for little time. Thing of good times ahead:,not_scam
Just got up. have to be out of the room very soon. …. i hadn't put the clocks back til at 8 i shouted at everyone to get up and then realised it was 7. wahay. another hour in bed.,not_scam
Ok. There may be a free gym about.,not_scam
Men like shorter ladies. Gaze up into his eyes.,not_scam
Dunno he jus say go lido. Same time 930.,not_scam
"I promise to take good care of you, princess. I have to run now. Please send pics when you get a chance. Ttyl!",not_scam
U are subscribed to the best Mobile Content Service in the UK for £3 per 10 days until you send STOP to 82324. Helpline 08706091795,scam
Is there a reason we've not spoken this year? Anyways have a great week and all the best in your exam,not_scam
By monday next week. Give me the full gist,not_scam
"Do you realize that in about 40 years, we'll have thousands of old ladies running around with tattoos?",scam
You have an important customer service announcement from PREMIER.,scam
Dont gimme that lip caveboy,not_scam
When did you get to the library,not_scam
Realy sorry-i don't recognise this number and am now confused :) who r u please?!,not_scam
So why didnt you holla?,not_scam
Cant think of anyone with * spare room off * top of my head,not_scam
"Faith makes things possible,Hope makes things work,Love makes things beautiful,May you have all three this Christmas!Merry Christmas!",not_scam
U should have made an appointment,not_scam
"Call me when you/carlos is/are here, my phone's vibrate is acting up and I might not hear texts",not_scam
"Romantic Paris. 2 nights, 2 flights from £79 Book now 4 next year. Call 08704439680Ts&Cs apply.",scam
"We are at grandmas. Oh dear, u still ill? I felt Shit this morning but i think i am just hungover! Another night then. We leave on sat.",not_scam
Urgent Ur £500 guaranteed award is still unclaimed! Call 09066368327 NOW closingdate04/09/02 claimcode M39M51 £1.50pmmorefrommobile2Bremoved-MobyPOBox734LS27YF,scam
Nothing but we jus tot u would ask cos u ba gua... But we went mt faber yest... Yest jus went out already mah so today not going out... Jus call lor...,not_scam
"Wishing you and your family Merry ""X"" mas and HAPPY NEW Year in advance..",not_scam
UR awarded a City Break and could WIN a £200 Summer Shopping spree every WK. Txt STORE to 88039 . SkilGme. TsCs087147403231Winawk!Age16 £1.50perWKsub,scam
"I'm nt goin, got somethin on, unless they meetin 4 dinner lor... Haha, i wonder who will go tis time...",not_scam
"Sorry, I'll call later",not_scam
I cant pick the phone right now. Pls send a message,not_scam
Lol I know! They're so dramatic. Schools already closed for tomorrow. Apparently we can't drive in the inch of snow were supposed to get.,not_scam
Not getting anywhere with this damn job hunting over here!,not_scam
Lol! U drunkard! Just doing my hair at d moment. Yeah still up 4 tonight. Wats the plan?,not_scam
"idc get over here, you are not weaseling your way out of this shit twice in a row",not_scam
I wil be there with in  &lt;#&gt;  minutes. Got any space,not_scam
Just sleeping..and surfing,not_scam
Thanks for picking up the trash.,not_scam
Why don't you go tell your friend you're not sure you want to live with him because he smokes too much then spend hours begging him to come smoke,not_scam
"""Hi its Kate it was lovely to see you tonight and ill phone you tomorrow. I got to sing and a guy gave me his card! xxx""",not_scam
Happy New year my dear brother. I really do miss you. Just got your number and decided to send you this text wishing you only happiness. Abiola,not_scam
That means get the door,not_scam
Your opinion about me? 1. Over 2. Jada 3. Kusruthi 4. Lovable 5. Silent 6. Spl character 7. Not matured 8. Stylish 9. Simple Pls reply..,not_scam
"Hmmm ... I thought we said 2 hours slave, not 3 ... You are late ... How should I punish you ?",not_scam
Beerage?,not_scam
You have an important customer service announcement from PREMIER. Call FREEPHONE 0800 542 0578 now!,scam
Dont think so. It turns off like randomlly within 5min of opening,not_scam
"She was supposed to be but couldn't make it, she's still in town though",not_scam
It does it on its own. Most of the time it fixes my spelling. But sometimes it gets a completely diff word. Go figure,not_scam
Ever thought about living a good life with a perfect partner? Just txt back NAME and AGE to join the mobile community. (100p/SMS),scam
"5 Free Top Polyphonic Tones call 087018728737, National Rate. Get a toppoly tune sent every week, just text SUBPOLY to 81618, £3 per pole. UnSub 08718727870.",scam
Gud mrng dear hav a nice day,not_scam
This is hoping you enjoyed your game yesterday. Sorry i've not been in touch but pls know that you are fondly bein thot off. Have a great week. Abiola,not_scam
All e best 4 ur driving tmr :-),not_scam
Y?WHERE U AT DOGBREATH? ITS JUST SOUNDING LIKE JAN C THATS AL!!!!!!!!!,not_scam
Omg I want to scream. I weighed myself and I lost more weight! Woohoo!,not_scam
There generally isn't one. It's an uncountable noun - u in the dictionary. pieces of research?,not_scam
it's really getting me down just hanging around.,not_scam
"Orange customer, you may now claim your FREE CAMERA PHONE upgrade for your loyalty. Call now on 0207 153 9996. Offer ends 14thMarch. T&C's apply. Opt-out availa",scam
"""Petey boy whereare you me and all your friendsare in theKingshead come down if you canlove Nic""",not_scam
Ok i msg u b4 i leave my house.,not_scam
"""Gimme a few"" was  &lt;#&gt;  minutes ago",not_scam
"Last Chance! Claim ur £150 worth of discount vouchers today! Text SHOP to 85023 now! SavaMob, offers mobile! T Cs SavaMob POBOX84, M263UZ. £3.00 Sub. 16",scam
Appt is at &lt;TIME&gt; am. Not my fault u don't listen. I told u twice,not_scam
FREE for 1st week! No1 Nokia tone 4 ur mobile every week just txt NOKIA to 8077 Get txting and tell ur mates. www.getzed.co.uk POBox 36504 W45WQ 16+ norm150p/tone,scam
You have won a guaranteed £200 award or even £1000 cashto claim UR award call free on 08000407165 (18+) 2 stop getstop on 88222 PHP. RG21 4JX,scam
K I'll be there before 4.,not_scam
I dled 3d its very imp,not_scam
"sure, but make sure he knows we ain't smokin yet",not_scam
Boooo you always work. Just quit.,not_scam
I am taking half day leave bec i am not well,not_scam
Ugh I don't wanna get out of bed. It's so warm.,not_scam
S:)s.nervous  &lt;#&gt; :),not_scam
So there's a ring that comes with the guys costumes. It's there so they can gift their future yowifes. Hint hint,not_scam
Congratulations ur awarded either £500 of CD gift vouchers & Free entry 2 our £100 weekly draw txt MUSIC to 87066 TnCs www.Ldew.com1win150ppmx3age16,scam
I borrow ur bag ok.,not_scam
"U were outbid by simonwatson5120 on the Shinco DVD Plyr. 2 bid again, visit sms. ac/smsrewards 2 end bid notifications, reply END OUT",scam
Where's my boytoy? I miss you ... What happened?,not_scam
"He has lots of used ones babe, but the model doesn't help. Youi have to bring it over and he'll match it up",not_scam
Also are you bringing galileo or dobby,not_scam
Then why you not responding,not_scam
"""BOO BABE! U ENJOYIN YOURJOB? U SEEMED 2 B GETTIN ON WELL HUNNY!HOPE URE OK?TAKE CARE & ILLSPEAK 2U SOONLOTS OF LOVEME XXXX.""",not_scam
Good afternoon starshine! How's my boytoy? Does he crave me yet? Ache to fuck me ? *sips cappuccino* I miss you babe *teasing kiss*,not_scam
On the road so cant txt,not_scam
"SMSSERVICES. for yourinclusive text credits, pls goto www.comuk.net login= 3qxj9 unsubscribe with STOP, no extra charge. help 08702840625.COMUK. 220-CM2 9AE",scam
25p 4 alfie Moon's Children in need song on ur mob. Tell ur m8s. Txt Tone charity to 8007 for Nokias or Poly charity for polys: zed 08701417012 profit 2 charity.,scam
Have a good evening! Ttyl,not_scam
Hmm .. Bits and pieces lol ... *sighs* ...,not_scam
Hahaha..use your brain dear,not_scam
Hey. You got any mail?,not_scam
"Sorry light turned green, I meant another friend wanted  &lt;#&gt;  worth but he may not be around",not_scam
Thanks for yesterday sir. You have been wonderful. Hope you enjoyed the burial. MojiBiola,not_scam
U have a secret admirer. REVEAL who thinks U R So special. Call 09065174042. To opt out Reply REVEAL STOP. 1.50 per msg recd. Cust care 07821230901,scam
Hi mate its RV did u hav a nice hol just a message 3 say hello coz havent sent u 1 in ages started driving so stay off roads!RVx,not_scam
"Dear Voucher Holder, To claim this weeks offer, at you PC please go to http://www.e-tlp.co.uk/expressoffer Ts&Cs apply. To stop texts, txt STOP to 80062",scam
"Thank you so much. When we skyped wit kz and sura, we didnt get the pleasure of your company. Hope you are good. We've given you ultimatum oh! We are countin down to aburo. Enjoy! This is the message i sent days ago",not_scam
Surely result will offer:),not_scam
Good Morning my Dear........... Have a great &amp; successful day.,not_scam
Do you want 750 anytime any network mins 150 text and a NEW VIDEO phone for only five pounds per week call 08002888812 or reply for delivery tomorrow,scam
"Sir, I have been late in paying rent for the past few months and had to pay a $ &lt;#&gt;  charge. I felt it would be inconsiderate of me to nag about something you give at great cost to yourself and that's why i didnt speak up. I however am in a recession and wont be able to pay the charge this month hence my askin well ahead of month's end. Can you please help. Thanks",not_scam
We tried to contact you re our offer of New Video Phone 750 anytime any network mins HALF PRICE Rental camcorder call 08000930705 or reply for delivery Wed,scam
Last chance 2 claim ur £150 worth of discount vouchers-Text YES to 85023 now!SavaMob-member offers mobile T Cs 08717898035. £3.00 Sub. 16 . Remove txt X or STOP,scam
I luv u soo much u dont understand how special u r 2 me ring u 2morrow luv u xxx,not_scam
"Pls send me a comprehensive mail about who i'm paying, when and how much.",not_scam
Our Prashanthettan's mother passed away last night. pray for her and family.,not_scam
"Urgent! call 09066350750 from your landline. Your complimentary 4* Ibiza Holiday or 10,000 cash await collection SAE T&Cs PO BOX 434 SK3 8WP 150 ppm 18+",scam
K.k:)when are you going?,not_scam
Meanwhile in the shit suite: xavier decided to give us  &lt;#&gt;  seconds of warning that samantha was coming over and is playing jay's guitar to impress her or some shit. Also I don't think doug realizes I don't live here anymore,not_scam
My stomach has been thru so much trauma I swear I just can't eat. I better lose weight.,not_scam
I am in office:)whats the matter..msg me now.i will call you at break:).,not_scam
"Yeah there's barely enough room for the two of us, x has too many fucking shoes. Sorry man, see you later",not_scam
"Today's Offer! Claim ur £150 worth of discount vouchers! Text YES to 85023 now! SavaMob, member offers mobile! T Cs 08717898035. £3.00 Sub. 16 . Unsub reply X",scam
U reach orchard already? U wan 2 go buy tickets first?,not_scam
"I am real, baby! I want to bring out your inner tigress...",not_scam
No da if you run that it activate the full version da.,not_scam
"""AH POOR BABY!HOPE URFEELING BETTERSN LUV! PROBTHAT OVERDOSE OF WORK HEY GO CAREFUL SPK 2 U SN LOTS OF LOVEJEN XXX.""",not_scam
Stop the story. I've told him i've returned it and he's saying i should not re order it.,not_scam
Talk sexy!! Make new friends or fall in love in the worlds most discreet text dating service. Just text VIP to 83110 and see who you could meet.,scam
Going to take your babe out ?,not_scam
Hai ana tomarrow am coming on morning.  &lt;DECIMAL&gt;  ill be there in sathy then we ll go to RTO office. Reply me after came to home.,not_scam
Spoons it is then okay?,not_scam
Did he just say somebody is named tampa,not_scam
In work now. Going have in few min.,not_scam
Your brother is a genius,not_scam
"Sorry, I guess whenever I can get a hold of my connections, maybe an hour or two? I'll text you",not_scam
Did u find out what time the bus is at coz i need to sort some stuff out.,not_scam
Dude ive been seeing a lotta corvettes lately,not_scam
Congratulations ur awarded either a yrs supply of CDs from Virgin Records or a Mystery Gift GUARANTEED Call 09061104283 Ts&Cs www.smsco.net £1.50pm approx 3mins,scam
"Same here, but I consider walls and bunkers and shit important just because I never play on peaceful but I guess your place is high enough that it don't matter",not_scam
PRIVATE! Your 2003 Account Statement for 07808 XXXXXX shows 800 un-redeemed S. I. M. points. Call 08719899217 Identifier Code: 41685 Expires 07/11/04,scam
Hello. We need some posh birds and chaps to user trial prods for champneys. Can i put you down? I need your address and dob asap. Ta r,scam
What do U want for Xmas? How about 100 free text messages & a new video phone with half price line rental? Call free now on 0800 0721072 to find out more!,scam
"Well am officially in a philosophical hole, so if u wanna call am at home ready to be saved!",not_scam
Its going good...no problem..but still need little experience to understand american customer voice...,not_scam
I'll text you when I drop x off,not_scam
Ugh its been a long day. I'm exhausted. Just want to cuddle up and take a nap,not_scam
Talk With Yourself Atleast Once In A Day...!!! Otherwise You Will Miss Your Best FRIEND In This WORLD...!!! -Shakespeare- SHESIL  &lt;#&gt;,not_scam
"Shop till u Drop, IS IT YOU, either 10K, 5K, £500 Cash or £100 Travel voucher, Call now, 09064011000. NTT PO Box CR01327BT fixedline Cost 150ppm mobile vary",scam
Are you in castor? You need to see something,not_scam
Sunshine Quiz Wkly Q! Win a top Sony DVD player if u know which country Liverpool played in mid week? Txt ansr to 82277. £1.50 SP:Tyrone,scam
U have a secret admirer who is looking 2 make contact with U-find out who they R*reveal who thinks UR so special-call on 09058094565,scam
U have a Secret Admirer who is looking 2 make contact with U-find out who they R*reveal who thinks UR so special-call on 09065171142-stopsms-08,scam
Reminder: You have not downloaded the content you have already paid for. Goto http://doit. mymoby. tv/ to collect your content.,scam
"see, i knew giving you a break a few times woul lead to you always wanting to miss curfew. I was gonna gibe you 'til one, but a MIDNIGHT movie is not gonna get out til after 2. You need to come home. You need to getsleep and, if anything, you need to b studdying ear training.",not_scam
I love to give massages. I use lots of baby oil... What is your fave position?,not_scam
Dude we should go sup again,not_scam
Yoyyooo u know how to change permissions for a drive in mac. My usb flash drive,not_scam
Gibbs unsold.mike hussey,not_scam
I like to talk pa but am not able to. I dont know y.,not_scam
Y dun cut too short leh. U dun like ah? She failed. She's quite sad.,not_scam
You unbelievable faglord,not_scam
Wife.how she knew the time of murder exactly,not_scam
Why do you ask princess?,not_scam
I am great princess! What are you thinking about me? :),not_scam
Nutter. Cutter. Ctter. Cttergg. Cttargg. Ctargg. Ctagg. ie you,not_scam
It's ok i noe u're busy but i'm really too bored so i msg u. I oso dunno wat colour she choose 4 me one.,not_scam
Doesn't g have class early tomorrow and thus shouldn't be trying to smoke at  &lt;#&gt;,not_scam
"Superb Thought- ""Be grateful that u dont have everything u want. That means u still have an opportunity to be happier tomorrow than u are today."":-)",not_scam
Hope you are having a good week. Just checking in,not_scam
"I'm used to it. I just hope my agents don't drop me since i've only booked a few things this year. This whole me in boston, them in nyc was an experiment.",not_scam
"Thursday night? Yeah, sure thing, we'll work it out then",not_scam
"Your free ringtone is waiting to be collected. Simply text the password ""MIX"" to 85069 to verify. Get Usher and Britney. FML, PO Box 5249, MK17 92H. 450Ppw 16",scam
Probably money worries. Things are coming due and i have several outstanding invoices for work i did two and three months ago.,not_scam
How is it possible to teach you. And where.,not_scam
"I wonder if your phone battery went dead ? I had to tell you, I love you babe",not_scam
Lovely smell on this bus and it ain't tobacco...,not_scam
"We're all getting worried over here, derek and taylor have already assumed the worst",not_scam
Hey what's up charles sorry about the late reply.,not_scam
"all the lastest from Stereophonics, Marley, Dizzee Racal, Libertines and The Strokes! Win Nookii games with Flirt!! Click TheMob WAP Bookmark or text WAP to 82468",scam
I.ll give her once i have it. Plus she said grinule greet you whenever we speak,not_scam
WHITE FUDGE OREOS ARE IN STORES,not_scam
"January Male Sale! Hot Gay chat now cheaper, call 08709222922. National rate from 1.5p/min cheap to 7.8p/min peak! To stop texts call 08712460324 (10p/min)",scam
My love ! How come it took you so long to leave for Zaher's? I got your words on ym and was happy to see them but was sad you had left. I miss you,not_scam
I am sorry it hurt you.,not_scam
Can't. I feel nauseous. I'm so pissed. I didn't eat any sweets all week cause today I was planning to pig out. I was dieting all week. And now I'm not hungry :/,not_scam
Ok lor but not too early. Me still having project meeting now.,not_scam
"Call me da, i am waiting for your call.",not_scam
I could ask carlos if we could get more if anybody else can chip in,not_scam
Was actually about to send you a reminder today. Have a wonderful weekend,not_scam
"When people see my msgs, They think Iam addicted to msging... They are wrong, Bcoz They don\'t know that Iam addicted to my sweet Friends..!! BSLVYL",not_scam
Hey you gave them your photo when you registered for driving ah? Tmr wanna meet at yck?,not_scam
Dont talk to him ever ok its my word.,not_scam
When u wana see it then,not_scam
On ma way to school. Can you pls send me ashley's number,not_scam
It shall be fine. I have avalarr now. Will hollalater,not_scam
She went to attend another two rounds today..but still did't reach home..,not_scam
Actually i deleted my old website..now i m blogging at magicalsongs.blogspot.com,not_scam
"K, wait chikku..il send aftr  &lt;#&gt; mins",not_scam
But I'm on a diet. And I ate 1 too many slices of pizza yesterday. Ugh I'm ALWAYS on a diet.,not_scam
K:)i will give my kvb acc details:),not_scam
Oh all have to come ah?,not_scam
money!!! you r a lucky winner ! 2 claim your prize text money 2 88600 over £1million to give away ! ppt150x3+normal text rate box403 w1t1jy,scam
I'm really sorry i won't b able 2 do this friday.hope u can find an alternative.hope yr term's going ok:-),not_scam
Congratulations ore mo owo re wa. Enjoy it and i wish you many happy moments to and fro wherever you go,not_scam
So do you have samus shoulders yet,not_scam
What time you think you'll have it? Need to know when I should be near campus,not_scam
"Dear Matthew please call 09063440451 from a landline, your complimentary 4*Lux Tenerife holiday or £1000 CASH await collection. ppm150 SAE T&Cs Box334 SK38XH.",scam
Then dun wear jeans lor...,not_scam
"Since when, which side, any fever, any vomitin.",not_scam
K:)k.are you in college?,not_scam
"Urgent! call 09061749602 from Landline. Your complimentary 4* Tenerife Holiday or £10,000 cash await collection SAE T&Cs BOX 528 HP20 1YF 150ppm 18+",scam
Better. Made up for Friday and stuffed myself like a pig yesterday. Now I feel bleh. But at least its not writhing pain kind of bleh.,not_scam
No we sell it all so we'll have tons if coins. Then sell our coins to someone thru paypal. Voila! Money back in life pockets:),not_scam
Theyre doing it to lots of places. Only hospitals and medical places are safe.,not_scam
How about getting in touch with folks waiting for company? Just txt back your NAME and AGE to opt in! Enjoy the community (150p/SMS),scam
And also I've sorta blown him off a couple times recently so id rather not text him out of the blue looking for weed,not_scam
"I sent my scores to sophas and i had to do secondary application for a few schools. I think if you are thinking of applying, do a research on cost also. Contact joke ogunrinde, her school is one me the less expensive ones",not_scam
I cant wait to see you! How were the photos were useful? :),not_scam
Ur cash-balance is currently 500 pounds - to maximize ur cash-in now send GO to 86688 only 150p/msg. CC: 08718720201 PO BOX 114/14 TCR/W1,scam
Hey i booked the kb on sat already... what other lessons are we going for ah? Keep your sat night free we need to meet and confirm our lodging,not_scam
Chk in ur belovd ms dict,not_scam
Is that what time you want me to come?,not_scam
"Awesome, lemme know whenever you're around",not_scam
Shb b ok lor... Thanx...,not_scam
"Beautiful Truth against Gravity.. Read carefully: ""Our heart feels light when someone is in it.. But it feels very heavy when someone leaves it.."" GOOD NIGHT",not_scam
Also remember to get dobby's bowl from your car,not_scam
Filthy stories and GIRLS waiting for your,scam
Sorry i now then c ur msg... Yar lor so poor thing... But only 4 one night... Tmr u'll have a brand new room 2 sleep in...,not_scam
"Love isn't a decision, it's a feeling. If we could decide who to love, then, life would be much simpler, but then less magical",not_scam
Welp apparently he retired,not_scam
My sort code is  and acc no is . The bank is natwest. Can you reply to confirm i've sent this to the right person!,not_scam
Where @,not_scam
U sure u can't take any sick time?,not_scam
URGENT! We are trying to contact U. Todays draw shows that you have won a £800 prize GUARANTEED. Call 09050001808 from land line. Claim M95. Valid12hrs only,scam
"Watching cartoon, listening music &amp; at eve had to go temple &amp; church.. What about u?",not_scam
Yo chad which gymnastics class do you wanna take? The site says Christians class is full..,not_scam
Are you this much buzy,not_scam
Or better still can you catch her and let ask her if she can sell  &lt;#&gt;  for me.,not_scam
I am not sure about night menu. . . I know only about noon menu,not_scam
What do u want when i come back?.a beautiful necklace as a token of my heart for you.thats what i will give but ONLY to MY WIFE OF MY LIKING.BE THAT AND SEE..NO ONE can give you that.dont call me.i will wait till i come.,not_scam
Are you willing to go for aptitude class.,not_scam
"It wont b until 2.15 as trying 2 sort house out, is that ok?",not_scam
"Yar lor he wan 2 go c horse racing today mah, so eat earlier lor. I ate chicken rice. U?",not_scam
"Haha awesome, omw back now then",not_scam
Yup i thk so until e shop closes lor.,not_scam
what is your account number?,not_scam
Eh u send wrongly lar...,not_scam
Hey no I ad a crap nite was borin without ya 2 boggy with me u boring biatch! Thanx but u wait til nxt time il ave ya,not_scam
Ok i shall talk to him,not_scam
Dont hesitate. You know this is the second time she has had weakness like that. So keep i notebook of what she eat and did the day before or if anything changed the day before so that we can be sure its nothing,not_scam
Hey you can pay. With salary de. Only  &lt;#&gt; .,not_scam
Another month. I need chocolate weed and alcohol.,not_scam
If he started searching he will get job in few days.he have great potential and talent.,not_scam
Reckon need to be in town by eightish to walk from * carpark.,not_scam
"Congrats! 2 mobile 3G Videophones R yours. call 09063458130 now! videochat wid your mates, play java games, Dload polyPH music, noline rentl.",scam
LOOK AT THE FUCKIN TIME. WHAT THE FUCK YOU THINK IS UP,not_scam
Yo guess what I just dropped,not_scam
Carlos says he'll be at mu in  &lt;#&gt;  minutes,not_scam
I'm in office now . I will call you  &lt;#&gt;  min:),not_scam
"Geeee ... I miss you already, you know ? Your all I can think about. Fuck, I can't wait till next year when we will be together ... *loving kiss*",not_scam
"Yun ah.the ubi one say if ü wan call by tomorrow.call 67441233 look for irene.ere only got bus8,22,65,61,66,382. Ubi cres,ubi tech park.6ph for 1st 5wkg days.èn",not_scam
Ugh. Gotta drive back to sd from la. My butt is sore.,not_scam
26th OF JULY,not_scam
Hi im having the most relaxing time ever! we have to get up at 7am every day! was the party good the other night? I get home tomorrow at 5ish.,not_scam
Up to ü... Ü wan come then come lor... But i din c any stripes skirt...,not_scam
The Xmas story is peace.. The Xmas msg is love.. The Xmas miracle is jesus.. Hav a blessed month ahead &amp; wish U Merry Xmas...,not_scam
"I can't, I don't have her number!",not_scam
Change again... It's e one next to escalator...,not_scam
Yetunde i'm in class can you not run water on it to make it ok. Pls now.,not_scam
Not a lot has happened here. Feels very quiet. Beth is at her aunts and charlie is working lots. Just me and helen in at the mo. How have you been?,not_scam
Then ü wait 4 me at bus stop aft ur lect lar. If i dun c ü then i go get my car then come back n pick ü.,not_scam
"Aight will do, thanks again for comin out",not_scam
No..but heard abt tat..,not_scam
Please call our customer service representative on FREEPHONE 0808 145 4742 between 9am-11pm as you have WON a guaranteed £1000 cash or £5000 prize!,scam
Yes..he is really great..bhaji told kallis best cricketer after sachin in world:).very tough to get out.,not_scam
&lt;#&gt;  am I think? Should say on syllabus,not_scam
Umma. Did she say anything,not_scam
Give me a sec to think think about it,not_scam
Panasonic & BluetoothHdset FREE. Nokia FREE. Motorola FREE & DoubleMins & DoubleTxt on Orange contract. Call MobileUpd8 on 08000839402 or call 2optout,scam
I don't quite know what to do. I still can't get hold of anyone. I cud pick you up bout 7.30pm and we can see if they're in the pub?,not_scam
"Poyyarikatur,kolathupalayam,unjalur post,erode dis, &lt;#&gt; .",not_scam
"Dear Hero,i am leaving to qatar tonite for an apt opportunity.pls do keep in touch at  &lt;EMAIL&gt; ,kerala",not_scam
Lol I would but my mom would have a fit and tell the whole family how crazy and terrible I am,not_scam
"I just got home babe, are you still awake ?",not_scam
I dunno they close oredi not... Ü v ma fan...,not_scam
Just buy a pizza. Meat lovers or supreme. U get to pick.,not_scam
"Ya, told..she was asking wats matter?",not_scam
"Dear,regret i cudnt pick call.drove down frm ctla now at cochin home.left mobile in car..ente style ishtamayoo?happy bakrid!",not_scam
FREE for 1st week! No1 Nokia tone 4 ur mob every week just txt NOKIA to 8007 Get txting and tell ur mates www.getzed.co.uk POBox 36504 W45WQ norm150p/tone 16+,scam
Shall i send that exe to your mail id.,not_scam
Nope watching tv at home... Not going out. V bored...,not_scam
Don know..wait i will check it.,not_scam
"Good afternoon on this glorious anniversary day, my sweet J !! I hope this finds you happy and content, my Prey. I think of you and send a teasing kiss from across the sea coaxing images of fond souveniers ... You Cougar-Pen",not_scam
Guess what! Somebody you know secretly fancies you! Wanna find out who it is? Give us a call on 09065394514 From Landline DATEBox1282EssexCM61XN 150p/min 18,scam
We still on for tonight?,not_scam
May i call You later Pls,not_scam
Hasn't that been the pattern recently crap weekends?,not_scam
I have a sore throat. It's scratches when I talk,not_scam
Yes da. Any plm at ur office,not_scam
Are you not around or just still asleep? :V,not_scam
"Lol you forgot it eh ? Yes, I'll bring it in babe",not_scam
"Its good, we'll find a way",not_scam
Can not use foreign stamps in this country. Good lecture .,not_scam
Yup bathe liao...,not_scam
HAPPY NEW YEAR MY NO.1 MAN,not_scam
"OH MR SHEFFIELD! You wanna play THAT game, okay. You're the boss and I'm the nanny. You give me a raise and I'll give YOU one!!",not_scam
ZOE IT JUST HIT ME 2 IM FUCKING SHITIN MYSELF IL DEFO TRY MY HARDEST 2 CUM 2MOROW LUV U MILLIONS LEKDOG,not_scam
"Hello baby, did you get back to your mom's ? Are you setting up the computer now ? Filling your belly ? How goes it loverboy ? I miss you already ... *sighs*",not_scam
"No my blankets are sufficient, thx",not_scam
"naughty little thought: 'its better to flirt, flirt n flirt, rather than loving someone n gettin hurt, hurt n hurt...:-) Gud nyt",not_scam
"Edison has rightly said, ""A fool can ask more questions than a wise man can answer"" Now you know why all of us are speechless during ViVa.. GM,GN,GE,GNT:-)",not_scam
They just talking thats it de. They wont any other.,not_scam
Today am going to college so am not able to atten the class.,not_scam
I'm in class. Will holla later,not_scam
Easy ah?sen got selected means its good..,not_scam
Mmm thats better now i got a roast down me! id b better if i had a few drinks down me 2! Good indian?,not_scam
"We know someone who you know that fancies you. Call 09058097218 to find out who. POBox 6, LS15HB 150p",scam
"Come round, it's .",not_scam
"Do 1 thing! Change that sentence into: ""Because i want 2 concentrate in my educational career im leaving here..""",not_scam
"1000's flirting NOW! Txt GIRL or BLOKE & ur NAME & AGE, eg GIRL ZOE 18 to 8007 to join and get chatting!",scam
I walked an hour 2 c u! doesnt that show I care y wont u believe im serious?,not_scam
18 days to Euro2004 kickoff! U will be kept informed of all the latest news and results daily. Unsubscribe send GET EURO STOP to 83222.,scam
Are you available for soiree on June 3rd?,not_scam
Do u noe wat time e place dat sells 4d closes?,not_scam
"I got another job! The one at the hospital doing data analysis or something, starts on monday! Not sure when my thesis will got finished",not_scam
Jay's getting really impatient and belligerent,not_scam
HIYA COMIN 2 BRISTOL 1 ST WEEK IN APRIL. LES GOT OFF + RUDI ON NEW YRS EVE BUT I WAS SNORING.THEY WERE DRUNK! U BAK AT COLLEGE YET? MY WORK SENDS INK 2 BATH.,not_scam
I'm at work. Please call,not_scam
Then u drive lor.,not_scam
Ard 515 like dat. Y?,not_scam
Tell me they're female :V how're you throwing in? We're deciding what all to get now,not_scam
EASTENDERS TV Quiz. What FLOWER does DOT compare herself to? D= VIOLET E= TULIP F= LILY txt D E or F to 84025 NOW 4 chance 2 WIN £100 Cash WKENT/150P16+,scam
I'm working technical support :)voice process.networking field.,not_scam
I might come to kerala for 2 days.so you can be prepared to take a leave once i finalise .dont plan any travel during my visit.need to finish urgent works.,not_scam
Ok. Not sure what time tho as not sure if can get to library before class. Will try. See you at some point! Have good eve.,not_scam
We have new local dates in your area - Lots of new people registered in YOUR AREA. Reply DATE to start now! 18 only www.flirtparty.us REPLYS150,scam
"That's fine, I'll bitch at you about it later then",not_scam
No my mum went 2 dentist.,not_scam
Once free call me sir. I am waiting for you.,not_scam
Meeting u is my work. . . Tel me when shall i do my work tomorrow,not_scam
Someone U know has asked our dating service 2 contact you! Cant Guess who? CALL 09058091854 NOW all will be revealed. PO BOX385 M6 6WU,scam
Jus finish bathing...,not_scam
"alright, I'll make sure the car is back tonight",not_scam
URGENT! We are trying to contact U. Todays draw shows that you have won a £800 prize GUARANTEED. Call 09050003091 from land line. Claim C52. Valid12hrs only,scam
Dear U've been invited to XCHAT. This is our final attempt to contact u! Txt CHAT to 86688,scam
Lul im gettin some juicy gossip at the hospital. Two nurses are talking about how fat they are gettin. And one thinks shes obese. Oyea.,not_scam
Aight ill get on fb in a couple minutes,not_scam
Oi. Ami parchi na re. Kicchu kaaj korte iccha korche na. Phone ta tul na. Plz. Plz.,not_scam
Where can download clear movies. Dvd copies.,not_scam
"Yep, by the pretty sculpture",not_scam
Convey my regards to him,not_scam
Me too watching surya movie only. . .after 6 pm vijay movie POKKIRI,not_scam
You tell what happen dont behave like this to me. Ok no need to say,not_scam
Can u get pic msgs to your phone?,not_scam
Send to someone else :-),not_scam
Wat makes some people dearer is not just de happiness dat u feel when u meet them but de pain u feel when u miss dem!!!,not_scam
For me the love should start with attraction.i should feel that I need her every time around me.she should be the first thing which comes in my thoughts.I would start the day and end it with her.she should be there every time I dream.love will be then when my every breath has her name.my life should happen around her.my life will be named to her.I would cry for her.will give all my happiness and take all her sorrows.I will be ready to fight with anyone for her.I will be in love when I will be doing the craziest things for her.love will be when I don't have to proove anyone that my girl is the most beautiful lady on the whole planet.I will always be singing praises for her.love will be when I start up making chicken curry and end up makiing sambar.life will be the most beautiful then.will get every morning and thank god for the day because she is with me.I would like to say a lot..will tell later..,not_scam
"FR'NDSHIP is like a needle of a clock. Though V r in d same clock, V r nt able 2 met. Evn if V meet,itz only 4few seconds. Bt V alwys stay conected. Gud 9t;-)",not_scam
I don't think he has spatula hands!,not_scam
You can never do NOTHING,not_scam
You are awarded a SiPix Digital Camera! call 09061221061 from landline. Delivery within 28days. T Cs Box177. M221BP. 2yr warranty. 150ppm. 16 . p p£3.99,scam
Goodmorning today i am late for  &lt;DECIMAL&gt; min.,not_scam
WIN URGENT! Your mobile number has been awarded with a £2000 prize GUARANTEED call 09061790121 from land line. claim 3030 valid 12hrs only 150ppm,scam
Please da call me any mistake from my side sorry da. Pls da goto doctor.,not_scam
Where r we meeting?,not_scam
"Well the weather in cali's great. But its complexities are great. You need a car to move freely, its taxes are outrageous. But all in all its a great place. The sad part is i missing home.",not_scam
Now only i reached home. . . I am very tired now. . I will come tomorro,not_scam
Ryder unsold.now gibbs.,not_scam
Dear Subscriber ur draw 4 £100 gift voucher will b entered on receipt of a correct ans. When was Elvis Presleys Birthday? TXT answer to 80062,scam
Don't fret. I'll buy the ovulation test strips and send them to you. You wont get them til like march. Can you send me your postal address.u'll be alright.Okay.,not_scam
NO GIFTS!! You trying to get me to throw myself off a cliff or something?,not_scam
Been up to ne thing interesting. Did you have a good birthday? When are u wrking nxt? I started uni today.,not_scam
You busy or can I come by at some point and figure out what we're doing tomorrow,not_scam
"Yeah go on then, bored and depressed sittin waitin for phone to ring... Hope the wind drops though, scary",not_scam
Black shirt n blue jeans... I thk i c ü...,not_scam
Aiyah sorry lor... I watch tv watch until i forgot 2 check my phone.,not_scam
Message Important information for O2 user. Today is your lucky day! 2 find out why log onto http://www.urawinner.com there is a fantastic surprise awaiting you,scam
on hen night. Going with a swing,not_scam
"Good afternoon, my love. How goes your day ? What are you up to ? I woke early and am online waiting for you ... Hmmm ... Italian boy is online I see . *grins*",not_scam
From someone not to smoke when every time I've smoked in the last two weeks is because of you calling or texting me that you wanted to smoke,not_scam
No you'll just get a headache trying to figure it out. U can trust me to do the math. I promise. O:-),not_scam
S s..first time..dhoni rocks...,not_scam
Ok ill tell the company,not_scam
"Awesome, think we can get an 8th at usf some time tonight?",not_scam
So that means you still think of teju,not_scam
"No I'm good for the movie, is it ok if I leave in an hourish?",not_scam
No no:)this is kallis home ground.amla home town is durban:),not_scam
So lets make it saturday or monday as per convenience.,not_scam
Hey... What time is your driving on fri? We go for evaluation on fri?,not_scam
"449050000301 You have won a £2,000 price! To claim, call 09050000301.",scam
I'm going 4 lunch now wif my family then aft dat i go str 2 orchard lor.,not_scam
"Bored of speed dating? Try SPEEDCHAT, txt SPEEDCHAT to 80155, if you don't like em txt SWAP and get a new chatter! Chat80155 POBox36504W45WQ 150p/msg rcd 16",scam
Cancel cheyyamo?and get some money back?,not_scam
Do you want 750 anytime any network mins 150 text and a NEW video phone for only five pounds per week call 08000776320 now or reply for delivery Tomorrow,scam
Ok.ok ok..then..whats ur todays plan,not_scam
Good morning princess! How are you?,not_scam
Aiyar sorry lor forgot 2 tell u...,not_scam
For taking part in our mobile survey yesterday! You can now have 500 texts 2 use however you wish. 2 get txts just send TXT to 80160 T&C www.txt43.com 1.50p,scam
Not tonight mate. Catching up on some sleep. This is my new number by the way.,not_scam
"Height of ""Oh shit....!!"" situation: A guy throws a luv letter on a gal but falls on her brothers head whos a gay,.;-):-D",not_scam
Ur HMV Quiz cash-balance is currently £500 - to maximize ur cash-in now send HMV1 to 86688 only 150p/msg,scam
"So check your errors and if you had difficulties, do correction.",not_scam
Howz pain?hope u r fine..,not_scam
"Sorry, I'll call later",not_scam
Good morning princess! How are you?,not_scam
"As I entered my cabin my PA said, '' Happy B'day Boss !!''. I felt special. She askd me 4 lunch. After lunch she invited me to her apartment. We went there.",not_scam
U wake up already? Thanx 4 e tau sar piah it's quite nice.,not_scam
K do I need a login or anything,not_scam
Dont forget you can place as many FREE Requests with 1stchoice.co.uk as you wish. For more Information call 08707808226.,scam
LOL ... No just was busy,not_scam
What * u wearing?,not_scam
Message:some text missing* Sender:Name Missing* *Number Missing *Sent:Date missing *Missing U a lot thats y everything is missing sent via fullonsms.com,not_scam
Oh:)as usual vijay film or its different?,not_scam
I don't know u and u don't know me. Send CHAT to 86688 now and let's find each other! Only 150p/Msg rcvd. HG/Suite342/2Lands/Row/W1J6HL LDN. 18 years or over.,scam
Have you had a good day? Mine was really busy are you up to much tomorrow night?,not_scam
And is there a way you can send shade's stuff to her. And she has been wonderful too.,not_scam
Really... I tot ur paper ended long ago... But wat u copied jus now got use? U happy lar... I still haf 2 study :-(,not_scam
"Thank you, winner notified by sms. Good Luck! No future marketing reply STOP to 84122 customer services 08450542832",scam
Babe ? I lost you ... :-(,not_scam
Ok... Help me ask if she's working tmr a not?,not_scam
I'm not driving... Raining! Then i'll get caught at e mrt station lor.,not_scam
Not a drop in the tank,not_scam
(That said can you text him one more time?),not_scam
"Sorry, I'll call later",not_scam
Ok i go change also...,not_scam
1000's of girls many local 2 u who r virgins 2 this & r ready 2 4fil ur every sexual need. Can u 4fil theirs? text CUTE to 69911(£1.50p. m),scam
Did u find a sitter for kaitlyn? I was sick and slept all day yesterday.,not_scam
"Sorry man, accidentally left my phone on silent last night and didn't check it til I got up",not_scam
Hey.. Something came up last min.. Think i wun be signing up tmr.. Hee,not_scam
He's an adult and would learn from the experience. There's no real danger. I just dont like peeps using drugs they dont need. But no comment,not_scam
Hey! There's veggie pizza... :/,not_scam
Yun buying... But school got offer 2000 plus only...,not_scam
You sure your neighbors didnt pick it up,not_scam
K. I will sent it again,not_scam
Free entry in 2 a wkly comp to win FA Cup final tkts 21st May 2005. Text FA to 87121 to receive entry question(std txt rate)T&C's apply 08452810075over18's,scam
"New Theory: Argument wins d SITUATION, but loses the PERSON. So dont argue with ur friends just.. . . . kick them &amp; say, I'm always correct.!",not_scam
Well. Im computerless. Time to make some oreo truffles,not_scam
"Haha yeah I see that now, be there in a sec",not_scam
I am not having her number sir,not_scam
Lol now I'm after that hot air balloon!,not_scam
Ok . . now i am in bus. . If i come soon i will come otherwise tomorrow,not_scam
Msgs r not time pass.They silently say that I am thinking of U right now and also making U think of me at least 4 a moment. Gd nt.swt drms @Shesil,not_scam
"Yeah, we can probably swing by once my roommate finishes up with his girl",not_scam
"Got what it takes 2 take part in the WRC Rally in Oz? U can with Lucozade Energy! Text RALLY LE to 61200 (25p), see packs or lucozade.co.uk/wrc & itcould be u!",scam
Happy new years melody!,not_scam
Ü dun need to pick ur gf?,not_scam
Yay! You better not have told that to 5 other girls either.,not_scam
Horrible u eat macs eat until u forgot abt me already rite... U take so long 2 reply. I thk it's more toot than b4 so b prepared. Now wat shall i eat?,not_scam
"Did he say how fantastic I am by any chance, or anything need a bigger life lift as losing the will 2 live, do you think I would be the first person 2 die from N V Q?",not_scam
Just nw i came to hme da..,not_scam
"I'm outside islands, head towards hard rock and you'll run into me",not_scam
To day class is there are no class.,not_scam
I'm in chennai velachery:),not_scam
You flippin your shit yet?,not_scam
"K give me a sec, breaking a  &lt;#&gt;  at cstore",not_scam
Am i that much bad to avoid like this?,not_scam
"Yo, you around? Just got my car back",not_scam
Annoying isn't it.,not_scam
"Goodmorning, Today i am late for  &lt;#&gt; min.",not_scam
There's no point hangin on to mr not right if he's not makin u happy,not_scam
All will come alive.better correct any good looking figure there itself..,not_scam
In that case I guess I'll see you at campus lodge,not_scam
We're done...,not_scam
Come to my home for one last time i wont do anything. Trust me.,not_scam
I was up all night too worrying about this appt. It's a shame we missed a girls night out with quizzes popcorn and you doing my hair.,not_scam
Sex up ur mobile with a FREE sexy pic of Jordan! Just text BABE to 88600. Then every wk get a sexy celeb! PocketBabe.co.uk 4 more pics. 16 £3/wk 087016248,scam
Ok... C ya...,not_scam
You have 1 new voicemail. Please call 08719181503,scam
What he said is not the matter. My mind saying some other matter is there.,not_scam
He also knows about lunch menu only da. . I know,not_scam
"Al he does is moan at me if n e thin goes wrong its my fault&al de arguments r my fault&fed up of him of himso y bother? Hav 2go, thanx.xx",not_scam
NEFT Transaction with reference number  &lt;#&gt;  for Rs. &lt;DECIMAL&gt;  has been credited to the beneficiary account on  &lt;#&gt;  at  &lt;TIME&gt; : &lt;#&gt;,not_scam
Otherwise had part time job na-tuition..,not_scam
I know she called me,not_scam
"Me also da, i feel yesterday night  wait til 2day night dear.",not_scam
Thanks for understanding. I've been trying to tell sura that.,not_scam
WIN a year supply of CDs 4 a store of ur choice worth £500 & enter our £100 Weekly draw txt MUSIC to 87066 Ts&Cs www.Ldew.com.subs16+1win150ppmx3,scam
The whole car appreciated the last two! Dad and are having a map reading semi argument but apart from that things are going ok. P.,not_scam
"As a SIM subscriber, you are selected to receive a Bonus! Get it delivered to your door, Txt the word OK to No: 88600 to claim. 150p/msg, EXP. 30Apr",scam
I need you to be in my strong arms...,not_scam
Also maaaan are you missing out,not_scam
His bday real is in april .,not_scam
Guessin you ain't gonna be here before 9?,not_scam
Ok then i will come to ur home after half an hour,not_scam
"Yo, the game almost over? Want to go to walmart soon",not_scam
"Yeah, probably but not sure. Ilol let u know, but personally I wuldnt bother, then again if ur goin to then I mite as well!!",not_scam
I'll text now! All creepy like so he won't think that we forgot,not_scam
"that would be good … I'll phone you tomo lunchtime, shall I, to organise something?",not_scam
You have 1 new voicemail. Please call 08719181513.,scam
"Damn, can you make it tonight or do you want to just wait til tomorrow",not_scam
K..k..i'm also fine:)when will you complete the course?,not_scam
"True. It is passable. And if you get a high score and apply for phd, you get 5years of salary. So it makes life easier.",not_scam
No. 1 Nokia Tone 4 ur mob every week! Just txt NOK to 87021. 1st Tone FREE ! so get txtin now and tell ur friends. 150p/tone. 16 reply HL 4info,scam
Prakesh is there know.,not_scam
Teach me apps da. When you come to college.,not_scam
Rofl betta invest in some  anti aging products,not_scam
You are a winner U have been specially selected 2 receive £1000 cash or a 4* holiday (flights inc) speak to a live operator 2 claim 0871277810810,scam
"sir, you will receive the account no another 1hr time. Sorry for the delay.",not_scam
Reply with your name and address and YOU WILL RECEIVE BY POST a weeks completely free accommodation at various global locations www.phb1.com ph:08700435505150p,scam
So ü'll be submitting da project tmr rite?,not_scam
FREE entry into our £250 weekly comp just send the word ENTER to 84128 NOW. 18 T&C www.textcomp.com cust care 08712405020.,scam
Jus ans me lar. U'll noe later.,not_scam
I want to send something that can sell fast.  &lt;#&gt; k is not easy money.,not_scam
have got * few things to do. may be in * pub later.,not_scam
1's finish meeting call me.,not_scam
Lol ok. I'll snatch her purse too.,not_scam
"""Hello-/@drivby-:0quit edrunk sorry iff pthis makes no senrd-dnot no how ^ dancce 2 drum n basq!ihave fun 2nhite x ros xxxxxxx""",not_scam
Your opinion about me? 1. Over 2. Jada 3. Kusruthi 4. Lovable 5. Silent 6. Spl character 7. Not matured 8. Stylish 9. Simple Pls reply..,not_scam
How much are we getting?,not_scam
Is ur paper in e morn or aft tmr?,not_scam
"Dear relieved of westonzoyland, all going to plan this end too!",not_scam
Hope you are having a great new semester. Do wish you the very best. You are made for greatness.,not_scam
Oh yes I can speak txt 2 u no! Hmm. Did u get  email?,not_scam
"I want to show you the world, princess :) how about europe?",not_scam
Nobody can decide where to eat and dad wants Chinese,not_scam
No shoot me. I'm in the docs waiting room. :/,not_scam
Now? I'm going out 4 dinner soon..,not_scam
Hello which the site to download songs its urgent pls,not_scam
"I do know what u mean,  is the king of not havin credit! I'm goin2bed now. Night night sweet! Only1more sleep!",not_scam
Horrible gal. Me in sch doing some stuff. How come u got mc?,not_scam
"HI HUN! IM NOT COMIN 2NITE-TELL EVERY1 IM SORRY 4 ME, HOPE U AVA GOODTIME!OLI RANG MELNITE IFINK IT MITE B SORTED,BUT IL EXPLAIN EVERYTHIN ON MON.L8RS.x",not_scam
"I call you later, don't have network. If urgnt, sms me.",not_scam
Ummmmmaah Many many happy returns of d day my dear sweet heart.. HAPPY BIRTHDAY dear,not_scam
Please CALL 08712402779 immediately as there is an urgent message waiting for you,scam
Yeah like if it goes like it did with my friends imma flip my shit in like half an hour,not_scam
Mum say we wan to go then go... Then she can shun bian watch da glass exhibition...,not_scam
What your plan for pongal?,not_scam
Just wait till end of march when el nino gets himself. Oh.,not_scam
"Not yet chikku..going to room nw, i'm in bus..",not_scam
Am also doing in cbe only. But have to pay.,not_scam
Honey boo I'm missing u.,not_scam
"We have sent JD for Customer Service cum Accounts Executive to ur mail id, For details contact us",not_scam
"Yo, I'm at my parents' gettin cash. Good news: we picked up a downstem",not_scam
"Thank you so much. When we skyped wit kz and sura, we didnt get the pleasure of your company. Hope you are good. We've given you ultimatum oh! We are countin down to aburo. Enjoy!",not_scam
"Hungry gay guys feeling hungry and up 4 it, now. Call 08718730555 just 10p/min. To stop texts call 08712460324 (10p/min)",scam
Ok. No wahala. Just remember that a friend in need ...,not_scam
I will see in half an hour,not_scam
"Im in inperialmusic listening2the weirdest track ever byleafcutter john-sounds like insects being molested&someone plumbing,remixed by evil men on acid!",not_scam
"""Hey sorry I didntgive ya a a bellearlier hunny,just been in bedbut mite go 2 thepub l8tr if uwana mt up?loads a luv Jenxxx.""",not_scam
SERIOUSLY. TELL HER THOSE EXACT WORDS RIGHT NOW.,not_scam
Can U get 2 phone NOW? I wanna chat 2 set up meet Call me NOW on 09096102316 U can cum here 2moro Luv JANE xx Calls£1/minmoremobsEMSPOBox45PO139WA,scam
"Tee hee. Off to lecture, cheery bye bye.",not_scam
"Sorry chikku, my cell got some problem thts y i was nt able to reply u or msg u..",not_scam
If you still havent collected the dough pls let me know so i can go to the place i sent it to get the control number,not_scam
Ok...,not_scam
network operator. The service is free. For T & C's visit 80488.biz,scam
Let me know how to contact you. I've you settled in a room. Lets know you are ok.,not_scam
Wot u up 2 u weirdo?,not_scam
Can do lor...,not_scam
Dont put your phone on silent mode ok,not_scam
Can i meet ü at 5.. As 4 where depends on where ü wan 2 in lor..,not_scam
Waiting 4 my tv show 2 start lor... U leh still busy doing ur report?,not_scam
Oh ho. Is this the first time u use these type of words,not_scam
Am I the only one who doesn't stalk profiles?,not_scam
"Ever green quote ever told by Jerry in cartoon ""A Person Who Irritates u Always Is the one Who Loves u Vry Much But Fails to Express It...!..!! :-) :-) gud nyt",not_scam
Yes i thought so. Thanks.,not_scam
But if she.s drinkin i'm ok.,not_scam
"Just wondering, the others just took off",not_scam
"Night has ended for another day, morning has come in a special way. May you smile like the sunny rays and leaves your worries at the blue blue bay. Gud mrng",not_scam
"What do you do, my dog ? Must I always wait till the end of your day to have word from you ? Did you run out of time on your cell already?",not_scam
Happy new year to u too!,not_scam
"Hey...Great deal...Farm tour 9am to 5pm $95/pax, $50 deposit by 16 May",not_scam
Eat jap done oso aft ur lect wat... Ü got lect at 12 rite...,not_scam
"Hey babe! I saw you came online for a second and then you disappeared, what happened ?",not_scam
Da my birthdate in certificate is in april but real date is today. But dont publish it. I shall give you a special treat if you keep the secret. Any way thanks for the wishes,not_scam
Happy birthday... May all ur dreams come true...,not_scam
Aiyah u did ok already lar. E nydc at wheellock?,not_scam
TELL HER I SAID EAT SHIT.,not_scam
Sure! I am driving but will reach my destination soon.,not_scam
"K so am I, how much for an 8th? Fifty?",not_scam
Your daily text from me – a favour this time,not_scam
Great to hear you are settling well. So what's happenin wit ola?,not_scam
Those cocksuckers. If it makes you feel better ipads are worthless garbage novelty items and you should feel bad for even wanting one,not_scam
I tot u reach liao. He said t-shirt.,not_scam
"FRAN I DECIDED 2 GO N E WAY IM COMPLETELY BROKE AN KNACKERED I GOT UP BOUT 3 C U 2MRW LOVE JANX P.S THIS IS MY DADS FONE, -NO CREDIT",not_scam
I cant pick the phone right now. Pls send a message,not_scam
Your right! I'll make the appointment right now.,not_scam
Designation is software developer and may be she get chennai:),not_scam
Enjoy the jamster videosound gold club with your credits for 2 new videosounds+2 logos+musicnews! get more fun from jamster.co.uk! 16+only Help? call: 09701213186,scam
"Get 3 Lions England tone, reply lionm 4 mono or lionp 4 poly. 4 more go 2 www.ringtones.co.uk, the original n best. Tones 3GBP network operator rates apply",scam
I jokin oni lar.. Ü busy then i wun disturb ü.,not_scam
"Ok, be careful ! Don't text and drive !",not_scam
"I.ll always be there, even if its just in spirit. I.ll get a bb soon. Just trying to be sure i need it.",not_scam
U r too much close to my heart. If u go away i will be shattered. Plz stay with me.,not_scam
I love u 2 babe! R u sure everything is alrite. Is he being an idiot? Txt bak girlie,not_scam
How abt making some of the pics bigger?,not_scam
Got but got 2 colours lor. One colour is quite light n e other is darker lor. Actually i'm done she's styling my hair now.,not_scam
"Whenevr ur sad, Whenevr ur gray, Remembr im here 2 listn 2 watevr u wanna say, Jus walk wid me a little while,&amp; I promise I'll bring back ur smile.:-)",not_scam
Why nothing. Ok anyway give me treat,not_scam
"Win the newest “Harry Potter and the Order of the Phoenix (Book 5) reply HARRY, answer 5 questions - chance to be the first among readers!",scam
Ok...,not_scam
Correct. So how was work today,not_scam
"Just sent again. Do you scream and moan in bed, princess?",not_scam
"I wake up long ago already... Dunno, what other thing?",not_scam
Oh just getting even with u.... u?,not_scam
I thk 50 shd be ok he said plus minus 10.. Did ü leave a line in between paragraphs?,not_scam
Can you call me plz. Your number shows out of coveragd area. I have urgnt call in vasai &amp; have to reach before 4'o clock so call me plz,not_scam
Yeah jay's sort of a fucking retard,not_scam
"Sorry, was in the bathroom, sup",not_scam
Ur balance is now £500. Ur next question is: Who sang 'Uptown Girl' in the 80's ? 2 answer txt ur ANSWER to 83600. Good luck!,scam
My exam is for february 4. Wish you a great day.,not_scam
I dont know what to do to come out of this so only am ask questions like this dont mistake me.,not_scam
"Aight no rush, I'll ask jay",not_scam
Good Morning plz call me sir,not_scam
It's ok lar. U sleep early too... Nite...,not_scam
"Oh... Icic... K lor, den meet other day...",not_scam
"Oh ! A half hour is much longer in Syria than Canada, eh ? Wow you must get SO much more work done in a day than us with all that extra time ! *grins*",not_scam
"Sometimes we put walls around our hearts,not just to be safe from getting hurt.. But to find out who cares enough to break the walls &amp; get closer.. GOODNOON:)",not_scam
"Sweet, we may or may not go to 4U to meet carlos so gauge patty's interest in that",not_scam
Then she buying today? Ü no need to c meh...,not_scam
Aight sorry I take ten years to shower. What's the plan?,not_scam
Every monday..nxt week vl be completing..,not_scam
Might ax well im there.,not_scam
Just chill for another 6hrs. If you could sleep the pain is not a surgical emergency so see how it unfolds. Okay,not_scam
Yeah I'll try to scrounge something up,not_scam
Crazy ar he's married. Ü like gd looking guys not me. My frens like say he's korean leona's fave but i dun thk he is. Aft some thinking mayb most prob i'll go.,not_scam
Were somewhere on Fredericksburg,not_scam
Que pases un buen tiempo or something like that,not_scam
Is it ok if I stay the night here? Xavier has a sleeping bag and I'm getting tired,not_scam
She doesnt need any test.,not_scam
"Nothing much, chillin at home. Any super bowl plan?",not_scam
"FREE2DAY sexy St George's Day pic of Jordan!Txt PIC to 89080 dont miss out, then every wk a saucy celeb!4 more pics c PocketBabe.co.uk 0870241182716 £3/wk",scam
Bugis oso near wat...,not_scam
Yo theres no class tmrw right?,not_scam
Let Ur Heart Be Ur Compass Ur Mind Ur Map Ur Soul Ur Guide And U Will Never loose in world....gnun - Sent via WAY2SMS.COM,not_scam
"Goodnight, sleep well da please take care pa. Please.",not_scam
Baaaaabe! I misss youuuuu ! Where are you ? I have to go and teach my class at 5 ...,not_scam
Convey my regards to him,not_scam
U ned to convince him tht its not possible witot hurting his feeling its the main,not_scam
"Good afternoon loverboy ! How goes you day ? Any luck come your way? I think of you, sweetie and send my love across the sea to make you smile and happy",not_scam
If i start sending blackberry torch to nigeria will you find buyer for me?like 4a month. And tell dad not to buy bb from anyone oh.,not_scam
"&lt;#&gt; %of pple marry with their lovers... becz they hav gud undrstndng dat avoids problems. i sent dis 2 u, u wil get gud news on friday by d person you like. And tomorrow will be the best day of your life. Dont break this chain. If you break you will suffer. send this to  &lt;#&gt;  frnds in &lt;#&gt;  mins whn u read...",not_scam
Yo dude guess who just got arrested the other day,not_scam
Shuhui say change 2 suntec steamboat? U noe where? Where r u now?,not_scam
What does the dance river do?,not_scam
"Yetunde, i'm sorry but moji and i seem too busy to be able to go shopping. Can you just please find some other way to get what you wanted us to get. Please forgive me. You can reply free via yahoo messenger.",not_scam
Hey i will be really pretty late... You want to go for the lesson first? I will join you. I'm only reaching tp mrt,not_scam
"HOT LIVE FANTASIES call now 08707509020 Just 20p per min NTT Ltd, PO Box 1327 Croydon CR9 5WB 0870..k",scam
Bbq this sat at mine from 6ish. Ur welcome 2 come,not_scam
"I don't know, same thing that's wrong everyso often, he panicks starts goin on bout not bein good enough …",not_scam
Alright. I'm out--have a good night!,not_scam
Did you try making another butt.,not_scam
Hope you are feeling great. Pls fill me in. Abiola,not_scam
I though we shd go out n have some fun so bar in town or something – sound ok?,not_scam
"1) Go to write msg 2) Put on Dictionary mode 3)Cover the screen with hand, 4)Press  &lt;#&gt; . 5)Gently remove Ur hand.. Its interesting..:)",not_scam
"Bears Pic Nick, and Tom, Pete and ... Dick. In fact, all types try gay chat with photo upload call 08718730666 (10p/min). 2 stop texts call 08712460324",scam
"500 New Mobiles from 2004, MUST GO! Txt: NOKIA to No: 89545 & collect yours today!From ONLY £1 www.4-tc.biz 2optout 087187262701.50gbp/mtmsg18 TXTAUCTION",scam
We're finally ready fyi,not_scam
Auntie huai juan never pick up her phone,not_scam
Double Mins & Double Txt & 1/2 price Linerental on Latest Orange Bluetooth mobiles. Call MobileUpd8 for the very latest offers. 08000839402 or call2optout/LF56,scam
"Ya tel, wats ur problem..",not_scam
No. 1 Nokia Tone 4 ur mob every week! Just txt NOK to 87021. 1st Tone FREE ! so get txtin now and tell ur friends. 150p/tone. 16 reply HL 4info,scam
i dnt wnt to tlk wid u,not_scam
"We spend our days waiting for the ideal path to appear in front of us.. But what we forget is.. ""paths are made by walking.. not by waiting.."" Goodnight!",not_scam
Its ok my arm is feeling weak cuz i got a shot so we can go another time,not_scam
Please reserve ticket on saturday eve from chennai to thirunelvali and again from tirunelvali to chennai on sunday eve...i already see in net..no ticket available..i want to book ticket through tackle ..,not_scam
"Storming msg: Wen u lift d phne, u say ""HELLO"" Do u knw wt is d real meaning of HELLO?? . . . It's d name of a girl..! . . . Yes.. And u knw who is dat girl?? ""Margaret Hello"" She is d girlfrnd f Grahmbell who invnted telphone... . . . . Moral:One can 4get d name of a person, bt not his girlfrnd... G o o d n i g h t . . .@",not_scam
That's ok. I popped in to ask bout something and she said you'd been in. Are you around tonght wen this girl comes?,not_scam
All e best 4 ur exam later.,not_scam
Hope ur head doesn't hurt 2 much ! Am ploughing my way through a pile of ironing ! Staying in with a chinky tonight come round if you like.,not_scam
Oh k.i think most of wi and nz players unsold.,not_scam
"Haha... Where got so fast lose weight, thk muz go 4 a month den got effect... Gee,later we go aust put bk e weight.",not_scam
"I wonder how you got online, my love ? Had you gone to the net cafe ? Did you get your phone recharged ? Were you on a friends net ? I think of you, boytoy",not_scam
"Haha just kidding, papa needs drugs",not_scam
"Thk shld b can... Ya, i wana go 4 lessons... Haha, can go for one whole stretch...",not_scam
Oh ok..,not_scam
R we still meeting 4 dinner tonight?,not_scam
Thats cool! I am a gentleman and will treat you with dignity and respect.,not_scam
Shall i start from hear.,not_scam
Then we wait 4 u lor... No need 2 feel bad lar...,not_scam
No did you check? I got his detailed message now,not_scam
You have registered Sinco as Payee. Log in at icicibank.com and enter URN  &lt;#&gt;  to confirm. Beware of frauds. Do NOT share or disclose URN to anyone.,not_scam
"No, I decided that only people who care about stuff vote and caring about stuff is for losers",not_scam
Kaiez... Enjoy ur tuition... Gee... Thk e second option sounds beta... I'll go yan jiu den msg u...,not_scam
You have registered Sinco as Payee. Log in at icicibank.com and enter URN  &lt;#&gt;  to confirm. Beware of frauds. Do NOT share or disclose URN to anyone.,not_scam
cool. We will have fun practicing making babies!,not_scam
Actually getting ready to leave the house.,not_scam
K..k..any special today?,not_scam
"URGENT, IMPORTANT INFORMATION FOR O2 USER. TODAY IS YOUR LUCKY DAY! 2 FIND OUT WHY LOG ONTO HTTP://WWW.URAWINNER.COM THERE IS A FANTASTIC SURPRISE AWAITING FOR YOU",scam
Then we gotta do it after that,not_scam
"I've got ten bucks, jay is being noncomittal",not_scam
Where at were hungry too,not_scam
Pls speak to that customer machan.,not_scam
somewhere out there beneath the pale moon light someone think in of u some where out there where dreams come true... goodnite &amp; sweet dreams,not_scam
"Wen ur lovable bcums angry wid u, dnt take it seriously.. Coz being angry is d most childish n true way of showing deep affection, care n luv!.. kettoda manda... Have nice day da.",not_scam
Dear U've been invited to XCHAT. This is our final attempt to contact u! Txt CHAT to 86688 150p/MsgrcvdHG/Suite342/2Lands/Row/W1J6HL LDN 18 yrs,scam
So wats ur opinion abt him and how abt is character?,not_scam
Jay is snickering and tells me that x is totally fucking up the chords as we speak,not_scam
No..few hours before.went to hair cut .,not_scam
No wonder... Cos i dun rem seeing a silver car... But i thk i saw a black one...,not_scam
Lmao. Take a pic and send it to me.,not_scam
"""Speak only when you feel your words are better than the silence..."" Gud mrng:-)",not_scam
No. She's currently in scotland for that.,not_scam
Do you work all this week ?,not_scam
Congratulations ur awarded either £500 of CD gift vouchers & Free entry 2 our £100 weekly draw txt MUSIC to 87066 TnCs www.Ldew.com 1 win150ppmx3age16,scam
Lol great now im getting hungry.,not_scam
Yes.. now only saw your message..,not_scam
I'll be at mu in like  &lt;#&gt;  seconds,not_scam
Ok...,not_scam
THING R GOOD THANX GOT EXAMS IN MARCH IVE DONE NO REVISION? IS FRAN STILL WITH BOYF? IVE GOTTA INTERVIW 4 EXETER BIT WORRIED!x,not_scam
"Tell you what, if you make a little spreadsheet and track whose idea it was to smoke to determine who ""smokes too much"" for the entire month of february, I'll come up",not_scam
For sale - arsenal dartboard. Good condition but no doubles or trebles!,scam
Don't look back at the building because you have no coat and i don't want you to get more sick. Just hurry home and wear a coat to the gym!!!,not_scam
"My painful personal thought- ""I always try to keep everybody happy all the time. But nobody recognises me when i am alone""",not_scam
Thanks for ve lovely wisheds. You rock,not_scam
You intrepid duo you! Have a great time and see you both soon.,not_scam
I asked sen to come chennai and search for job.,not_scam
Dad went out oredi...,not_scam
"I jus hope its true that  missin me cos i'm really missin him! You haven't done anything to feel guilty about, yet.",not_scam
Wat so late still early mah. Or we juz go 4 dinner lor. Aiya i dunno...,not_scam
"Arms fine, how's Cardiff and uni?",not_scam
In fact when do you leave? I think addie goes back to school tues or wed,not_scam
"Cool breeze... Bright sun... Fresh flower... Twittering birds... All these waiting to wish u: ""GOODMORNING &amp; HAVE A NICE DAY"" :)",not_scam
Ya:)going for restaurant..,not_scam
"Its ok., i just askd did u knw tht no?",not_scam
Free 1st week entry 2 TEXTPOD 4 a chance 2 win 40GB iPod or £250 cash every wk. Txt POD to 84128 Ts&Cs www.textpod.net custcare 08712405020.,scam
Those ducking chinchillas,not_scam
I am in a marriage function,not_scam
Looks like u wil b getting a headstart im leaving here bout 2.30ish but if u r desperate for my company I could head in earlier-we were goin to meet in rummer.,not_scam
Don‘t give a flying monkeys wot they think and I certainly don‘t mind. Any friend of mine and all that!,not_scam
As a registered optin subscriber ur draw 4 £100 gift voucher will be entered on receipt of a correct ans to 80062 Whats No1 in the BBC charts,scam
say thanks2.,not_scam
Msg me when rajini comes.,not_scam
Ya! when are ü taking ure practical lessons? I start in june..,not_scam
"That's good, because I need drugs",not_scam
Stupid.its not possible,not_scam
Can ü all decide faster cos my sis going home liao..,not_scam
Summers finally here! Fancy a chat or flirt with sexy singles in yr area? To get MATCHED up just reply SUMMER now. Free 2 Join. OptOut txt STOP Help08714742804,scam
U sleeping now.. Or you going to take? Haha.. I got spys wat.. Me online checking n replying mails lor..,not_scam
CLAIRE here am havin borin time & am now alone U wanna cum over 2nite? Chat now 09099725823 hope 2 C U Luv CLAIRE xx Calls£1/minmoremobsEMSPOBox45PO139WA,scam
"Fighting with the world is easy, u either win or lose bt fightng with some1 who is close to u is dificult if u lose - u lose if u win - u still lose.",not_scam
Bought one ringtone and now getting texts costing 3 pound offering more tones etc,scam
"Yalru lyfu astne chikku.. Bt innu mundhe lyf ali halla ke bilo (marriage)program edhae, so lyf is nt yet ovr chikku..ali vargu lyfu meow meow:-D",not_scam
Kinda. First one gets in at twelve! Aah. Speak tomo,not_scam
"09066362231 URGENT! Your mobile No 07xxxxxxxxx won a £2,000 bonus caller prize on 02/06/03! this is the 2nd attempt to reach YOU! call 09066362231 ASAP!",scam
Ok good then i later come find ü... C lucky i told ü to go earlier... Later pple take finish ü no more again...,not_scam
Wat makes u thk i'll fall down. But actually i thk i'm quite prone 2 falls. Lucky my dad at home i ask him come n fetch me already.,not_scam
"YOU 07801543489 are guaranteed the latests Nokia Phone, a 40GB iPod MP3 player or a £500 prize! Txt word:COLLECT to No:83355! TC-LLC NY-USA 150p/Mt msgrcvd18+",scam
Your account has been refilled successfully by INR  &lt;DECIMAL&gt; . Your KeralaCircle prepaid account balance is Rs  &lt;DECIMAL&gt; . Your Transaction ID is KR &lt;#&gt; .,not_scam
I wont touch you with out your permission.,not_scam
Hi its LUCY Hubby at meetins all day Fri & I will B alone at hotel U fancy cumin over? Pls leave msg 2day 09099726395 Lucy x Calls£1/minMobsmoreLKPOBOX177HP51FL,scam
"7 wonders in My WORLD 7th You 6th Ur style 5th Ur smile 4th Ur Personality 3rd Ur Nature 2nd Ur SMS and 1st ""Ur Lovely Friendship""... good morning dear",not_scam
Take some small dose tablet for fever,not_scam
Oh. U must have taken your REAL Valentine out shopping first.,not_scam
"Just sent you an email – to an address with incomm in it, is that right?",not_scam
"Will do, you gonna be at blake's all night? I might be able to get out of here a little early",not_scam
"Friendship is not a game to play, It is not a word to say, It doesn\'t start on March and ends on May, It is tomorrow, yesterday, today and e",not_scam
"Nice. Wait...should you be texting right now? I'm not gonna pay your ticket, ya know!",not_scam
I'm watching lotr w my sis dis aft. So u wan 2 meet me 4 dinner at nite a not?,not_scam
Why you keeping me away like this,not_scam
I think its far more than that but find out. Check google maps for a place from your dorm.,not_scam
My trip was ok but quite tiring lor. Uni starts today but it's ok 4 me cos i'm not taking any modules but jus concentrating on my final yr project.,not_scam
Have you always been saying welp?,not_scam
"I'm a guy, browsin is compulsory",not_scam
Ok...,not_scam
Purity of friendship between two is not about smiling after reading the forwarded message..Its about smiling just by seeing the name. Gud evng musthu,not_scam
"Sorry, I'll call later",not_scam
"(I should add that I don't really care and if you can't I can at least get this dude to fuck off but hey, your money if you want it)",not_scam
"Hello lover! How goes that new job? Are you there now? Are you happy? Do you think of me? I wake, my slave and send you a teasing kiss from across the sea",not_scam
I told your number to gautham..,not_scam
Tell them no need to investigate about me anywhere.,not_scam
Ok i juz receive..,not_scam
"Cant believe i said so many things to you this morning when all i really wanted to say was good morning, i love you! Have a beautiful morning. See you in the library later.",not_scam
"Your account has been credited with 500 FREE Text Messages. To activate, just txt the word: CREDIT to No: 80488 T&Cs www.80488.biz",scam
In the end she might still vomit but its okay. Not everything will come out.,not_scam
How are you with moneY...as in to you...money aint a thing....how are you sha!,not_scam
It has everything to do with the weather. Keep extra warm. Its a cold but nothing serious. Pls lots of vitamin c,not_scam
Hey gals.. Anyone of u going down to e driving centre tmr?,not_scam
I'm always on yahoo messenger now. Just send the message to me and i.ll get it you may have to send it in the mobile mode sha but i.ll get it. And will reply.,not_scam
I'm putting it on now. It should be ready for  &lt;TIME&gt;,not_scam
"Time n Smile r the two crucial things in our life. Sometimes time makes us to forget smile, and sometimes someone's smile makes us to forget time gud noon",not_scam
"SMS. ac JSco: Energy is high, but u may not know where 2channel it. 2day ur leadership skills r strong. Psychic? Reply ANS w/question. End? Reply END JSCO",scam
Host-based IDPS for linux systems.,not_scam
"HOT LIVE FANTASIES call now 08707509020 Just 20p per min NTT Ltd, PO Box 1327 Croydon CR9 5WB 0870 is a national rate call",scam
Don no da:)whats you plan?,not_scam
Ill be there on  &lt;#&gt;  ok.,not_scam
Oh my God. I'm almost home,not_scam
Total video converter free download type this in google search:),not_scam
Thanks for the Vote. Now sing along with the stars with Karaoke on your mobile. For a FREE link just reply with SING now.,scam
"Wen ur lovable bcums angry wid u, dnt take it seriously.. Coz being angry is d most childish n true way of showing deep affection, care n luv!.. kettoda manda... Have nice day da.",not_scam
Sounds like something that someone testing me would sayy,not_scam
When u love someone Dont make them to love u as much as u do. But Love them so much that they dont want to be loved by anyone except you... Gud nit.,not_scam
"Pete,is this your phone still? Its Jenny from college and Leanne.what are you up to now?:)",not_scam
Oops sorry. Just to check that you don't mind picking me up tomo at half eight from station. Would that be ok?,not_scam
"Hey sweet, I was wondering when you had a moment if you might come to me ? I want to send a file to someone but it won't go over yahoo for them because their connection sucks, remember when you set up that page for me to go to and download the format disc ? Could you tell me how to do that ? Or do you know some other way to download big files ? Because they can download stuff directly from the internet. Any help would be great, my prey ... *teasing kiss*",not_scam
Hows the champ just leaving glasgow!,not_scam
K:)all the best:)congrats...,not_scam
I wonder if you'll get this text?,not_scam
I need to come home and give you some good lovin...,not_scam
Our brand new mobile music service is now live. The free music player will arrive shortly. Just install on your phone to browse content from the top artists.,scam
Shall i ask one thing if you dont mistake me.,not_scam
Check wid corect speling i.e. Sarcasm,not_scam
"URGENT! Your Mobile No was awarded a £2,000 Bonus Caller Prize on 1/08/03! This is our 2nd attempt to contact YOU! Call 0871-4719-523 BOX95QU BT National Rate",scam
Are you angry with me. What happen dear,not_scam
I thk u dun haf 2 hint in e forum already lor... Cos i told ron n darren is going 2 tell shuhui.,not_scam
Yup ok thanx...,not_scam
Hi:)cts employee how are you?,not_scam
Pls pls find out from aunt nike.,not_scam
"Wow ... I love you sooo much, you know ? I can barely stand it ! I wonder how your day goes and if you are well, my love ... I think of you and miss you",not_scam
No screaming means shouting..,not_scam
Hey what happen de. Are you alright.,not_scam
Should I have picked up a receipt or something earlier,not_scam
I think chennai well settled?,not_scam
Oh dang! I didn't mean o send that to you! Lol!,not_scam
Unfortunately i've just found out that we have to pick my sister up from the airport that evening so don't think i'll be going out at all. We should try to go out one of th,not_scam
Horrible bf... I now v hungry...,not_scam
Remember on that day..,not_scam
You have won a Nokia 7250i. This is what you get when you win our FREE auction. To take part send Nokia to 86021 now. HG/Suite342/2Lands Row/W1JHL 16+,scam
How's it feel? Mr. Your not my real Valentine just my yo Valentine even tho u hardly play!!,not_scam
All sounds good. Fingers . Makes it difficult to type,not_scam
Midnight at the earliest,not_scam
You're not sure that I'm not trying to make xavier smoke because I don't want to smoke after being told I smoke too much?,not_scam
K come to nordstrom when you're done,not_scam
Do u konw waht is rael FRIENDSHIP Im gving yuo an exmpel: Jsut ese tihs msg.. Evrey splleing of tihs msg is wrnog.. Bt sitll yuo can raed it wihtuot ayn mitsake.. GOODNIGHT &amp; HAVE A NICE SLEEP..SWEET DREAMS..,not_scam
Now press conference da:),not_scam
"Hello from Orange. For 1 month's free access to games, news and sport, plus 10 free texts and 20 photo messages, reply YES. Terms apply: www.orange.co.uk/ow",scam
After completed degree. There is no use in joining finance.,not_scam
"Good afternoon, my love ! Any job prospects ? Are you missing me ? What do you do ? Are you being lazy and bleak, hmmm ? Or happy and filled with my love ?",not_scam
Shant disturb u anymore... Jia you...,not_scam
Bishan lar nearer... No need buy so early cos if buy now i gotta park my car...,not_scam
"Me, i dont know again oh",not_scam
Dude sux for snake. He got old and raiden got buff,not_scam
He says hi and to get your ass back to south tampa (preferably at a kegger),not_scam
In e msg jus now. U said thanks for gift.,not_scam
U too...,not_scam
Ok how you dear. Did you call chechi,not_scam
Yeah we do totes. When u wanna?,not_scam
Ok i found dis pierre cardin one which looks normal costs 20 its on sale.,not_scam
Good sleep is about rhythm. The person has to establish a rhythm that the body will learn and use. If you want to know more :-),not_scam
Wat r u doing?,not_scam
Message from . I am at Truro Hospital on ext. You can phone me here. as I have a phone by my side,not_scam
"Single line with a big meaning::::: ""Miss anything 4 ur ""Best Life"" but, don't miss ur best life for anything... Gud nyt...",not_scam
"Just got some gas money, any chance you and the gang want to go on a grand nature adventure?",not_scam
Dnt worry...use ice pieces in a cloth pack.also take 2 tablets.,not_scam
Dude just saw a parked car with its sunroof popped up. Sux,not_scam
Get ready to put on your excellent sub face :),not_scam
Tmrw. Im finishing 9 doors,not_scam
"The  &lt;#&gt; g that i saw a few days ago, the guy wants sell wifi only for  &lt;#&gt;  and with 3g for  &lt;#&gt; . That's why i blanked him.",not_scam
I am late. I will be there at,not_scam
"whatever, im pretty pissed off.",not_scam
Today is ACCEPT DAY..U Accept me as? Brother Sister Lover Dear1 Best1 Clos1 Lvblefrnd Jstfrnd Cutefrnd Lifpartnr Belovd Swtheart Bstfrnd No rply means enemy,not_scam
I dont have that much image in class.,not_scam
No:-)i got rumour that you going to buy apartment in chennai:-),not_scam
Near kalainar tv office.thenampet,not_scam
Ur cash-balance is currently 500 pounds - to maximize ur cash-in now send GO to 86688 only 150p/msg. CC 08718720201 HG/Suite342/2Lands Row/W1J6HL,scam
SMS AUCTION - A BRAND NEW Nokia 7250 is up 4 auction today! Auction is FREE 2 join & take part! Txt NOKIA to 86021 now! HG/Suite342/2Lands Row/W1J6HL,scam
My sis is catching e show in e afternoon so i'm not watching w her. So c u wan 2 watch today or tmr lor.,not_scam
"Sounds gd... Haha... Can... Wah, u yan jiu so fast liao...",not_scam
No. To be nosy I guess. Idk am I over reacting if I'm freaked?,not_scam
"Remember all those whom i hurt during days of satanic imposter in me.need to pay a price,so be it.may destiny keep me going and as u said pray that i get the mind to get over the same.",not_scam
How to Make a girl Happy? It's not at all difficult to make girls happy. U only need to be... 1. A friend 2. Companion 3. Lover 4. Chef . . .  &lt;#&gt; . Good listener  &lt;#&gt; . Organizer  &lt;#&gt; . Good boyfriend  &lt;#&gt; . Very clean  &lt;#&gt; . Sympathetic  &lt;#&gt; . Athletic  &lt;#&gt; . Warm . . .  &lt;#&gt; . Courageous  &lt;#&gt; . Determined  &lt;#&gt; . True  &lt;#&gt; . Dependable  &lt;#&gt; . Intelligent . . .  &lt;#&gt; . Psychologist  &lt;#&gt; . Pest exterminator  &lt;#&gt; . Psychiatrist  &lt;#&gt; . Healer . .  &lt;#&gt; . Stylist  &lt;#&gt; . Driver . . Aaniye pudunga venaam..,not_scam
"Why is that, princess? I bet the brothas are all chasing you!",not_scam
"I shall book chez jules for half eight, if that's ok with you?",not_scam
Hhahhaahahah rofl wtf nig was leonardo in your room or something,not_scam
"Yep, at derek's house now, see you Sunday &lt;3",not_scam
"It's cool, let me know before it kicks off around  &lt;#&gt; , I'll be out and about all day",not_scam
"Sorry, I'll call later",not_scam
I was wondering if it would be okay for you to call uncle john and let him know that things are not the same in nigeria as they r here. That  &lt;#&gt;  dollars is 2years sent and that you know its a strain but i plan to pay back every dime he gives. Every dime so for me to expect anything from you is not practical. Something like that.,not_scam
There are no other charges after transfer charges and you can withdraw anyhow you like,not_scam
"Dont search love, let love find U. Thats why its called falling in love, bcoz U dont force yourself, U just fall and U know there is smeone to hold U... BSLVYL",not_scam
At 4. Let's go to bill millers,not_scam
I love you. You set my soul on fire. It is not just a spark. But it is a flame. A big rawring flame. XoXo,not_scam
"Somewhr someone is surely made 4 u. And God has decided a perfect time to make u meet dat person. . . . till den, . . . . . Enjoy ur crushes..!!!;-)",not_scam
That's my honeymoon outfit. :),not_scam
Will it help if we propose going back again tomorrow,not_scam
PRIVATE! Your 2003 Account Statement for shows 800 un-redeemed S. I. M. points. Call 08719899230 Identifier Code: 41685 Expires 07/11/04,scam
Never blame a day in ur life. Good days give u happiness. Bad days give u experience. Both are essential in life! All are Gods blessings! good morning.:,not_scam
Pls confirm the time to collect the cheque.,not_scam
As a Registered Subscriber yr draw 4 a £100 gift voucher will b entered on receipt of a correct ans. When are the next olympics. Txt ans to 80062,scam
URGENT! Your Mobile number has been awarded with a £2000 prize GUARANTEED. Call 09061790121 from land line. Claim 3030. Valid 12hrs only 150ppm,scam
Daddy will take good care of you :),not_scam
"Yeah probably, I still gotta check out with leo",not_scam
K.then any other special?,not_scam
Carlos is taking his sweet time as usual so let me know when you and patty are done/want to smoke and I'll tell him to haul ass,not_scam
Ok pa. Nothing problem:-),not_scam
Have you heard about that job? I'm going to that wildlife talk again tonight if u want2come. Its that2worzels and a wizzle or whatever it is?!,not_scam
"God picked up a flower and dippeditinaDEW, lovingly touched itwhichturnedinto u, and the he gifted tomeandsaid,THIS FRIEND IS 4U",not_scam
When you came to hostel.,not_scam
Ok no prob... I'll come after lunch then...,not_scam
Jus telling u dat i'll b leaving 4 shanghai on 21st instead so we'll haf more time 2 meet up cya...,not_scam
Are your freezing ? Are you home yet ? Will you remember to kiss your mom in the morning? Do you love me ? Do you think of me ? Are you missing me yet ?,not_scam
You all ready for * big day tomorrow?,not_scam
I'll probably be around mu a lot,not_scam
645,not_scam
RT-KIng Pro Video Club>> Need help? info@ringtoneking.co.uk or call 08701237397 You must be 16+ Club credits redeemable at www.ringtoneking.co.uk! Enjoy!,scam
Thnx dude. u guys out 2nite?,not_scam
Me sef dey laugh you. Meanwhile how's my darling anjie!,not_scam
Mm i had my food da from out,not_scam
"K, makes sense, btw carlos is being difficult so you guys are gonna smoke while I go pick up the second batch and get gas",not_scam
Did u download the fring app?,not_scam
The 2 oz guy is being kinda flaky but one friend is interested in picking up $ &lt;#&gt;  worth tonight if possible,not_scam
Friends that u can stay on fb chat with,not_scam
"Fuck babe, I miss you sooooo much !! I wish you were here to sleep with me ... My bed is so lonely ... I go now, to sleep ... To dream of you, my love ...",not_scam
"Living is very simple.. Loving is also simple.. Laughing is too simple.. Winning is tooo simple.. But, being 'SIMPLE' is very difficult.. Gud nte.:-",not_scam
U have a secret admirer who is looking 2 make contact with U-find out who they R*reveal who thinks UR so special-call on 09058094599,scam
"Ah, well that confuses things, doesn‘t it?",not_scam
500 free text msgs. Just text ok to 80488 and we'll credit your account,scam
Hi Dear Call me its urgnt. I don't know whats your problem. You don't want to work or if you have any other problem at least tell me. Wating for your reply.,not_scam
Dear how you. Are you ok?,not_scam
"You have been selected to stay in 1 of 250 top British hotels - FOR NOTHING! Holiday Worth £350! To Claim, Call London 02072069400. Bx 526, SW73SS",scam
Yes princess! I want to make you happy...,not_scam
Sounds like you have many talents! would you like to go on a dinner date next week?,not_scam
I am going to film 2day da. At 6pm. Sorry da.,not_scam
We not watching movie already. Xy wants 2 shop so i'm shopping w her now.,not_scam
Hello my little party animal! I just thought I'd buzz you as you were with your friends ...*grins*... Reminding you were loved and send a naughty adoring kiss,not_scam
Yesterday its with me only . Now am going home.,not_scam
"Eerie Nokia tones 4u, rply TONE TITLE to 8007 eg TONE DRACULA to 8007 Titles: GHOST, ADDAMSFA, MUNSTERS, EXORCIST, TWILIGHT www.getzed.co.uk POBox36504W45WQ 150p",scam
"You have come into my life and brought the sun ..Shiny down on me, warming my heart. Putting a constant smile on my face ... Making me feel loved and cared for",not_scam
"No shit, but I wasn't that surprised, so I went and spent the evening with that french guy I met in town here and we fooled around a bit but I didn't let him fuck me",not_scam
"0A$NETWORKS allow companies to bill for SMS, so they are responsible for their ""suppliers"", just as a shop has to give a guarantee on what they sell. B. G.",scam
Great comedy..cant stop laughing da:),not_scam
FreeMsg:Feelin kinda lnly hope u like 2 keep me company! Jst got a cam moby wanna c my pic?Txt or reply DATE to 82242 Msg150p 2rcv Hlp 08712317606 stop to 82242,scam
"Alright, we're all set here, text the man",not_scam
"Hi , where are you? We're at  and they're not keen to go out i kind of am but feel i shouldn't so can we go out tomo, don't mind do you?",not_scam
Sleeping nt feeling well,not_scam
U WILL SWITCH YOUR FONE ON DAMMIT!!,not_scam
India have to take lead:),not_scam
I.ll post her out l8r. In class,not_scam
Thts wat Wright Brother did to fly..,not_scam
"Evening * v good if somewhat event laden. Will fill you in, don't you worry … Head * ok but throat * wrecked. See you at six then!",not_scam
If u laugh really loud.. If u talk spontaneously.. If u dont care what others feel.. U are probably with your dear &amp; best friends.. GOODEVENING Dear..:),not_scam
ITS A LAPTOP TAKE IT WITH YOU.,not_scam
I dont have any of your file in my bag..i was in work when you called me.i 'll tell you if i find anything in my room.,not_scam
I wan but too early lei... Me outside now wun b home so early... Neva mind then...,not_scam
"For ur chance to win a £250 cash every wk TXT: ACTION to 80608. T's&C's www.movietrivia.tv custcare 08712405022, 1x150p/wk",scam
I was at bugis juz now wat... But now i'm walking home oredi... Ü so late then reply... I oso saw a top dat i like but din buy... Where r ü now?,not_scam
"Wishing you and your family Merry ""X"" mas and HAPPY NEW Year in advance..",not_scam
At 7 we will go ok na.,not_scam
Yes I posted a couple of pics on fb. There's still snow outside too. I'm just waking up :),not_scam
S:-)if we have one good partnership going we will take lead:),not_scam
RGENT! This is the 2nd attempt to contact U!U have WON £1250 CALL 09071512433 b4 050703 T&CsBCM4235WC1N3XX. callcost 150ppm mobilesvary. max£7. 50,scam
"Yeah, where's your class at?",not_scam
No just send to you. Bec you in temple na.,not_scam
"You aren't coming home between class, right? I need to work out and shower!",not_scam
Hi if ur lookin 4 saucy daytime fun wiv busty married woman Am free all next week Chat now 2 sort time 09099726429 JANINExx Calls£1/minMobsmoreLKPOBOX177HP51FL,scam
S but mostly not like that.,not_scam
Ü v ma fan...,not_scam
Dunno cos i was v late n when i reach they inside already... But we ate spageddies lor... It's e gals who r laughing at me lor...,not_scam
Guess who spent all last night phasing in and out of the fourth dimension,not_scam
So now my dad is gonna call after he gets out of work and ask all these crazy questions.,not_scam
"Yes..but they said its IT.,",not_scam
"Very hurting n meaningful lines ever: ""I compromised everything for my love, But at d end my love compromised me for everything:-("".. Gud mornin:-)",not_scam
Lmao!nice 1,not_scam
Glad to see your reply.,not_scam
URGENT! We are trying to contact U. Todays draw shows that you have won a £800 prize GUARANTEED. Call 09050001295 from land line. Claim A21. Valid 12hrs only,scam
Monthly password for wap. mobsi.com is 391784. Use your wap phone not PC.,scam
Nah dub but je still buff,not_scam
"Painful words- ""I thought being Happy was the most toughest thing on Earth... But, the toughest is acting Happy with all unspoken pain inside..""",not_scam
"Yeah, that's fine! It's £6 to get in, is that ok?",not_scam
Lol where do u come up with these ideas?,not_scam
"So many people seems to be special at first sight, But only very few will remain special to you till your last sight.. Maintain them till life ends.. Sh!jas",not_scam
"Today is ""song dedicated day.."" Which song will u dedicate for me? Send this to all ur valuable frnds but first rply me...",not_scam
Okay... We wait ah,not_scam
Y lei?,not_scam
HI BABE U R MOST LIKELY TO BE IN BED BUT IM SO SORRY ABOUT TONIGHT! I REALLY WANNA SEE U TOMORROW SO CALL ME AT 9. LOVE ME XXX,not_scam
Already am squatting is the new way of walking,not_scam
Do you want bold 2 or bb torch,not_scam
Cramps stopped. Going back to sleep,not_scam
todays vodafone numbers ending with 0089(my last four digits) are selected to received a £350 award. If your number matches please call 09063442151 to claim your £350 award,scam
Free Top ringtone -sub to weekly ringtone-get 1st week free-send SUBPOLY to 81618-?3 per week-stop sms-08718727870,scam
Nan sonathaya soladha. Why boss?,not_scam
Bring tat cd don forget,not_scam
Sunshine Quiz Wkly Q! Win a top Sony DVD player if u know which country the Algarve is in? Txt ansr to 82277. £1.50 SP:Tyrone,scam
I don't know but I'm raping dudes at poker,not_scam
Weightloss! No more girl friends. Make loads of money on ebay or something. And give thanks to God.,not_scam
Was gr8 to see that message. So when r u leaving? Congrats dear. What school and wat r ur plans.,not_scam
Ü eatin later but i'm eatin wif my frens now lei... Ü going home first?,not_scam
Finish already... Yar they keep saying i mushy... I so embarrassed ok...,not_scam
"Sorry man, my stash ran dry last night and I can't pick up more until sunday",not_scam
Hai priya are you right. What doctor said pa. Where are you.,not_scam
"Free msg. Sorry, a service you ordered from 81303 could not be delivered as you do not have sufficient credit. Please top up to receive the service.",scam
Ok...,not_scam
Please ask mummy to call father,not_scam
Can come my room but cannot come my house cos my house still messy... Haha...,not_scam
I have lost 10 kilos as of today!,not_scam
Just taste fish curry :-P,not_scam
What can i do? Might accidant tookplace between somewhere ghodbandar rd. Traffic moves slovely. So plz slip &amp; don't worry.,not_scam
Yun ah.now ü wkg where?btw if ü go nus sc. Ü wana specialise in wad?,not_scam
Yes! I am a one woman man! Please tell me your likes and dislikes in bed...,not_scam
Was doing my test earlier. I appreciate you. Will call you tomorrow.,not_scam
"How's my loverboy doing ? What does he do that keeps him from coming to his Queen, hmmm ? Doesn't he ache to speak to me ? Miss me desparately ?",not_scam
U meet other fren dun wan meet me ah... Muz b a guy rite...,not_scam
"(No promises on when though, haven't even gotten dinner yet)",not_scam
I got your back! Do you have any dislikes in bed?,not_scam
o turns out i had stereo love on mi phone under the unknown album.,not_scam
Hard LIVE 121 chat just 60p/min. Choose your girl and connect LIVE. Call 09094646899 now! Cheap Chat UK's biggest live service. VU BCM1896WC1N3XX,scam
Yeah I don't see why not,not_scam
Asking do u knw them or nt? May be ur frnds or classmates?,not_scam
"Sorry about earlier. Putting out fires.Are you around to talk after 9? Or do you actually have a life, lol!",not_scam
WOW! The Boys R Back. TAKE THAT 2007 UK Tour. Win VIP Tickets & pre-book with VIP Club. Txt CLUB to 81303. Trackmarque Ltd info@vipclub4u.,scam
"As in missionary hook up, doggy hook up, standing...|",not_scam
Then u better go sleep.. Dun disturb u liao.. U wake up then msg me lor..,not_scam
"Fighting with the world is easy, u either win or lose bt fightng with some1 who is close to u is dificult if u lose - u lose if u win - u still lose.",not_scam
Am watching house – very entertaining – am getting the whole hugh laurie thing – even with the stick – indeed especially with the stick.,not_scam
Thought praps you meant another one. Goodo! I'll look tomorrow,not_scam
"Hi Jon, Pete here, Ive bin 2 Spain recently & hav sum dinero left, Bill said u or ur rents mayb interested in it, I hav 12,000pes, so around £48, tb, James.",not_scam
There bold 2  &lt;#&gt; . Is that yours,not_scam
You know there is. I shall speak to you in  &lt;#&gt;  minutes then,not_scam
"""ALRITE HUNNY!WOT U UP 2 2NITE? DIDNT END UP GOIN DOWN TOWN JUS DA PUB INSTEAD! JUS CHILLIN AT DA MO IN ME BEDROOM!LOVE JEN XXX.""",not_scam
I went to project centre,not_scam
As per your request 'Maangalyam (Alaipayuthe)' has been set as your callertune for all Callers. Press *9 to copy your friends Callertune,not_scam
Lol yeah at this point I guess not,not_scam
Doing project w frens lor.,not_scam
Lol. Well quality aint bad at all so i aint complaining,not_scam
"K, can that happen tonight?",not_scam
"Hi, this is Mandy Sullivan calling from HOTMIX FM...you are chosen to receive £5000.00 in our Easter Prize draw.....Please telephone 09041940223 to claim before 29/03/05 or your prize will be transferred to someone else....",scam
"I think we're going to finn's now, come",not_scam
Why tired what special there you had,not_scam
I will come tomorrow di,not_scam
I cant pick the phone right now. Pls send a message,not_scam
K go and sleep well. Take rest:-).,not_scam
U guys never invite me anywhere :(,not_scam
UR GOING 2 BAHAMAS! CallFREEFONE 08081560665 and speak to a live operator to claim either Bahamas cruise of£2000 CASH 18+only. To opt out txt X to 07786200117,scam
I can do that! I want to please you both inside and outside the bedroom...,not_scam
"""EY! CALM DOWNON THEACUSATIONS.. ITXT U COS IWANA KNOW WOTU R DOIN AT THEW/END... HAVENTCN U IN AGES..RING ME IF UR UP4 NETHING SAT.LOVE J XXX.""",not_scam
I love to wine and dine my lady!,not_scam
Someone has conacted our dating service and entered your phone because they fancy you!To find out who it is call from landline 09111030116. PoBox12n146tf15,scam
"Im cool ta luv but v.tired 2 cause i have been doin loads of planning all wk, we have got our social services inspection at the nursery! Take care & spk sn x.",not_scam
I don know account details..i will ask my mom and send you.my mom is out of reach now.,not_scam
I think u have the wrong number.,not_scam
Feel Yourself That You Are Always Happy.. Slowly It Becomes Your Habit &amp; Finally It Becomes Part Of Your Life.. Follow It.. Happy Morning &amp; Have A Happy Day:),not_scam
DO NOT B LATE LOVE MUM,not_scam
Got it..mail panren paru..,not_scam
* Was thinking about chuckin ur red green n black trainners 2 save carryin them bac on train,not_scam
Give one miss from that number please,not_scam
Jus came back fr lunch wif my sis only. U leh?,not_scam
How is your schedule next week? I am out of town this weekend.,not_scam
Really good:)dhanush rocks once again:),not_scam
Lmao ok I wont be needing u to do my hair anymore.,not_scam
"Miss ya, need ya, want ya, love ya.",not_scam
Sorry i'm not free...,not_scam
Do u ever get a song stuck in your head for no reason and it won't go away til u listen to it like 5 times?,not_scam
Nt yet chikku..simple habba..hw abt u?,not_scam
"Got ur mail Dileep.thank you so muchand look forward to lots of support...very less contacts here,remember one venugopal you mentioned.tomorrow if not late,i shall try to come up till there.goodnight dear.",not_scam
Sometimes Heart Remembrs someone Very much... Forgets someone soon... Bcoz Heart will not like everyone. But liked ones will be Remembered Everytime... BSLVYL,not_scam
Joy's father is John. Then John is the NAME of Joy's father. Mandan,not_scam
Hi 07734396839 IBH Customer Loyalty Offer: The NEW NOKIA6600 Mobile from ONLY £10 at TXTAUCTION!Txt word:START to No:81151 & get Yours Now!4T&,scam
Hi this is yijue... It's regarding the 3230 textbook it's intro to algorithms second edition... I'm selling it for $50...,not_scam
SMS AUCTION You have won a Nokia 7250i. This is what you get when you win our FREE auction. To take part send Nokia to 86021 now. HG/Suite342/2Lands Row/W1JHL 16+,scam
"K, want us to come by now?",not_scam
How. Its a little difficult but its a simple way to enter this place,not_scam
Ha... Both of us doing e same thing. But i got tv 2 watch. U can thk of where 2 go tonight or u already haf smth in mind...,not_scam
Dont show yourself. How far. Put new pictures up on facebook.,not_scam
Watching tv now. I got new job :),not_scam
"Good afternoon sexy buns! How goes the job search ? I wake and you are my first thought as always, my love. I wish your fine and happy and know I adore you!",not_scam
"I'm not coming over, do whatever you want",not_scam
"Its ok chikku, and its my 1 of favourite song..:-)",not_scam
Did u see what I posted on your Facebook?,not_scam
Call FREEPHONE 0800 542 0578 now!,scam
Buy Space Invaders 4 a chance 2 win orig Arcade Game console. Press 0 for Games Arcade (std WAP charge) See o2.co.uk/games 4 Terms + settings. No purchase,scam
"7 wonders in My WORLD 7th You 6th Ur style 5th Ur smile 4th Ur Personality 3rd Ur Nature 2nd Ur SMS and 1st ""Ur Lovely Friendship""... good morning dear",not_scam
"Loan for any purpose £500 - £75,000. Homeowners + Tenants welcome. Have you been previously refused? We can still help. Call Free 0800 1956669 or text back 'help'",scam
BIG BROTHER ALERT! The computer has selected u for 10k cash or #150 voucher. Call 09064018838. NTT PO Box CRO1327 18+ BT Landline Cost 150ppm mobiles vary,scam
";-( oh well, c u later",not_scam
My uncles in Atlanta. Wish you guys a great semester.,not_scam
No dear i do have free messages without any recharge. Hi hi hi,not_scam
"Dont search love, let love find U. Thats why its called falling in love, bcoz U dont force yourself, U just fall and U know there is smeone to hold U... BSLVYL",not_scam
I dun believe u. I thk u told him.,not_scam
"Do you know why god created gap between your fingers..? So that, One who is made for you comes &amp; fills those gaps by holding your hand with LOVE..!",not_scam
Yes:)sura in sun tv.:)lol.,not_scam
Arun can u transfr me d amt,not_scam
Takin a shower now but yeah I'll leave when I'm done,not_scam
Am not working but am up to eyes in philosophy so will text u later when a bit more free for chat...,not_scam
U havent lost me ill always b here 4u.i didnt intend 2 hurt u but I never knew how u felt about me when Iwas+marine&thats what itried2tell urmom.i careabout u,not_scam
"WIN: We have a winner! Mr. T. Foley won an iPod! More exciting prizes soon, so keep an eye on ur mobile or visit www.win-82050.co.uk",scam
You bad girl. I can still remember them,not_scam
How much i gave to you. Morning.,not_scam
"I hope your alright babe? I worry that you might have felt a bit desparate when you learned the job was a fake ? I am here waiting when you come back, my love",not_scam
"Hey, can you tell me blake's address? Carlos wanted me to meet him there but I got lost and he's not answering his phone",not_scam
Can i get your opinion on something first?,not_scam
That one week leave i put know that time. Why.,not_scam
"If we hit it off, you can move in with me :)",not_scam
excellent. I spent  &lt;#&gt;  years in the Air Force. Iraq and afghanistan. I am stable and honest. do you like traveling?,not_scam
I wanna watch that movie,not_scam
Ok lor thanx... Ü in school?,not_scam
I'm in class. Did you get my text.,not_scam
The bus leaves at  &lt;#&gt;,not_scam
God bless.get good sleep my dear...i will pray!,not_scam
Todays Voda numbers ending 1225 are selected to receive a £50award. If you have a match please call 08712300220 quoting claim code 3100 standard rates app,scam
Do have a nice day today. I love you so dearly.,not_scam
Aiyo a bit pai seh ü noe... Scared he dun rem who i am then die... Hee... But he become better lookin oredi leh...,not_scam
"Aight, I'll ask a few of my roommates",not_scam
"Now, whats your house # again ? And do you have any beer there ?",not_scam
Do ü all wan 2 meet up n combine all the parts? How's da rest of da project going?,not_scam
"""Getting tickets 4 walsall tue 6 th march. My mate is getting me them on sat. ill pay my treat. Want 2 go. Txt bak .Terry""",not_scam
Yes we are chatting too.,not_scam
HI ITS JESS I DONT KNOW IF YOU ARE AT WORK BUT CALL ME WHEN U CAN IM AT HOME ALL EVE. XXX,not_scam
Sian... Aft meeting supervisor got work 2 do liao... U working now?,not_scam
Are you going to write ccna exam this week??,not_scam
Well i will watch shrek in 3D!!B),not_scam
Am i that much dirty fellow?,not_scam
Dunno dat's wat he told me. Ok lor...,not_scam
I'll probably be by tomorrow (or even later tonight if something's going on),not_scam
I couldn't say no as he is a dying man and I feel sad for him so I will go and I just wanted you to know I would probably be gone late into your night,not_scam
If you're thinking of lifting me one then no.,not_scam
Same as u... Dun wan... Y u dun like me already ah... Wat u doing now? Still eating?,not_scam
Sent me ur email id soon,not_scam
Wat makes some people dearer is not just de happiness dat u feel when u meet them but de pain u feel when u miss dem!!!,not_scam
"Dude. What's up. How Teresa. Hope you have been okay. When i didnt hear from these people, i called them and they had received the package since dec  &lt;#&gt; . Just thot you'ld like to know. Do have a fantastic year and all the best with your reading. Plus if you can really really Bam first aid for Usmle, then your work is done.",not_scam
Hey gorgeous man. My work mobile number is. Have a good one babe. Squishy Mwahs.,not_scam
May i call You later Pls,not_scam
"Hottest pics straight to your phone!! See me getting Wet and Wanting, just for you xx Text PICS to 89555 now! txt costs 150p textoperator g696ga 18 XxX",scam
That's the way you should stay oh.,not_scam
Hello- thanx for taking that call. I got a job! Starts on monday!,not_scam
What time is ur flight tmr?,not_scam
When should I come over?,not_scam
I have a rather prominent bite mark on my right cheek,not_scam
* Will be september by then!,not_scam
Are you wet right now?,not_scam
And how's your husband.,not_scam
"Hack Chat. Get backdoor entry into 121 chat rooms at a fraction of the cost. Reply NEO69 or call 09050280520, to subscribe 25p pm. DPS, Bcm box 8027 Ldn, wc1n3xx",scam
Are we doing the norm tomorrow? I finish just a 4.15 cos of st tests. Need to sort library stuff out at some point tomo - got letter from today - access til end march so i better get move on!,not_scam
Yeah. I got a list with only u and Joanna if I'm feeling really anti social,not_scam
I am in your office na.,not_scam
"""Are you comingdown later?""",not_scam
Super da:)good replacement for murali,not_scam
Da is good good player.why he is unsold.,not_scam
Hi. || Do u want | to join me with sts later? || Meeting them at five. || Call u after class.,not_scam
Its on in engalnd! But telly has decided it won't let me watch it and mia and elliot were kissing! Damn it!,not_scam
"FREE NOKIA Or Motorola with upto 12mths 1/2price linerental, 500 FREE x-net mins&100txt/mth FREE B'tooth*. Call Mobileupd8 on 08001950382 or call 2optout/D3WV",scam
I dont want to hear philosophy. Just say what happen,not_scam
You got job in wipro:)you will get every thing in life in 2 or 3 years.,not_scam
Then cant get da laptop? My matric card wif ü lei...,not_scam
Dunno da next show aft 6 is 850. Toa payoh got 650.,not_scam
"This is the 2nd time we have tried 2 contact u. U have won the 750 Pound prize. 2 claim is easy, call 08718726970 NOW! Only 10p per min. BT-national-rate",scam
I just made some payments so dont have that much. Sorry. Would you want it fedex or the other way.,not_scam
They did't play one day last year know even though they have very good team.. Like india.,not_scam
K.:)you are the only girl waiting in reception ah?,not_scam
"Say this slowly.? GOD,I LOVE YOU &amp; I NEED YOU,CLEAN MY HEART WITH YOUR BLOOD.Send this to Ten special people &amp; u c miracle tomorrow, do it,pls,pls do it...",not_scam
I hate when she does this. She turns what should be a fun shopping trip into an annoying day of how everything would look in her house.,not_scam
"Sir, i am waiting for your call.",not_scam
What's up. Do you want me to come online?,not_scam
"It could work, we'll reach a consensus at the next meeting",not_scam
Aiyah then i wait lor. Then u entertain me. Hee...,not_scam
"The last thing i ever wanted to do was hurt you. And i didn't think it would have. You'd laugh, be embarassed, delete the tag and keep going. But as far as i knew, it wasn't even up. The fact that you even felt like i would do it to hurt you shows you really don't know me at all. It was messy wednesday, but it wasn't bad. The problem i have with it is you HAVE the time to clean it, but you choose not to. You skype, you take pictures, you sleep, you want to go out. I don't mind a few things here and there, but when you don't make the bed, when you throw laundry on top of it, when i can't have a friend in the house because i'm embarassed that there's underwear and bras strewn on the bed, pillows on the floor, that's something else. You used to be good about at least making the bed.",not_scam
I'll let you know when it kicks in,not_scam
You call him now ok i said call him,not_scam
Call to the number which is available in appointment. And ask to connect the call to waheed fathima.,not_scam
Or ü go buy wif him then i meet ü later can?,not_scam
Mmmm ... Fuck ... Not fair ! You know my weaknesses ! *grins* *pushes you to your knee's* *exposes my belly and pulls your head to it* Don't forget ... I know yours too *wicked smile*,not_scam
Today my system sh get ready.all is well and i am also in the deep well,not_scam
Mom wants to know where you at,not_scam
"Aight, I'll text you when I'm back",not_scam
Dont know supports ass and srt i thnk. I think ps3 can play through usb too,not_scam
Oh ok i didnt know what you meant. Yep i am baby jontin,not_scam
You have WON a guaranteed £1000 cash or a £2000 prize.To claim yr prize call our customer service representative on,scam
Would you like to see my XXX pics they are so hot they were nearly banned in the uk!,scam
HMV BONUS SPECIAL 500 pounds of genuine HMV vouchers to be won. Just answer 4 easy questions. Play Now! Send HMV to 86688 More info:www.100percent-real.com,scam
Watching tv now. I got new job :),not_scam
This pen thing is beyond a joke. Wont a Biro do? Don't do a masters as can't do this ever again!,not_scam
I AM AT A PARTY WITH ALEX NICHOLS,not_scam
U have a secret admirer who is looking 2 make contact with U-find out who they R*reveal who thinks UR so special-call on 09058094594,scam
Just seeing your missed call my dear brother. Do have a gr8 day.,not_scam
Ok.. Ü finishing soon?,not_scam
"Sorry, I can't help you on this.",not_scam
"Come to me, slave. Your doing it again ... Going into your shell and unconsciously avoiding me ... You are making me unhappy :-(",not_scam
I love your ass! Do you enjoy doggy style? :),not_scam
I think asking for a gym is the excuse for lazy people. I jog.,not_scam
Dear 0776xxxxxxx U've been invited to XCHAT. This is our final attempt to contact u! Txt CHAT to 86688 150p/MsgrcvdHG/Suite342/2Lands/Row/W1J6HL LDN 18yrs,scam
Urgent! Please call 09061743811 from landline. Your ABTA complimentary 4* Tenerife Holiday or £5000 cash await collection SAE T&Cs Box 326 CW25WX 150ppm,scam
No. On the way home. So if not for the long dry spell the season would have been over,not_scam
I gotta collect da car at 6 lei.,not_scam
Ok but knackered. Just came home and went to sleep! Not good at this full time work lark.,not_scam
Probably earlier than that if the station's where I think it is,not_scam
CALL 09090900040 & LISTEN TO EXTREME DIRTY LIVE CHAT GOING ON IN THE OFFICE RIGHT NOW TOTAL PRIVACY NO ONE KNOWS YOUR [sic] LISTENING 60P MIN 24/7MP 0870753331018+,scam
Good Morning plz call me sir,not_scam
"FreeMsg Hey U, i just got 1 of these video/pic fones, reply WILD to this txt & ill send U my pics, hurry up Im so bored at work xxx (18 150p/rcvd STOP2stop)",scam
"Uh, heads up we don't have THAT much left",not_scam
I tot u outside cos darren say u come shopping. Of course we nice wat. We jus went sim lim look at mp3 player.,not_scam
"Aight, sounds good. When do you want me to come down?",not_scam
Wat would u like 4 ur birthday?,not_scam
I love working from home :),not_scam
And miss vday the parachute and double coins??? U must not know me very well...,not_scam
"Sorry, I'll call later",not_scam
My sister got placed in birla soft da:-),not_scam
Free entry in 2 a weekly comp for a chance to win an ipod. Txt POD to 80182 to get entry (std txt rate) T&C's apply 08452810073 for details 18+,scam
Wah... Okie okie... Muz make use of e unlimited... Haha...,not_scam
"There're some people by mu, I'm at the table by lambda",not_scam
And stop being an old man. You get to build snowman snow angels and snowball fights.,not_scam
ELLO BABE U OK?,not_scam
Hello beautiful r u ok? I've kinda ad a row wiv and he walked out the pub?? I wanted a night wiv u Miss u,not_scam
Then u going ikea str aft dat?,not_scam
Becoz its  &lt;#&gt;  jan whn al the post ofice is in holiday so she cn go fr the post ofice...got it duffer,not_scam
Lol grr my mom is taking forever with my prescription. Pharmacy is like 2 minutes away. Ugh.,not_scam
For real tho this sucks. I can't even cook my whole electricity is out. And I'm hungry.,not_scam
You want to go?,not_scam
New TEXTBUDDY Chat 2 horny guys in ur area 4 just 25p Free 2 receive Search postcode or at gaytextbuddy.com. TXT ONE name to 89693. 08715500022 rpl Stop 2 cnl,scam
Its not that time of the month nor mid of the time?,not_scam
Fffff. Can you text kadeem or are you too far gone,not_scam
We not leaving yet. Ok lor then we go elsewhere n eat. U thk...,not_scam
Is fujitsu s series lifebook good?,not_scam
Yar i wanted 2 scold u yest but late already... I where got zhong se qing you? If u ask me b4 he ask me then i'll go out w u all lor. N u still can act so real.,not_scam
Dont know you bring some food,not_scam
No current and food here. I am alone also,not_scam
I'll be in sch fr 4-6... I dun haf da book in sch... It's at home...,not_scam
Hello. They are going to the village pub at 8 so either come here or there accordingly. Ok?,not_scam
Ok,not_scam
We don call like  &lt;#&gt;  times oh. No give us hypertension oh.,not_scam
"Dont give a monkeys wot they think and i certainly don't mind. Any friend of mine&all that! Just don't sleep wiv , that wud be annoyin!",not_scam
Omg it could snow here tonite!,not_scam
Call from 08702490080 - tells u 2 call 09066358152 to claim £5000 prize. U have 2 enter all ur mobile & personal details @ the prompts. Careful!,scam
Free 1st week entry 2 TEXTPOD 4 a chance 2 win 40GB iPod or £250 cash every wk. Txt VPOD to 81303 Ts&Cs www.textpod.net custcare 08712405020.,scam
Carry on not disturbing both of you,not_scam
What pa tell me.. I went to bath:-),not_scam
Jus finished avatar nigro,not_scam
R u over scratching it?,not_scam
Hope you are having a great day.,not_scam
Did either of you have any idea's? Do you know of anyplaces doing something?,not_scam
"My planning usually stops at ""find hella weed, smoke hella weed""",not_scam
"The fact that you're cleaning shows you know why i'm upset. Your priority is constantly ""what i want to do,"" not ""what i need to do.""",not_scam
Excellent! Are you ready to moan and scream in ecstasy?,not_scam
More people are dogging in your area now. Call 09090204448 and join like minded guys. Why not arrange 1 yourself. There's 1 this evening. A£1.50 minAPN LS278BB,scam
Dude avatar 3d was imp. At one point i thought there were actually flies in the room and almost tried hittng one as a reflex,not_scam
"WELL DONE! Your 4* Costa Del Sol Holiday or £5000 await collection. Call 09050090044 Now toClaim. SAE, TCs, POBox334, Stockport, SK38xh, Cost£1.50/pm, Max10mins",scam
K...k:)why cant you come here and search job:),not_scam
I got lousy sleep. I kept waking up every 2 hours to see if my cat wanted to come in. I worry about him when its cold :(,not_scam
"Yeah, I'll leave in a couple minutes &amp; let you know when I get to mu",not_scam
Can ü call me at 10:10 to make sure dat i've woken up...,not_scam
Hey we can go jazz power yoga hip hop kb and yogasana,not_scam
The battery is for mr adewale my uncle. Aka Egbon,not_scam
I cant pick the phone right now. Pls send a message,not_scam
Wait 2 min..stand at bus stop,not_scam
Oh ic. I thought you meant mary jane.,not_scam
Haha... Really oh no... How? Then will they deduct your lesson tmr?,not_scam
Nah im goin 2 the wrks with j wot bout u?,not_scam
Then just eat a shit and wait for ur monkey face bitch.......... U asshole..................,not_scam
Good night. Am going to sleep.,not_scam
"Aight I'll grab something to eat too, text me when you're back at mu",not_scam
K...k:)why cant you come here and search job:),not_scam
Take something for pain. If it moves however to any side in the next 6hrs see a doctor.,not_scam
"Lol ... Oh no babe, I wont be sliding into your place after midnight, but thanks for the invite",not_scam
Howz that persons story,not_scam
Guess what! Somebody you know secretly fancies you! Wanna find out who it is? Give us a call on 09065394973 from Landline DATEBox1282EssexCM61XN 150p/min 18,scam
LOL that would be awesome payback.,not_scam
it to 80488. Your 500 free text messages are valid until 31 December 2005.,scam
Yes :)it completely in out of form:)clark also utter waste.,not_scam
"Honeybee Said: *I'm d Sweetest in d World* God Laughed &amp; Said: *Wait,U Havnt Met d Person Reading This Msg* MORAL: Even GOD Can Crack Jokes! GM+GN+GE+GN:)",not_scam
Thanks. It was only from tescos but quite nice. All gone now. Speak soon,not_scam
What's a feathery bowa? Is that something guys have that I don't know about?,not_scam
Even i cant close my eyes you are in me our vava playing umma :-D,not_scam
2 laptop... I noe infra but too slow lar... I wan fast one,not_scam
You have won a guaranteed £200 award or even £1000 cashto claim UR award call free on 08000407165 (18+) 2 stop getstop on 88222 PHP,scam
Nvm it's ok...,not_scam
Enjoy ur life. . Good night,not_scam
Yes but can we meet in town cos will go to gep and then home. You could text at bus stop. And don't worry we'll have finished by march … ish!,not_scam
I had askd u a question some hours before. Its answer,not_scam
Thats cool. Where should i cum? On you or in you? :),not_scam
Delhi and chennai still silent.,not_scam
Lol alright i was thinkin that too haha,not_scam
Reply to win £100 weekly! Where will the 2006 FIFA World Cup be held? Send STOP to 87239 to end service,scam
No I'm in the same boat. Still here at my moms. Check me out on yo. I'm half naked.,not_scam
Shhhhh nobody is supposed to know!,not_scam
"Sorry, I'll call later",not_scam
"Sorry, I'll call later in meeting any thing related to trade please call Arul. &lt;#&gt;",not_scam
Hey i will be late... i'm at amk. Need to drink tea or coffee,not_scam
I wnt to buy a BMW car urgently..its vry urgent.but hv a shortage of  &lt;#&gt; Lacs.there is no source to arng dis amt. &lt;#&gt; lacs..thats my prob,not_scam
Urgent! Please call 09061743810 from landline. Your ABTA complimentary 4* Tenerife Holiday or #5000 cash await collection SAE T&Cs Box 326 CW25WX 150 ppm,scam
The length is e same but e top shorter n i got a fringe now. I thk i'm not going liao. Too lazy. Dun wan 2 distract u also.,not_scam
S..antha num corrct dane,not_scam
No calls..messages..missed calls,not_scam
"Sorry, I'll call later",not_scam
The basket's gettin full so I might be by tonight,not_scam
HI DARLIN IVE JUST GOT BACK AND I HAD A REALLY NICE NIGHT AND THANKS SO MUCH FOR THE LIFT SEE U TOMORROW XXX,not_scam
No other Valentines huh? The proof is on your fb page. Ugh I'm so glad I really DIDN'T watch your rupaul show you TOOL!,not_scam
Free tones Hope you enjoyed your new content. text stop to 61610 to unsubscribe. help:08712400602450p Provided by tones2you.co.uk,scam
Eh den sat u book e kb liao huh...,not_scam
Have you been practising your curtsey?,not_scam
Shall i come to get pickle,not_scam
Lol boo I was hoping for a laugh,not_scam
"""YEH I AM DEF UP4 SOMETHING SAT,JUST GOT PAYED2DAY & I HAVBEEN GIVEN A£50 PAY RISE 4MY WORK & HAVEBEEN MADE PRESCHOOLCO-ORDINATOR 2I AM FEELINGOOD LUV""",not_scam
"Well, I have to leave for my class babe ... You never came back to me ... :-( ... Hope you have a nice sleep, my love",not_scam
LMAO where's your fish memory when I need it?,not_scam
But i'll b going 2 sch on mon. My sis need 2 take smth.,not_scam
Idea will soon get converted to live:),not_scam
TheMob>Yo yo yo-Here comes a new selection of hot downloads for our members to get for FREE! Just click & open the next link sent to ur fone...,scam
S....s...india going to draw the series after many years in south african soil..,not_scam
"Goodmorning, today i am late for  &lt;DECIMAL&gt; min.",not_scam
Can't take any major roles in community outreach. You rock mel,not_scam
Shopping lor. Them raining mah hard 2 leave orchard.,not_scam
Hi here. have birth at on the  to  at 8lb 7oz. Mother and baby doing brilliantly.,not_scam
See the forwarding message for proof,not_scam
"I can't keep going through this. It was never my intention to run you out, but if you choose to do that rather than keep the room clean so *I* don't have to say no to visitors, then maybe that's the best choice. Yes, I wanted you to be embarassed, so maybe you'd feel for once how I feel when i have a friend who wants to drop buy and i have to say no, as happened this morning. I've tried everything. I don't know what else to do.",not_scam
Dunno lei... I thk mum lazy to go out... I neva ask her yet...,not_scam
"Do whatever you want. You know what the rules are. We had a talk earlier this week about what had to start happening, you showing responsibility. Yet, every week it's can i bend the rule this way? What about that way? Do whatever. I'm tired of having thia same argument with you every week. And a  &lt;#&gt;  movie DOESNT inlude the previews. You're still getting in after 1.",not_scam
"Beautiful Truth against Gravity.. Read carefully: ""Our heart feels light when someone is in it.. But it feels very heavy when someone leaves it.."" GOODMORNING",not_scam
Great News! Call FREEFONE 08006344447 to claim your guaranteed £1000 CASH or £2000 gift. Speak to a live operator NOW!,scam
Ambrith..madurai..met u in arun dha marrge..remembr?,not_scam
Just re read it and I have no shame but tell me how he takes it and if he runs I will blame u 4 ever!! Not really 4 ever just a long time,not_scam
"Princess, is your kitty shaved or natural?",not_scam
"Better than bb. If he wont use it, his wife will or them doctor",not_scam
Ya it came a while ago,not_scam
From tomorrow onwards eve 6 to 3 work.,not_scam
Anything lor but toa payoh got place 2 walk meh...,not_scam
"I don't have anybody's number, I still haven't thought up a tactful way to ask alex",not_scam
"U can WIN £100 of Music Gift Vouchers every week starting NOW Txt the word DRAW to 87066 TsCs www.ldew.com SkillGame,1Winaweek, age16.150ppermessSubscription",scam
Is there any movie theatre i can go to and watch unlimited movies and just pay once?,not_scam
U having lunch alone? I now so bored...,not_scam
"Yes obviously, but you are the eggs-pert and the potato head… Speak soon!",not_scam
"Nah man, my car is meant to be crammed full of people",not_scam
No got new job at bar in airport on satsgettin 4.47per hour but means no lie in! keep in touch,not_scam
Kallis is ready for bat in 2nd innings,not_scam
Thanx but my birthday is over already.,not_scam
"Ugh y can't u just apologize, admit u were wrong and ask me to take u back?",not_scam
"I noe la... U wana pei bf oso rite... K lor, other days den...",not_scam
"Yes, i'm small kid.. And boost is the secret of my energy..",not_scam
IM GONNA MISS U SO MUCH,not_scam
Is avatar supposed to have subtoitles,not_scam
Simply sitting and watching match in office..,not_scam
You can jot down things you want to remember later.,not_scam
Oh sorry please its over,not_scam
Hey are we going for the lo lesson or gym?,not_scam
"Dont pack what you can buy at any store.like cereals. If you must pack food, pack gari or something 9ja that you will miss.",not_scam
You always make things bigger than they are,not_scam
Ü dun wan to watch infernal affair?,not_scam
"Me not waking up until 4 in the afternoon, sup",not_scam
4mths half price Orange line rental & latest camera phones 4 FREE. Had your phone 11mths ? Call MobilesDirect free on 08000938767 to update now! or2stoptxt,scam
I can send you a pic if you like :),not_scam
Okay... I booked all already... Including the one at bugis.,not_scam
"Aight fuck it, I'll get it later",not_scam
No de. But call me after some time. Ill tell you k,not_scam
So dont use hook up any how,not_scam
How much is blackberry bold2 in nigeria.,not_scam
Hi where you. You in home or calicut?,not_scam
Hey darlin.. i can pick u up at college if u tell me wen & where 2 mt.. love Pete xx,not_scam
"Call 09094100151 to use ur mins! Calls cast 10p/min (mob vary). Service provided by AOM, just GBP5/month. AOM Box61,M60 1ER until u stop. Ages 18+ only!",scam
"Oh... I was thkin of goin yogasana at 10 den no nd to go at 3 den can rush to parco 4 nb... Okie lor, u call me when ready...",not_scam
Y so late but i need to go n get da laptop...,not_scam
"Sir, I am waiting for your mail.",not_scam
.Please charge my mobile when you get up in morning.,not_scam
"Nothing, i got msg frm tht unknown no..",not_scam
Ugh fuck it I'm resubbing to eve,not_scam
He didn't see his shadow. We get an early spring yay,not_scam
I did. One slice and one breadstick. Lol,not_scam
"Hey ! I want you ! I crave you ! I miss you ! I need you ! I love you, Ahmad Saeed al Hallaq ...",not_scam
Is there any training tomorrow?,not_scam
"URGENT! Your mobile No *********** WON a £2,000 Bonus Caller Prize on 02/06/03! This is the 2nd attempt to reach YOU! Call 09066362220 ASAP! BOX97N7QP, 150ppm",scam
Pass dis to all ur contacts n see wat u get! Red;i'm in luv wid u. Blue;u put a smile on my face. Purple;u r realy hot. Pink;u r so swt. Orange;i thnk i lyk u. Green;i realy wana go out wid u. Yelow;i wnt u bck. Black;i'm jealous of u. Brown;i miss you Nw plz giv me one color,not_scam
Cos daddy arranging time c wat time fetch ü mah...,not_scam
Then. You are eldest know.,not_scam
Who's there say hi to our drugdealer,not_scam
Its hard to believe things like this. All can say lie but think twice before saying anything to me.,not_scam
"Eerie Nokia tones 4u, rply TONE TITLE to 8007 eg TONE DRACULA to 8007 Titles: GHOST, ADDAMSFA, MUNSTERS, EXORCIST, TWILIGHT www.getzed.co.uk POBox36504W45WQ 150p",scam
Sexy Singles are waiting for you! Text your AGE followed by your GENDER as wither M or F E.G.23F. For gay men text your AGE followed by a G. e.g.23G.,scam
Good night my dear.. Sleepwell&amp;Take care,not_scam
That is wondarfull song,not_scam
"FreeMsg: Claim ur 250 SMS messages-Text OK to 84025 now!Use web2mobile 2 ur mates etc. Join Txt250.com for 1.50p/wk. T&C BOX139, LA32WU. 16 . Remove txtX or stop",scam
Yar lor actually we quite fast... Cos da ge slow wat... Haha...,not_scam
Must come later.. I normally bathe him in da afternoon mah..,not_scam
"Trust me. Even if isn't there, its there.",not_scam
Hey hun-onbus goin 2 meet him. He wants 2go out 4a meal but I donyt feel like it cuz have 2 get last bus home!But hes sweet latelyxxx,not_scam
85233 FREE>Ringtone!Reply REAL,scam
I can take you at like noon,not_scam
Where is it. Is there any opening for mca.,not_scam
I'm aight. Wat's happening on your side.,not_scam
I'm done oredi...,not_scam
"you are sweet as well, princess. Please tell me your likes and dislikes in bed...",not_scam
How are you. Wish you a great semester,not_scam
Moji i love you more than words. Have a rich day,not_scam
Dude how do you like the buff wind.,not_scam
"""alright babe, justthought id sayhey! how u doin?nearly the endof me wk offdam nevamind!We will have 2Hook up sn if uwant m8? loveJen x.""",not_scam
Well done ENGLAND! Get the official poly ringtone or colour flag on yer mobile! text TONE or FLAG to 84199 NOW! Opt-out txt ENG STOP. Box39822 W111WX £1.50,scam
"No i'm not. I can't give you everything you want and need. You actually could do better for yourself on yor own--you've got more money than i do. I can't get work, i can't get a man, i can't pay the rent, i can't even fill my fucking gas tank. yes, i'm stressed and depressed. I didn't even call home for thanksgiving cuz i'll have to tell them i,m up to nothing.",not_scam
S:-)kallis wont play in first two odi:-),not_scam
Then get some cash together and I'll text jason,not_scam
"Oh, my love, it's soooo good to hear from you. Omg I missed you so much today. I'm sorry your having problems with the provider but thank you for tming me",not_scam
"Final Chance! Claim ur £150 worth of discount vouchers today! Text YES to 85023 now! SavaMob, member offers mobile! T Cs SavaMob POBOX84, M263UZ. £3.00 Subs 16",scam
PRIVATE! Your 2004 Account Statement for 07742676969 shows 786 unredeemed Bonus Points. To claim call 08719180248 Identifier Code: 45239 Expires,scam
"Probably, want to pick up more?",not_scam
I'm done...,not_scam
Are you the cutest girl in the world or what,not_scam
"No dice, art class 6 thru 9 :( thanks though. Any idea what time I should come tomorrow?",not_scam
"SMS SERVICES. for your inclusive text credits, pls goto www.comuk.net login= ***** unsubscribe with STOP. no extra charge. help:08700469649. PO BOX420. IP4 5WE",scam
Oh Howda gud gud.. Mathe en samachara chikku:-),not_scam
I thk 530 lor. But dunno can get tickets a not. Wat u doing now?,not_scam
Audrie lousy autocorrect,not_scam
Its a site to simulate the test. It just gives you very tough questions to test your readiness.,not_scam
Anyway seriously hit me up when you're back because otherwise I have to light up with armand and he always has shit and/or is vomiting,not_scam
I fetch yun or u fetch?,not_scam
Thank you. I like you as well...,not_scam
"Hmmm ... And imagine after you've come home from that having to rub my feet, make me dinner and help me get ready for my date ! Are you sure your ready for that kind of life ?",not_scam
"FREE2DAY sexy St George's Day pic of Jordan!Txt PIC to 89080 dont miss out, then every wk a saucy celeb!4 more pics c PocketBabe.co.uk 0870241182716 £3/wk",scam
Lara said she can loan me  &lt;#&gt; .,not_scam
Do we have any spare power supplies,not_scam
Yar he quite clever but aft many guesses lor. He got ask me 2 bring but i thk darren not so willing 2 go. Aiya they thk leona still not attach wat.,not_scam
You are a winner you have been specially selected to receive £1000 cash or a £2000 award. Speak to a live operator to claim call 087123002209am-7pm. Cost 10p,scam
"Yeah, don't go to bed, I'll be back before midnight",not_scam
"Sunshine Hols. To claim ur med holiday send a stamped self address envelope to Drinks on Us UK, PO Box 113, Bray, Wicklow, Eire. Quiz Starts Saturday! Unsub Stop",scam
Well I wasn't available as I washob nobbing with last night so they had to ask Nickey Platt instead of me!;,not_scam
"It's that time of the week again, ryan",not_scam
Wish u many many returns of the day.. Happy birthday vikky..,not_scam
"U can WIN £100 of Music Gift Vouchers every week starting NOW Txt the word DRAW to 87066 TsCs www.Idew.com SkillGame, 1Winaweek, age16. 150ppermessSubscription",scam
I hope you know I'm still mad at you.,not_scam
"Argh my 3g is spotty, anyway the only thing I remember from the research we did was that province and sterling were the only problem-free places we looked at",not_scam
In xam hall boy asked girl Tell me the starting term for dis answer I can den manage on my own After lot of hesitation n lookin around silently she said THE! intha ponnungale ipaditan;),not_scam
Do you know when the result.,not_scam
+123 Congratulations - in this week's competition draw u have won the £1450 prize to claim just call 09050002311 b4280703. T&Cs/stop SMS 08718727868. Over 18 only 150ppm,scam
"Beautiful Truth against Gravity.. Read carefully: ""Our heart feels light when someone is in it.. But it feels very heavy when someone leaves it.."" GOOD NIGHT",not_scam
"Sorry im getting up now, feel really bad- totally rejected that kinda me thing.",not_scam
You do got a shitload of diamonds though,not_scam
Tessy..pls do me a favor. Pls convey my birthday wishes to Nimya..pls dnt forget it. Today is her birthday Shijas,not_scam
Well I'm going to be an aunty!,not_scam
Mine here like all fr china then so noisy.,not_scam
Later i guess. I needa do mcat study too.,not_scam
S...from the training manual it show there is no tech process:)its all about password reset and troubleshooting:),not_scam
Your B4U voucher w/c 27/03 is MARSMS. Log onto www.B4Utele.com for discount credit. To opt out reply stop. Customer care call 08717168528,scam
"Spoke with uncle john today. He strongly feels that you need to sacrifice to keep me here. He's going to call you. When he does, i beg you to just listen. Dont make any promises or make it clear things are not easy. And i need you to please let us work things out. As long as i keep expecting help, my creativity will be stifled so pls just keep him happy, no promises on your part.",not_scam
If he started searching he will get job in few days.he have great potential and talent.,not_scam
"Carlos took a while (again), we leave in a minute",not_scam
Well done and ! luv ya all,not_scam
Then why you came to hostel.,not_scam
K still are you loving me.,not_scam
But i juz remembered i gotta bathe my dog today..,not_scam
After the drug she will be able to eat.,not_scam
Alright took the morphine. Back in yo.,not_scam
You see the requirements please,not_scam
You stayin out of trouble stranger!!saw Dave the other day hes sorted now!still with me bloke when u gona get a girl MR!ur mum still Thinks we will get 2GETHA!,not_scam
FreeMsg: Hey - I'm Buffy. 25 and love to satisfy men. Home alone feeling randy. Reply 2 C my PIX! QlynnBV Help08700621170150p a msg Send stop to stop txts,scam
"Sunshine Hols. To claim ur med holiday send a stamped self address envelope to Drinks on Us UK, PO Box 113, Bray, Wicklow, Eire. Quiz Starts Saturday! Unsub Stop",scam
So can collect ur laptop?,not_scam
"Ok. Can be later showing around 8-8:30 if you want + cld have drink before. Wld prefer not to spend money on nosh if you don't mind, as doing that nxt wk.",not_scam
I will once i get home,not_scam
Waaaat?? Lololo ok next time then!,not_scam
"The table's occupied, I'm waiting by the tree",not_scam
I surely dont forgot to come:)i will always be in touch in with you:-),not_scam
Hi kindly give us back our documents which we submitted for loan from STAPATI,not_scam
I dont have i shall buy one dear,not_scam
Oh god i am happy to see your message after 3 days,not_scam
What year. And how many miles.,not_scam
Hey cutie. How goes it? Here in WALES its kinda ok. There is like hills and shit but i still avent killed myself.,not_scam
"Sad story of a Man - Last week was my b'day. My Wife did'nt wish me. My Parents forgot n so did my Kids . I went to work. Even my Colleagues did not wish. As I entered my cabin my PA said, '' Happy B'day Boss !!''. I felt special. She askd me 4 lunch. After lunch she invited me to her apartment. We went there. She said,'' do u mind if I go into the bedroom for a minute ? '' ''OK'', I sed in a sexy mood. She came out 5 minuts latr wid a cake...n My Wife, My Parents, My Kidz, My Friends n My Colleagues. All screaming.. SURPRISE !! and I was waiting on the sofa.. ... ..... ' NAKED...!",not_scam
I think you should go the honesty road. Call the bank tomorrow. Its the tough decisions that make us great people.,not_scam
FREE for 1st week! No1 Nokia tone 4 ur mob every week just txt NOKIA to 87077 Get txting and tell ur mates. zed POBox 36504 W45WQ norm150p/tone 16+,scam
No. Its not specialisation. Can work but its slave labor. Will look for it this month sha cos no shakara 4 beggar.,not_scam
Is she replying. Has boye changed his phone number,not_scam
"1) Go to write msg 2) Put on Dictionary mode 3)Cover the screen with hand, 4)Press  &lt;#&gt; . 5)Gently remove Ur hand.. Its interesting..:)",not_scam
hi my darlin im on my way to London and we have just been smashed into by another driver! and have a big dent! im really missing u what have u been up to? xxx,not_scam
"Nothing really, just making sure everybody's up to speed",not_scam
I'm not coming home 4 dinner.,not_scam
"Thank you. And by the way, I just lost.",not_scam
Yes.he have good crickiting mind,not_scam
Thx. All will be well in a few months,not_scam
"Shop till u Drop, IS IT YOU, either 10K, 5K, £500 Cash or £100 Travel voucher, Call now, 09064011000. NTT PO Box CR01327BT fixedline Cost 150ppm mobile vary",scam
"""CAN I PLEASE COME UP NOW IMIN TOWN.DONTMATTER IF URGOIN OUTL8R,JUST REALLYNEED 2DOCD.PLEASE DONTPLEASE DONTIGNORE MYCALLS,U NO THECD ISV.IMPORTANT TOME 4 2MORO""",not_scam
I wont. So wat's wit the guys,not_scam
Yavnt tried yet and never played original either,not_scam
"Hiya, had a good day? Have you spoken to since the weekend?",not_scam
See? I thought it all through,not_scam
I'm at work. Please call,not_scam
get ready to moan and scream :),not_scam
Oh k :)why you got job then whats up?,not_scam
"I don,t think so. You don't need to be going out that late on a school night. ESPECIALLY when the one class you have is the one you missed last wednesday and probably failed a test in on friday",not_scam
And popping &lt;#&gt; ibuprofens was no help.,not_scam
"Babe ! How goes that day ? What are you doing ? Where are you ? I sip my cappuccino and think of you, my love ... I send a kiss to you from across the sea",not_scam
Ok.,not_scam
PS U no ur a grown up now right?,not_scam
"Chinatown got porridge, claypot rice, yam cake, fishhead beehoon... Either we eat cheap den go cafe n tok or go nydc or somethin...",not_scam
I know a few people I can hit up and fuck to the yes,not_scam
Purity of friendship between two is not about smiling after reading the forwarded message..Its about smiling just by seeing the name. Gud evng,not_scam
So is there anything specific I should be doing with regards to jaklin or what because idk what the fuck,not_scam
Oh god. I'm gonna Google nearby cliffs now.,not_scam
FREE camera phones with linerental from 4.49/month with 750 cross ntwk mins. 1/2 price txt bundle deals also avble. Call 08001950382 or call2optout/J MF,scam
Yup i shd haf ard 10 pages if i add figures... Ü all got how many pages?,not_scam
"Ooh, 4got, i'm gonna start belly dancing in moseley weds 6.30 if u want 2 join me, they have a cafe too.",not_scam
Thankyou so much for the call. I appreciate your care.,not_scam
Congrats ! Treat pending.i am not on mail for 2 days.will mail once thru.Respect mother at home.check mails.,not_scam
I called but no one pick up e phone. I ask both of them already they said ok.,not_scam
Hi my email address has changed now it is,not_scam
"V-aluable. A-ffectionate. L-oveable. E-ternal. N-oble. T-ruthful. I-ntimate. N-atural. E-namous. Happy ""VALENTINES DAY"" in advance",not_scam
"Not much, just some textin'. How bout you?",not_scam
Bring it if you got it,not_scam
I'm in a movie. Call me 4 wat?,not_scam
Not sure I have the stomach for it ...,not_scam
Haha... can... But i'm having dinner with my cousin...,not_scam
"A boy was late 2 home. His father: ""POWER OF FRNDSHIP""",not_scam
"(And my man carlos is definitely coming by mu tonight, no excuses)",not_scam
soon you will have the real thing princess! Do i make you wet? :),not_scam
Raji..pls do me a favour. Pls convey my Birthday wishes to Nimya. Pls. Today is her birthday.,not_scam
"Haha, my legs and neck are killing me and my amigos are hoping to end the night with a burn, think I could swing by in like an hour?",not_scam
"URGENT! Your mobile No 07xxxxxxxxx won a £2,000 bonus caller prize on 02/06/03! this is the 2nd attempt to reach YOU! call 09066362231 ASAP! BOX97N7QP, 150PPM",scam
Usually the body takes care of it buy making sure it doesnt progress. Can we pls continue this talk on saturday.,not_scam
"URGENT!! Your 4* Costa Del Sol Holiday or £5000 await collection. Call 09050090044 Now toClaim. SAE, TC s, POBox334, Stockport, SK38xh, Cost£1.50/pm, Max10mins",scam
"Hmm well, night night",not_scam
Just wanted to say holy shit you guys weren't kidding about this bud,not_scam
"Just gettin a bit arty with my collages at the mo, well tryin 2 ne way! Got a roast in a min lovely i shall enjoy that!",not_scam
"This is one of the days you have a billion classes, right?",not_scam
"Goodmorning, today i am late for 2hrs. Because of back pain.",not_scam
Ok then i'll let him noe later n ask him call u tmr...,not_scam
Prabha..i'm soryda..realy..frm heart i'm sory,not_scam
OK i'm waliking ard now... Do u wan me 2 buy anything go ur house?,not_scam
* Will have two more cartons off u and is very pleased with shelves,not_scam
Nice talking to you! please dont forget my pix :) i want to see all of you...,not_scam
You have WON a guaranteed £1000 cash or a £2000 prize. To claim yr prize call our customer service representative on 08714712379 between 10am-7pm Cost 10p,scam
But really quite funny lor wat... Then u shd haf run shorter distance wat...,not_scam
I notice you like looking in the shit mirror youre turning into a right freak,not_scam
Great. I was getting worried about you. Just know that a wonderful and caring person like you will have only the best in life. Know that u r wonderful and God's love is yours.,not_scam
"Thanks for your ringtone order, ref number K718. Your mobile will be charged £4.50. Should your tone not arrive please call customer services on 09065069120",scam
"I prefer my free days... Tues, wed, fri oso can... Ü ask those workin lor...",not_scam
Alrite jod hows the revision goin? Keris bin doin a smidgin. N e way u wanna cum over after college?xx,not_scam
If you have belive me. Come to my home.,not_scam
Oh k.k..where did you take test?,not_scam
Those were my exact intentions,not_scam
haha but no money leh... Later got to go for tuition... Haha and looking for empty slots for driving lessons,not_scam
"Hey... Thk we juz go accordin to wat we discussed yest lor, except no kb on sun... Cos there's nt much lesson to go if we attend kb on sat...",not_scam
"K, wen ur free come to my home and also tel vikky i hav sent mail to him also.. Better come evening il be free today aftr 6pm..:-)",not_scam
Nothing just getting msgs by dis name wit different no's..,not_scam
Good Morning plz call me sir,not_scam
What's your room number again? Wanna make sure I'm knocking on the right door,not_scam
"""Si.como no?!listened2the plaid album-quite gd&the new air1 which is hilarious-also boughtbraindancea comp.ofstuff on aphexs ;abel,u hav2hear it!c u sn xxxx""",not_scam
Pls tell nelson that the bb's are no longer comin. The money i was expecting aint coming,not_scam
"Give her something to drink, if she takes it and doesn't vomit then you her temp might drop. If she unmits however let me know.",not_scam
Think you sent the text to the home phone. That cant display texts. If you still want to send it his number is,not_scam
Every day i use to sleep after  &lt;#&gt;  so only.,not_scam
K I'll call you when I'm close,not_scam
U buy newspapers already?,not_scam
Nope wif my sis lor... Aft bathing my dog then i can bathe... Looks like it's going 2 rain soon.,not_scam
Boo I'm on my way to my moms. She's making tortilla soup. Yummmm,not_scam
No management puzzeles.,not_scam
How did you find out in a way that didn't include all of these details,not_scam
"Hi ya babe x u 4goten bout me?' scammers getting smart..Though this is a regular vodafone no, if you respond you get further prem rate msg/subscription. Other nos used also. Beware!",scam
Back 2 work 2morro half term over! Can U C me 2nite 4 some sexy passion B4 I have 2 go back? Chat NOW 09099726481 Luv DENA Calls £1/minMobsmoreLKPOBOX177HP51FL,scam
will you like to be spoiled? :),not_scam
"Thanks for your ringtone order, ref number R836. Your mobile will be charged £4.50. Should your tone not arrive please call customer services on 09065069154",scam
I am getting threats from your sales executive Shifad as i raised complaint against him. Its an official message.,not_scam
hope things went well at 'doctors' ;) reminds me i still need 2go.did u c d little thing i left in the lounge?,not_scam
Den wat will e schedule b lk on sun?,not_scam
Lol enjoy role playing much?,not_scam
Ok. Me watching tv too.,not_scam
"I just lov this line: ""Hurt me with the truth, I don't mind,i wil tolerat.bcs ur my someone..... But, Never comfort me with a lie"" gud ni8 and sweet dreams",not_scam
"Just checked out, heading out to drop off my stuff now",not_scam
Here got lots of hair dresser fr china.,not_scam
Sad story of a Man - Last week was my b'day. My Wife did'nt wish me. My Parents forgot n so did my Kids . I went to work. Even my Colleagues did not wish.,not_scam
Ill call you evening ill some ideas.,not_scam
SplashMobile: Choose from 1000s of gr8 tones each wk! This is a subscrition service with weekly tones costing 300p. U have one credit - kick back and ENJOY,scam
Did you show him and wot did he say or could u not c him 4 dust?,not_scam
It should take about  &lt;#&gt;  min,not_scam
Not heard from U4 a while. Call 4 rude chat private line 01223585334 to cum. Wan 2C pics of me gettin shagged then text PIX to 8552. 2End send STOP 8552 SAM xxx,scam
Ok . . now i am in bus. . If i come soon i will come otherwise tomorrow,not_scam
I cant pick the phone right now. Pls send a message,not_scam
<Forwarded from 88877>FREE entry into our £250 weekly comp just send the word ENTER to 88877 NOW. 18 T&C www.textcomp.com,scam
Finish liao... U?,not_scam
88066 FROM 88066 LOST 3POUND HELP,scam
Haha i think i did too,not_scam
U know we watchin at lido?,not_scam
Life spend with someone for a lifetime may be meaningless but a few moments spent with someone who really love you means more than life itself..,not_scam
"Haha awesome, I've been to 4u a couple times. Who all's coming?",not_scam
Cold. Dont be sad dear,not_scam
Think I could stop by in like an hour or so? My roommate's looking to stock up for a trip,not_scam
Is that on the telly? No its Brdget Jones!,not_scam
Love you aathi..love u lot..,not_scam
Hello! How r u? Im bored. Inever thought id get bored with the tv but I am. Tell me something exciting has happened there? Anything! =/,not_scam
Hmm...Bad news...Hype park plaza $700 studio taken...Only left 2 bedrm-$900...,not_scam
"Sorry, I'll call later in meeting",not_scam
R ü comin back for dinner?,not_scam
"I hav almost reached. Call, i m unable to connect u.",not_scam
Whom you waited for yesterday,not_scam
I reach home safe n sound liao...,not_scam
"Velly good, yes please!",not_scam
"Hi, wkend ok but journey terrible. Wk not good as have huge back log of marking to do",not_scam
I have had two more letters from . I will copy them for you cos one has a message for you. Speak soon,not_scam
Alex knows a guy who sells mids but he's down in south tampa and I don't think I could set it up before like 8,not_scam
Dont you have message offer,not_scam
Had your mobile 11mths ? Update for FREE to Oranges latest colour camera mobiles & unlimited weekend calls. Call Mobile Upd8 on freefone 08000839402 or 2StopTx,scam
"HEY THERE BABE, HOW U DOIN? WOT U UP 2 2NITE LOVE ANNIE X.",not_scam
Remind me how to get there and I shall do so,not_scam
:-( that's not v romantic!,not_scam
Hello. Damn this christmas thing. I think i have decided to keep this mp3 that doesnt work.,not_scam
You have 1 new message. Please call 08718738034.,scam
HI DARLIN IM MISSIN U HOPE YOU ARE HAVING A GOOD TIME. WHEN ARE U BACK AND WHAT TIME IF U CAN GIVE ME A CALL AT HOME. JESS XX,not_scam
<Forwarded from 21870000>Hi - this is your Mailbox Messaging SMS alert. You have 4 messages. You have 21 matches. Please call back on 09056242159 to retrieve your messages and matches,scam
Draw va?i dont think so:),not_scam
Dont pick up d call when something important is There to tell. Hrishi,not_scam
"Congrats! 1 year special cinema pass for 2 is yours. call 09061209465 now! C Suprman V, Matrix3, StarWars3, etc all 4 FREE! bx420-ip4-5we. 150pm. Dont miss out!",scam
Nothin comes to my mind. Ü help me buy hanger lor. Ur laptop not heavy?,not_scam
"&lt;#&gt; , that's all? Guess that's easy enough",not_scam
We can make a baby in yo tho,not_scam
Should I tell my friend not to come round til like  &lt;#&gt; ish?,not_scam
Friendship poem: Dear O Dear U R Not Near But I Can Hear Dont Get Fear Live With Cheer No More Tear U R Always my Dear. Gud ni8,not_scam
Still in the area of the restaurant. Ill try to come back soon,not_scam
"Aight that'll work, thanks",not_scam
WIN a year supply of CDs 4 a store of ur choice worth £500 & enter our £100 Weekly draw txt MUSIC to 87066 Ts&Cs www.Ldew.com.subs16+1win150ppmx3,scam
Moby Pub Quiz.Win a £100 High Street prize if u know who the new Duchess of Cornwall will be? Txt her first name to 82277.unsub STOP £1.50 008704050406 SP Arrow,scam
"I have 2 sleeping bags, 1 blanket and paper and  phone details. Anything else?",not_scam
You have won a Nokia 7250i. This is what you get when you win our FREE auction. To take part send Nokia to 86021 now. HG/Suite342/2Lands Row/W1JHL 16+,scam
"Congratulations! Thanks to a good friend U have WON the £2,000 Xmas prize. 2 claim is easy, just call 08718726971 NOW! Only 10p per minute. BT-national-rate.",scam
"tddnewsletter@emc1.co.uk (More games from TheDailyDraw) Dear Helen, Dozens of Free Games - with great prizesWith..",scam
So what do you guys do.,not_scam
Also that chat was awesome but don't make it regular unless you can see her in person,not_scam
That's significant but dont worry.,not_scam
That's cause your old. I live to be high.,not_scam
"Waqt se pehle or naseeb se zyada kisi ko kuch nahi milta,Zindgi wo nahi he jo hum sochte hai Zindgi wo hai jo ham jeetey hai..........",not_scam
On the way to office da..,not_scam
In which place do you want da.,not_scam
This pain couldn't have come at a worse time.,not_scam
Ok...,not_scam
Should I be stalking u?,not_scam
Sorry dude. Dont know how i forgot. Even after Dan reminded me. Sorry. Hope you guys had fun.,not_scam
Ok lor.,not_scam
Apps class varaya elaya.,not_scam
The Xmas story is peace.. The Xmas msg is love.. The Xmas miracle is jesus.. Hav a blessed month ahead &amp; wish U Merry Xmas...,not_scam
"URGENT! Your mobile number *************** WON a £2000 Bonus Caller prize on 10/06/03! This is the 2nd attempt to reach you! Call 09066368753 ASAP! Box 97N7QP, 150ppm",scam
That day you asked about anand number. Why:-),not_scam
Am surfing online store. For offers do you want to buy any thing.,not_scam
Long beach lor. Expected... U having dinner now?,not_scam
At home by the way,not_scam
We are both fine. Thanks,not_scam
What happen to her tell the truth,not_scam
Do you like Italian food?,not_scam
Which is weird because I know I had it at one point,not_scam
"""Aww you must be nearly dead!Well Jez isComing over toDo some workAnd that whillTake forever!""",not_scam
Tell your friends what you plan to do on Valentines day @ &lt;URL&gt;,not_scam
"Alright, see you in a bit",not_scam
Cheers for the message Zogtorius. Ive been staring at my phone for an age deciding whether to text or not.,not_scam
I will take care of financial problem.i will help:),not_scam
Tell dear what happen to you. Why you talking to me like an alian,not_scam
Double your mins & txts on Orange or 1/2 price linerental - Motorola and SonyEricsson with B/Tooth FREE-Nokia FREE Call MobileUpd8 on 08000839402 or2optout/HV9D,scam
"1) Go to write msg 2) Put on Dictionary mode 3)Cover the screen with hand, 4)Press  &lt;#&gt; . 5)Gently remove Ur hand.. Its interesting..:)",not_scam
Okie...,not_scam
"Hi this is yijue, can i meet u at 11 tmr?",not_scam
Its posible dnt live in  &lt;#&gt; century cm frwd n thnk different,not_scam
But i dint slept in afternoon.,not_scam
That seems unnecessarily affectionate,not_scam
Yar else i'll thk of all sorts of funny things.,not_scam
You will be in the place of that man,not_scam
"Download as many ringtones as u like no restrictions, 1000s 2 choose. U can even send 2 yr buddys. Txt Sir to 80082 £3",scam
Thats cool. How was your day?,not_scam
Please CALL 08712402902 immediately as there is an urgent message waiting for you.,scam
R we going with the  &lt;#&gt;  bus?,not_scam
"Hello, my love ! How went your day ? Are you alright ? I think of you, my sweet and send a jolt to your heart to remind you ... I LOVE YOU! Can you hear it ? I screamed it across the sea for all the world to hear. Ahmad al Hallaq is loved ! and owned ! *possessive passionate kiss*",not_scam
No..he joined today itself.,not_scam
Okay same with me. Well thanks for the clarification,not_scam
I'll talk to the others and probably just come early tomorrow then,not_scam
"Spook up your mob with a Halloween collection of a logo & pic message plus a free eerie tone, txt CARD SPOOK to 8007 zed 08701417012150p per logo/pic",scam
"Had the money issue weigh me down but thanks to you, I can breathe easier now. I.ll make sure you dont regret it. Thanks.",not_scam
Hi. I'm sorry i missed your call. Can you pls call back.,not_scam
How are you doing? Hope you've settled in for the new school year. Just wishin you a gr8 day,not_scam
"Fantasy Football is back on your TV. Go to Sky Gamestar on Sky Active and play £250k Dream Team. Scoring starts on Saturday, so register now!SKY OPT OUT to 88088",scam
Ok then no need to tell me anything i am going to sleep good night,not_scam
Ok try to do week end course in coimbatore.,not_scam
Tone Club: Your subs has now expired 2 re-sub reply MONOC 4 monos or POLYC 4 polys 1 weekly @ 150p per week Txt STOP 2 stop This msg free Stream 0871212025016,scam
V nice! Off 2 sheffield tom 2 air my opinions on categories 2 b used 2 measure ethnicity in next census. Busy transcribing. :-),not_scam
If you r @ home then come down within 5 min,not_scam
"A Boy loved a gal. He propsd bt she didnt mind. He gv lv lttrs, Bt her frnds threw thm. Again d boy decided 2 aproach d gal , dt time a truck was speeding towards d gal. Wn it was about 2 hit d girl,d boy ran like hell n saved her. She asked 'hw cn u run so fast?' D boy replied ""Boost is d secret of my energy"" n instantly d girl shouted ""our energy"" n Thy lived happily 2gthr drinking boost evrydy Moral of d story:- I hv free msgs:D;): gud ni8",not_scam
"That day ü say ü cut ur hair at paragon, is it called hair sense? Do ü noe how much is a hair cut?",not_scam
"Hmm, too many of them unfortunately... Pics obviously arent hot cakes. Its kinda fun tho",not_scam
Watching tv lor... Y she so funny we bluff her 4 wat. Izzit because she thk it's impossible between us?,not_scam
XMAS Prize draws! We are trying to contact U. Todays draw shows that you have won a £2000 prize GUARANTEED. Call 09058094565 from land line. Valid 12hrs only,scam
Dunno lei he neva say...,not_scam
Thanx 4 2day! U r a goodmate I THINK UR RITE SARY! ASUSUAL!1 U CHEERED ME UP! LOVE U FRANYxxxxx,not_scam
I'm on my way home. Went to change batt 4 my watch then go shop a bit lor.,not_scam
YES! The only place in town to meet exciting adult singles is now in the UK. Txt CHAT to 86688 now! 150p/Msg.,scam
"Hi, Mobile no.  &lt;#&gt;  has added you in their contact list on www.fullonsms.com It s a great place to send free sms to people For more visit fullonsms.com",not_scam
"Good evening Sir, hope you are having a nice day. I wanted to bring it to your notice that I have been late in paying rent for the past few months and have had to pay a $ &lt;#&gt;  charge. I felt it would be inconsiderate of me to nag about something you give at great cost to yourself and that's why i didnt speak up. I however am in a recession and wont be able to pay the charge this month hence my askin well ahead of month's end. Can you please help. Thank you for everything.",not_scam
"If i let you do this, i want you in the house by 8am.",not_scam
"Best line said in Love: . ""I will wait till the day I can forget u Or The day u realize that u cannot forget me.""... Gn",not_scam
I will reach before ten morning,not_scam
Your pussy is perfect!,not_scam
"Sorry, I'll call later",not_scam
"Someone has contacted our dating service and entered your phone becausethey fancy you! To find out who it is call from a landline 09058098002. PoBox1, W14RG 150p",scam
No message..no responce..what happend?,not_scam
Also where's the piece,not_scam
"wiskey Brandy Rum Gin Beer Vodka Scotch Shampain Wine ""KUDI""yarasu dhina vaazhthukkal. ..",not_scam
Boo. How's things? I'm back at home and a little bored already :-(,not_scam
First has she gained more than  &lt;#&gt; kg since she took in. Second has she done the blood sugar tests. If she has and its ok and her blood pressure is within normal limits then no worries,not_scam
PICK UR FONE UP NOW U DUMB?,not_scam
"Thanks da thangam, i feel very very happy dear. I also miss you da.",not_scam
"Okey doke. I'm at home, but not dressed cos laying around ill! Speak to you later bout times and stuff.",not_scam
I don't run away frm u... I walk slowly &amp; it kills me that u don't care enough to stop me...,not_scam
"Babe, I'm back ... Come back to me ...",not_scam
Well you told others you'd marry them...,not_scam
Neshanth..tel me who r u?,not_scam
YO YO YO BYATCH WHASSUP?,not_scam
Oh... Kay... On sat right?,not_scam
Hi! This is Roger from CL. How are you?,not_scam
Babe: U want me dont u baby! Im nasty and have a thing 4 filthyguys. Fancy a rude time with a sexy bitch. How about we go slo n hard! Txt XXX SLO(4msgs),scam
Oh oh... Wasted... Den muz chiong on sat n sun liao...,not_scam
Jesus christ bitch I'm trying to give you drugs answer your fucking phone,not_scam
Please give it 2  or i will pick it up on Tuesday evening about 8 if that is ok.,not_scam
I'm meeting Darren...,not_scam
"One of best dialogue in cute reltnship..!! ""Wen i Die, Dont Come Near My Body..!! Bcoz My Hands May Not Come 2 Wipe Ur Tears Off That Time..!Gud ni8",not_scam
"Solve d Case : A Man Was Found Murdered On  &lt;DECIMAL&gt; . &lt;#&gt;  AfterNoon. 1,His wife called Police. 2,Police questioned everyone. 3,Wife: Sir,I was sleeping, when the murder took place. 4.Cook: I was cooking. 5.Gardener: I was picking vegetables. 6.House-Maid: I went 2 d post office. 7.Children: We went 2 play. 8.Neighbour: We went 2 a marriage. Police arrested d murderer Immediately. Who's It? Reply With Reason, If U r Brilliant.",not_scam
Dear where you will be when i reach there,not_scam
Aww that's the first time u said u missed me without asking if I missed u first. You DO love me! :),not_scam
Ok... Thanx... Gd nite 2 ü too...,not_scam
"Come to me right now, Ahmad",not_scam
I don't know u and u don't know me. Send CHAT to 86688 now and let's find each other! Only 150p/Msg rcvd. HG/Suite342/2Lands/Row/W1J6HL LDN. 18 years or over.,scam
Lol please do. Actually send a pic of yourself right now. I wanna see. Pose with a comb and hair dryer or something.,not_scam
O was not into fps then.,not_scam
Huh means computational science... Y they like dat one push here n there...,not_scam
"Could you not read me, my Love ? I answered you",not_scam
Oh... Lk tt den we take e one tt ends at cine lor... Dun wan yogasana oso can...,not_scam
"Madam,regret disturbance.might receive a reference check from DLF Premarica.kindly be informed.Rgds,Rakhesh,Kerala.",not_scam
SMS SERVICES For your inclusive text credits pls gotto www.comuk.net login 3qxj9 unsubscribe with STOP no extra charge help 08702840625 comuk.220cm2 9AE,scam
Oic... Then better quickly go bathe n settle down...,not_scam
Err... Cud do. I'm going to  at 8pm. I haven't got a way to contact him until then.,not_scam
A bloo bloo bloo I'll miss the first bowl,not_scam
Lmao but its so fun...,not_scam
Oh k k:)but he is not a big hitter.anyway good,not_scam
Hey!!! I almost forgot ... Happy B-day babe ! I love ya!!,not_scam
Valentines Day Special! Win over £1000 in our quiz and take your partner on the trip of a lifetime! Send GO to 83600 now. 150p/msg rcvd. CustCare:08718720201,scam
Do you think i can move  &lt;#&gt;  in a week,not_scam
She.s find. I sent you an offline message to know how anjola's now.,not_scam
Guess who am I?This is the first time I created a web page WWW.ASJESUS.COM read all I wrote. I'm waiting for your opinions. I want to be your friend 1/1,scam
How was txting and driving,not_scam
That's good. Lets thank God. Please complete the drug. Have lots of water. And have a beautiful day.,not_scam
Really dun bluff me leh... U sleep early too. Nite...,not_scam
"Indians r poor but India is not a poor country. Says one of the swiss bank directors. He says that "" &lt;#&gt;  lac crore"" of Indian money is deposited in swiss banks which can be used for 'taxless' budget for  &lt;#&gt;  yrs. Can give  &lt;#&gt;  crore jobs to all Indians. From any village to Delhi 4 lane roads. Forever free power suply to more than  &lt;#&gt;  social projects. Every citizen can get monthly  &lt;#&gt; /- for  &lt;#&gt;  yrs. No need of World Bank &amp; IMF loan. Think how our money is blocked by rich politicians. We have full rights against corrupt politicians. Itna forward karo ki pura INDIA padhe.g.m.""",not_scam
Uncle boye. I need movies oh. Guide me. Plus you know torrents are not particularly legal here. And the system is slowing down. What should i do. Have a gr8 day. Plus have you started cos i dont meet you online. How was the honey moon.,not_scam
Oh ya ya. I remember da. .,not_scam
Btw regarding that we should really try to see if anyone else can be our 4th guy before we commit to a random dude,not_scam
"For ur chance to win £250 cash every wk TXT: PLAY to 83370. T's&C's www.music-trivia.net custcare 08715705022, 1x150p/wk.",scam
I not busy juz dun wan 2 go so early.. Hee..,not_scam
Rightio. 11.48 it is then. Well arent we all up bright and early this morning.,not_scam
"Great. I'm in church now, will holla when i get out",not_scam
Back in brum! Thanks for putting us up and keeping us all and happy. See you soon,not_scam
I donno if they are scorable,not_scam
&lt;#&gt;  great loxahatchee xmas tree burning update: you can totally see stars here,not_scam
"Yes but i dont care! I need you bad, princess!",not_scam
"The guy (kadeem) hasn't been selling since the break, I know one other guy but he's paranoid as fuck and doesn't like selling without me there and I can't be up there til late tonight",not_scam
"Sorry, I'll call later",not_scam
Tmr then ü brin lar... Aiya later i come n c lar... Mayb ü neva set properly ü got da help sheet wif ü...,not_scam
Do u knw dis no. &lt;#&gt; ?,not_scam
Then she dun believe wat?,not_scam
K..give back my thanks.,not_scam
I know complain num only..bettr directly go to bsnl offc nd apply for it..,not_scam
Okay. I've seen it. So i should pick it on friday?,not_scam
How much she payed. Suganya.,not_scam
Left dessert. U wan me 2 go suntec look 4 u?,not_scam
"Abeg, make profit. But its a start. Are you using it to get sponsors for the next event?",not_scam
Onum ela pa. Normal than.,not_scam
K.k..how is your sister kids?,not_scam
"Cool, I'll text you when I'm on the way",not_scam
Nope. Meanwhile she talk say make i greet you.,not_scam
i cant talk to you now.i will call when i can.dont keep calling.,not_scam
Anything lar...,not_scam
"Rose needs water, season needs change, poet needs imagination..My phone needs ur sms and i need ur lovely frndship forever....",not_scam
"Good afternoon, babe. How goes that day ? Any job prospects yet ? I miss you, my love ... *sighs* ... :-(",not_scam
They will pick up and drop in car.so no problem..,not_scam
S.i think he is waste for rr..,not_scam
He is world famamus....,not_scam
Is there coming friday is leave for pongal?do you get any news from your work place.,not_scam
Lol well don't do it without me. We could have a big sale together.,not_scam
* Am on my way,not_scam
Eat at old airport road... But now 630 oredi... Got a lot of pple...,not_scam
"sry can't talk on phone, with parents",not_scam
"Final Chance! Claim ur £150 worth of discount vouchers today! Text YES to 85023 now! SavaMob, member offers mobile! T Cs SavaMob POBOX84, M263UZ. £3.00 Subs 16",scam
Ok lor wat time ü finish?,not_scam
"Princess, i like to make love  &lt;#&gt;  times per night. Hope thats not a problem!",not_scam
Mm i am on the way to railway,not_scam
i dnt wnt to tlk wid u,not_scam
"I'm done. I'm sorry. I hope your next space gives you everything you want. Remember all the furniture is yours. If i'm not around when you move it, just lock all the locks and leave the key with jenne.",not_scam
Not yet. Just i'd like to keep in touch and it will be the easiest way to do that from barcelona. By the way how ru and how is the house?,not_scam
"Sppok up ur mob with a Halloween collection of nokia logo&pic message plus a FREE eerie tone, txt CARD SPOOK to 8007",scam
"Urgent! call 09066612661 from landline. Your complementary 4* Tenerife Holiday or £10,000 cash await collection SAE T&Cs PO Box 3 WA14 2PX 150ppm 18+ Sender: Hol Offer",scam
K.:)do it at evening da:)urgent:),not_scam
Pansy! You've been living in a jungle for two years! Its my driving you should be more worried about!,not_scam
Mm have some kanji dont eat anything heavy ok,not_scam
Only if you promise your getting out as SOON as you can. And you'll text me in the morning to let me know you made it in ok.,not_scam
Lol that's different. I don't go trying to find every real life photo you ever took.,not_scam
I dont thnk its a wrong calling between us,not_scam
K ill drink.pa then what doing. I need srs model pls send it to my mail id pa.,not_scam
Aiyah e rain like quite big leh. If drizzling i can at least run home.,not_scam
I have 2 docs appointments next week.:/ I'm tired of them shoving stuff up me. Ugh why couldn't I have had a normal body?,not_scam
Dun b sad.. It's over.. Dun thk abt it already. Concentrate on ur other papers k.,not_scam
"Greetings me, ! Consider yourself excused.",not_scam
No drama Pls.i have had enough from you and family while i am struggling in the hot sun in a strange place.No reason why there should be an ego of not going 'IF NOT INVITED' when actually its necessity to go.wait for very serious reppurcussions.,not_scam
they released another Italian one today and it has a cosign option,not_scam
"You at mu? You should try to figure out how much money everyone has for gas and alcohol, jay and I are trying to figure out our weed budget",not_scam
WINNER! As a valued network customer you hvae been selected to receive a £900 reward! To collect call 09061701444. Valid 24 hours only. ACL03530150PM,scam
HCL chennai requires FRESHERS for voice process.Excellent english needed.Salary upto  &lt;#&gt; .Call Ms.Suman  &lt;#&gt;  for Telephonic interview -via Indyarocks.com,not_scam
Dai what this da.. Can i send my resume to this id.,not_scam
"I know where the  &lt;#&gt;  is, I'll be there around 5",not_scam
Yup i've finished c ü there...,not_scam
Remember to ask alex about his pizza,not_scam
No da..today also i forgot..,not_scam
"Ola would get back to you maybe not today but I ve told him you can be his direct link in the US in getting cars he bids for online, you arrange shipping and you get a cut. Or U????? For a partnership where U????? Invest money for shipping and he takes care of the rest!U??Wud b self reliant soon dnt worry",not_scam
Fwiw the reason I'm only around when it's time to smoke is that because of gas I can only afford to be around when someone tells me to be and that apparently only happens when somebody wants to light up,not_scam
"Hello, my boytoy! I made it home and my constant thought is of you, my love. I hope your having a nice visit but I can't wait till you come home to me ...*kiss*",not_scam
Congrats kano..whr s the treat maga?,not_scam
Who u talking about?,not_scam
Yup...,not_scam
Ok...,not_scam
"U wake up already? Wat u doing? U picking us up later rite? I'm taking sq825, reaching ard 7 smth 8 like dat. U can check e arrival time. C ya soon...",not_scam
Yunny i'm walking in citylink now ü faster come down... Me very hungry...,not_scam
Er yep sure. Props?,not_scam
"Hiya , have u been paying money into my account? If so, thanks. Got a pleasant surprise when i checked my balance -u c, i don't get statements 4 that acc",not_scam
U have won a nokia 6230 plus a free digital camera. This is what u get when u win our FREE auction. To take part send NOKIA to 83383 now. POBOX114/14TCR/W1 16,scam
Ok ill send you with in  &lt;DECIMAL&gt;  ok.,not_scam
Bognor it is! Should be splendid at this time of year.,not_scam
Yes.i'm in office da:),not_scam
"Sorry, I'll call later",not_scam
Joy's father is John. Then John is the NAME of Joy's father. Mandan,not_scam
Ok. I only ask abt e movie. U wan ktv oso?,not_scam
Misplaced your number and was sending texts to your old number. Wondering why i've not heard from you this year. All the best in your mcat. Got this number from my atlanta friends,not_scam
"Sorry, I'll call later",not_scam
Dunno lei... I might b eatin wif my frens... If ü wan to eat then i wait 4 ü lar,not_scam
"Sorry, I'll call later",not_scam
FREE entry into our £250 weekly comp just send the word WIN to 80086 NOW. 18 T&C www.txttowin.co.uk,scam
"Say this slowly.? GOD,I LOVE YOU &amp; I NEED YOU,CLEAN MY HEART WITH YOUR BLOOD.Send this to Ten special people &amp; u c miracle tomorrow, do it,pls,pls do it...",not_scam
Do u noe how 2 send files between 2 computers?,not_scam
"Mmmmm ... I loved waking to your words this morning ! I miss you too, my Love. I hope your day goes well and you are happy. I wait for us to be together again",not_scam
jay says he'll put in  &lt;#&gt;,not_scam
Can you just come in for a sec? There's somebody here I want you to see,not_scam
So the sun is anti sleep medicine.,not_scam
What's happening with you. Have you gotten a job and have you begun registration for permanent residency,not_scam
Yup ok...,not_scam
Glad it went well :) come over at 11 then we'll have plenty of time before claire goes to work.,not_scam
Ok enjoy . R u there in home.,not_scam
"Can you pls pls send me a mail on all you know about relatives coming to deliver here? All you know about costs, risks, benefits and anything else. Thanks.",not_scam
You do what all you like,not_scam
That's y we haf to combine n c how lor...,not_scam
The monthly amount is not that terrible and you will not pay anything till 6months after finishing school.,not_scam
Hmmm:)how many players selected?,not_scam
"They said if its gonna snow, it will start around 8 or 9 pm tonite! They are predicting an inch of accumulation.",not_scam
I dont. Can you send it to me. Plus how's mode.,not_scam
Aiyo please ü got time meh.,not_scam
Package all your programs well,not_scam
"She is our sister.. She belongs 2 our family.. She is d hope of tomorrow.. Pray 4 her,who was fated 4 d Shoranur train incident. Lets hold our hands together &amp; fuelled by love &amp; concern prior 2 her grief &amp; pain. Pls join in dis chain &amp; pass it. STOP VIOLENCE AGAINST WOMEN.",not_scam
So are you guys asking that i get that slippers again or its gone with last year,not_scam
Company is very good.environment is terrific and food is really nice:),not_scam
"Text82228>> Get more ringtones, logos and games from www.txt82228.com. Questions: info@txt82228.co.uk",scam
Honestly i've just made a lovely cup of tea and promptly dropped my keys in it and then burnt my fingers getting them out!,not_scam
Yup but not studying surfing lor. I'm in e lazy mode today.,not_scam
Please sen :)my kind advice :-)please come here and try:-),not_scam
I'm done. C ü there.,not_scam
"Oh fine, I'll be by tonight",not_scam
Ü give me some time to walk there.,not_scam
I'll reach in ard 20 mins ok...,not_scam
"FreeMSG You have been awarded a FREE mini DIGITAL CAMERA, just reply SNAP to collect your prize! (quizclub Opt out? Stop 80122300p/wk SP:RWM Ph:08704050406)",scam
Fuck babe ... What happened to you ? How come you never came back?,not_scam
This message is brought to you by GMW Ltd. and is not connected to the,scam
"Some friends want me to drive em someplace, probably take a while",not_scam
I also thk too fast... Xy suggest one not me. U dun wan it's ok. Going 2 rain leh where got gd.,not_scam
Are you still getting the goods.,not_scam
And maybe some pressies,not_scam
"Yeah I am, so I'll leave maybe 7ish?",not_scam
K..k..i'm also fine:)when will you complete the course?,not_scam
"Under the sea, there lays a rock. In the rock, there is an envelope. In the envelope, there is a paper. On the paper, there are 3 words... '",not_scam
I told her I had a Dr appt next week. She thinks I'm gonna die. I told her its just a check. Nothing to be worried about. But she didn't listen.,not_scam
You in your room? I need a few,not_scam
I dont want to hear anything,not_scam
Hey. For me there is no leave on friday. Wait i will ask my superior and tell you..,not_scam
Ultimately tor motive tui achieve korli.,not_scam
From 5 to 2 only my work timing.,not_scam
… and don‘t worry we‘ll have finished by march … ish!,not_scam
"The house is on the water with a dock, a boat rolled up with a newscaster who dabbles in jazz flute behind the wheel",not_scam
"Congrats 2 mobile 3G Videophones R yours. call 09063458130 now! videochat wid ur mates, play java games, Dload polypH music, noline rentl. bx420. ip4. 5we. 150p",scam
Your next amazing xxx PICSFREE1 video will be sent to you enjoy! If one vid is not enough for 2day text back the keyword PICSFREE1 to get the next video.,scam
Now thats going to ruin your thesis!,not_scam
In sch but neva mind u eat 1st lor..,not_scam
Hey whats up? U sleeping all morning?,not_scam
Erm. I thought the contract ran out the4th of october.,not_scam
I dunno until when... Lets go learn pilates...,not_scam
U are subscribed to the best Mobile Content Service in the UK for £3 per ten days until you send STOP to 83435. Helpline 08706091795.,scam
Yup i'm elaborating on the safety aspects and some other issues..,not_scam
"3 FREE TAROT TEXTS! Find out about your love life now! TRY 3 FOR FREE! Text CHANCE to 85555 16 only! After 3 Free, Msgs £1.50 each",scam
"Goodmorning, today i am late for 1hr.",not_scam
Hi happy birthday. Hi hi hi hi hi hi hi,not_scam
I will be outside office take all from there,not_scam
If you don't respond imma assume you're still asleep and imma start calling n shit,not_scam
"Aight, see you in a bit",not_scam
My superior telling that friday is leave for all other department except ours:)so it will be leave for you:)any way call waheed fathima hr and conform it:),not_scam
Join the UK's horniest Dogging service and u can have sex 2nite!. Just sign up and follow the instructions. Txt ENTRY to 69888 now! Nyt.EC2A.3LP.msg@150p,scam
Lol I have to take it. member how I said my aunt flow didn't visit for 6 months? It's cause I developed ovarian cysts. Bc is the only way to shrink them.,not_scam
Still work going on:)it is very small house.,not_scam
"My friend just got here and says he's upping his order by a few grams (he's got $ &lt;#&gt; ), when can you get here?",not_scam
Tmr timin still da same wat cos i got lesson until 6...,not_scam
"That‘s the thing with apes, u can fight to the death to keep something, but the minute they have it when u let go, thats it!",not_scam
Sunshine Quiz Wkly Q! Win a top Sony DVD player if u know which country Liverpool played in mid week? Txt ansr to 82277. £1.50 SP:Tyrone,scam
No i'm not gonna be able to. || too late notice. || i'll be home in a few weeks anyway. || what are the plans,not_scam
"Got fujitsu, ibm, hp, toshiba... Got a lot of model how to say...",not_scam
Okie... Thanx...,not_scam
"Gosh that , what a pain. Spose I better come then.",not_scam
"As usual..iam fine, happy &amp; doing well..:)",not_scam
Okie,not_scam
So when you gonna get rimac access,not_scam
"""Im at arestaurant eating squid! i will be out about 10:30 wanna dosomething or is that to late?""",not_scam
You call times job today ok umma and ask them to speed up,not_scam
"""HELLO U.CALL WEN U FINISH WRK.I FANCY MEETIN UP WIV U ALL TONITE AS I NEED A BREAK FROM DABOOKS. DID 4 HRS LAST NITE+2 TODAY OF WRK!""",not_scam
R U &SAM P IN EACHOTHER. IF WE MEET WE CAN GO 2 MY HOUSE,not_scam
:-) yeah! Lol. Luckily i didn't have a starring role like you!,not_scam
Hello madam how are you ?,not_scam
"Awesome, text me when you're restocked",not_scam
"As usual..iam fine, happy &amp; doing well..:)",not_scam
Knock Knock Txt whose there to 80082 to enter r weekly draw 4 a £250 gift voucher 4 a store of yr choice. T&Cs www.tkls.com age16 to stoptxtstop£1.50/week,scam
Yes. It's all innocent fun. O:-),not_scam
Thanks for sending this mental ability question..,not_scam
"Sir, hope your day is going smoothly. i really hoped i wont have to bother you about this. I have some bills that i can't settle this month. I am out of all extra cash. I know this is a challenging time for you also but i have to let you know.",not_scam
2marrow only. Wed at  &lt;#&gt;  to 2 aha.,not_scam
I went to ur hon lab but no one is there.,not_scam
I cant pick the phone right now. Pls send a message,not_scam
Hey pple...$700 or $900 for 5 nights...Excellent location wif breakfast hamper!!!,not_scam
<Forwarded from 21870000>Hi - this is your Mailbox Messaging SMS alert. You have 40 matches. Please call back on 09056242159 to retrieve your messages and matches cc100p/min,scam
How come?,not_scam
Lol! Nah wasn't too bad thanks. Its good to b home but its been quite a reality check. Hows ur day been? Did u do anything with website?,not_scam
Ok lor...,not_scam
I'm coming home 4 dinner.,not_scam
S da..al r above  &lt;#&gt;,not_scam
"FREE RING TONE just text ""POLYS"" to 87131. Then every week get a new tone. 0870737910216yrs only £1.50/wk.",scam
Unni thank you dear for the recharge..Rakhesh,not_scam
I know I'm lacking on most of this particular dramastorm's details but for the most part I'm not worried about that,not_scam
Haha... They cant what... At the most tmr forfeit... haha so how?,not_scam
"Hey there! Glad u r better now. I hear u treated urself to a digi cam, is it good? We r off at 9pm. Have a fab new year, c u in coupla wks!",not_scam
No way I'm going back there!,not_scam
"URGENT! Your mobile No 077xxx WON a £2,000 Bonus Caller Prize on 02/06/03! This is the 2nd attempt to reach YOU! Call 09066362206 ASAP! BOX97N7QP, 150ppm",scam
I WILL CAL YOU SIR. In meeting,not_scam
"That's what I love to hear :V see you sundayish, then",not_scam
"Sorry da thangam, very very sorry i am held up with prasad.",not_scam
Tiwary to rcb.battle between bang and kochi.,not_scam
Thank god they are in bed!,not_scam
No I don't have cancer. Moms making a big deal out of a regular checkup aka pap smear,not_scam
Am in gobi arts college,not_scam
Why she wants to talk to me,not_scam
Pandy joined 4w technologies today.he got job..,not_scam
"You are guaranteed the latest Nokia Phone, a 40GB iPod MP3 player or a £500 prize! Txt word: COLLECT to No: 83355! IBHltd LdnW15H 150p/Mtmsgrcvd18",scam
"They can try! They can get lost, in fact. Tee hee",not_scam
Hi! You just spoke to MANEESHA V. We'd like to know if you were satisfied with the experience. Reply Toll Free with Yes or No.,not_scam
My friends use to call the same.,not_scam
"Sorry, I'll call later",not_scam
"Em, its olowoyey@ usc.edu have a great time in argentina. Not sad about secretary, everything is a blessing",not_scam
"It,,s a taxt massage....tie-pos argh ok! Lool!",not_scam
"Hi, can i please get a  &lt;#&gt;  dollar loan from you. I.ll pay you back by mid february. Pls.",not_scam
"You might want to pull out more just in case and just plan on not spending it if you can, I don't have much confidence in derek and taylor's money management",not_scam
Do you like shaking your booty on the dance floor?,not_scam
"Text me when you get off, don't call, my phones having problems",not_scam
No need for the drug anymore.,not_scam
Sorry da:)i was thought of calling you lot of times:)lil busy.i will call you at noon..,not_scam
Its sarcasm.. .nt scarcasim,not_scam
Great! I have to run now so ttyl!,not_scam
Feel like trying kadeem again? :V,not_scam
Dai  &lt;#&gt;  naal eruku.,not_scam
Not yet chikku..wat abt u?,not_scam
Ok...,not_scam
Want to finally have lunch today?,not_scam
Do you know when dad will be back?,not_scam
"Hello darling how are you today? I would love to have a chat, why dont you tell me what you look like and what you are in to sexy?",scam
8007 FREE for 1st week! No1 Nokia tone 4 ur mob every week just txt NOKIA to 8007 Get txting and tell ur mates www.getzed.co.uk POBox 36504 W4 5WQ norm 150p/tone 16+,scam
He remains a bro amongst bros,not_scam
R u meeting da ge at nite tmr?,not_scam
"* Was a nice day and, impressively, i was sensible, went home early and now feel fine. Or am i just boring?! When's yours, i can't remember.",not_scam
Why de. You looking good only:-)..,not_scam
Wanna get laid 2nite? Want real Dogging locations sent direct to ur mobile? Join the UK's largest Dogging Network. Txt PARK to 69696 now! Nyt. ec2a. 3lp £1.50/msg,scam
we tried to contact you re your response to our offer of a new nokia fone and camcorder hit reply or call 08000930705 for delivery,scam
Yes. They replied my mail. I'm going to the management office later. Plus will in to bank later also.or on wednesday.,not_scam
"That's cool, I'll come by like  &lt;#&gt; ish",not_scam
Super msg da:)nalla timing.,not_scam
"Good afternoon, my boytoy ... How are you feeling today ? Better I hope? Are you being my good boy? Are you my obedient, slave? Do you please your Queen?",not_scam
I am 6 ft. We will be a good combination!,not_scam
I'm sick !! I'm needy !! I want you !! *pouts* *stomps feet* Where are you ?! *pouts* *stomps feet* I want my slave !! I want him now !!,not_scam
* Am on a train back from northampton so i'm afraid not!,not_scam
Where in abj are you serving. Are you staying with dad or alone.,not_scam
Was playng 9 doors game and gt racing on phone lol,not_scam
"New Tones This week include: 1)McFly-All Ab.., 2) Sara Jorge-Shock.. 3) Will Smith-Switch.. To order follow instructions on next message",scam
"Solve d Case : A Man Was Found Murdered On  &lt;DECIMAL&gt; . &lt;#&gt;  AfterNoon. 1,His wife called Police. 2,Police questioned everyone. 3,Wife: Sir,I was sleeping, when the murder took place. 4.Cook: I was cooking. 5.Gardener: I was picking vegetables. 6.House-Maid: I went 2 d post office. 7.Children: We went 2 play. 8.Neighbour: We went 2 a marriage. Police arrested d murderer Immediately. Who's It? Reply With Reason, If U r Brilliant.",not_scam
I'm on da bus going home...,not_scam
I got a call from a landline number. . . I am asked to come to anna nagar . . . I will go in the afternoon,not_scam
I'm okay. Chasing the dream. What's good. What are you doing next.,not_scam
Yupz... I've oredi booked slots 4 my weekends liao...,not_scam
URGENT! We are trying to contact U. Todays draw shows that you have won a £800 prize GUARANTEED. Call 09050003091 from land line. Claim C52. Valid 12hrs only,scam
There r many model..sony ericson also der.. &lt;#&gt; ..it luks good bt i forgot modl no,not_scam
Okie,not_scam
Yes I know the cheesy songs from frosty the snowman :),not_scam
"Ya ok, vikky vl c witin  &lt;#&gt; mins and il reply u..",not_scam
sports fans - get the latest sports news str* 2 ur mobile 1 wk FREE PLUS a FREE TONE Txt SPORT ON to 8007 www.getzed.co.uk 0870141701216+ norm 4txt/120p,scam
Hey tmr meet at bugis 930 ?,not_scam
"Urgent Urgent! We have 800 FREE flights to Europe to give away, call B4 10th Sept & take a friend 4 FREE. Call now to claim on 09050000555. BA128NNFWFLY150ppm",scam
All these nice new shirts and the only thing I can wear them to is nudist themed ;_; you in mu?,not_scam
Hey sexy buns! What of that day? No word from you this morning on YM ... :-( ... I think of you,not_scam
And whenever you and i see we can still hook up too.,not_scam
Nope but i'm going home now then go pump petrol lor... Like going 2 rain soon...,not_scam
Can you use foreign stamps for whatever you send them off for?,not_scam
FROM 88066 LOST £12 HELP,scam
Oh baby of the house. How come you dont have any new pictures on facebook,not_scam
"Feb  &lt;#&gt;  is ""I LOVE U"" day. Send dis to all ur ""VALUED FRNDS"" evn me. If 3 comes back u'll gt married d person u luv! If u ignore dis u will lose ur luv 4 Evr",not_scam
"Hiya, sorry didn't hav signal. I haven't seen or heard from and neither has, which is unusual in itself! I'll put on the case and get him to sort it out! Hugs and snogs.",not_scam
"Omw back to tampa from west palm, you hear what happened?",not_scam
Yup no more already... Thanx 4 printing n handing it up.,not_scam
FreeMsg: Fancy a flirt? Reply DATE now & join the UKs fastest growing mobile dating service. Msgs rcvd just 25p to optout txt stop to 83021. Reply DATE now!,scam
What i mean is do they come chase you out when its over or is it stated you can watch as many movies as you want.,not_scam
S now only i took tablets . Reaction morning only.,not_scam
Great NEW Offer - DOUBLE Mins & DOUBLE Txt on best Orange tariffs AND get latest camera phones 4 FREE! Call MobileUpd8 free on 08000839402 NOW! or 2stoptxt T&Cs,scam
"Nah, I'm a perpetual DD",not_scam
Sorry de i went to shop.,not_scam
Hope you enjoyed your new content. text stop to 61610 to unsubscribe. help:08712400602450p Provided by tones2you.co.uk,scam
"Wen ur lovable bcums angry wid u, dnt take it seriously.. Coz being angry is d most childish n true way of showing deep affection, care n luv!.. kettoda manda... Have nice day da.",not_scam
Hey you still want to go for yogasana? Coz if we end at cine then can go bathe and hav the steam bath,not_scam
Nope i'm not drivin... I neva develop da photos lei...,not_scam
I am thinking of going down to reg for pract lessons.. Flung my advance.. Haha wat time u going?,not_scam
Cool. I am  &lt;#&gt;  inches long. hope you like them big!,not_scam
"House-Maid is the murderer, coz the man was murdered on  &lt;#&gt; th January.. As public holiday all govt.instituitions are closed,including post office..understand?",not_scam
Okie.. Thanx..,not_scam
18 days to Euro2004 kickoff! U will be kept informed of all the latest news and results daily. Unsubscribe send GET EURO STOP to 83222.,scam
Go where n buy? Juz buy when we get there lar.,not_scam
Ok lor...,not_scam
I'm working technical support :)voice process.,not_scam
It's justbeen overa week since we broke up and already our brains are going to mush!,not_scam
"Tunde, how are you doing. This is just wishing you a great day. Abiola.",not_scam
Nope... C ü then...,not_scam
No. But we'll do medical missions to nigeria,not_scam
No i am not having not any movies in my laptop,not_scam
Whatsup there. Dont u want to sleep,not_scam
Urgent Please call 09066612661 from landline. £5000 cash or a luxury 4* Canary Islands Holiday await collection. T&Cs SAE award. 20M12AQ. 150ppm. 16+ “,scam
"Urgent! Please call 09066612661 from your landline, your complimentary 4* Lux Costa Del Sol holiday or £1000 CASH await collection. ppm 150 SAE T&Cs James 28, EH74RR",scam
I havent lei.. Next mon can?,not_scam
Mm feeling sleepy. today itself i shall get that dear,not_scam
How dare you stupid. I wont tell anything to you. Hear after i wont talk to you:-.,not_scam
Do ü noe if ben is going?,not_scam
Can you do a mag meeting this avo at some point?,not_scam
I meant middle left or right?,not_scam
Really? I crashed out cuddled on my sofa.,not_scam
Hi Chachi tried calling u now unable to reach u .. Pl give me a missed cal once u c tiz msg  Kanagu,not_scam
"I sent you the prices and do you mean the  &lt;#&gt; g,",not_scam
Are you this much buzy,not_scam
Nothing. Can...,not_scam
I don't know u and u don't know me. Send CHAT to 86688 now and let's find each other! Only 150p/Msg rcvd. HG/Suite342/2Lands/Row/W1J6HL LDN. 18 years or over.,scam
No * am working on the ringing u thing but have whole houseful of screaming brats so * am pulling my hair out! Loving u,not_scam
But my family not responding for anything. Now am in room not went to home for diwali but no one called me and why not coming. It makes me feel like died.,not_scam
"Tick, tick, tick ... Babe",not_scam
R ü going 4 today's meeting?,not_scam
K da:)how many page you want?,not_scam
Ya had just now.onion roast.,not_scam
Send his number and give reply tomorrow morning for why you said that to him like that ok,not_scam
You said not now. No problem. When you can. Let me know.,not_scam
Ok but tell me half an hr b4 u come i need 2 prepare.,not_scam
Play w computer? Aiyah i tok 2 u lor?,not_scam
Sat right? Okay thanks...,not_scam
"Derp. Which is worse, a dude who always wants to party or a dude who files a complaint about the three drug abusers he lives with",not_scam
Ok Chinese food on its way. When I get fat you're paying for my lipo.,not_scam
We r outside already.,not_scam
Have a good trip. Watch out for . Remember when you get back we must decide about easter.,not_scam
Yo we are watching a movie on netflix,not_scam
What time. I‘m out until prob 3 or so,not_scam
"Can meh? Thgt some will clash... Really ah, i dun mind... I dun seen to have lost any weight... Gee...",not_scam
I dont thnk its a wrong calling between us,not_scam
I am not sure about night menu. . . I know only about noon menu,not_scam
ARR birthday today:) i wish him to get more oscar.,not_scam
"Say this slowly.? GOD,I LOVE YOU &amp; I NEED YOU,CLEAN MY HEART WITH YOUR BLOOD.Send this to Ten special people &amp; u c miracle tomorrow, do it,pls,pls do it...",not_scam
"Open rebtel with firefox. When it loads just put plus sign in the user name place, and it will show you two numbers. The lower number is my number. Once you pick that number the pin will display okay!",not_scam
and  picking them up from various points,not_scam
Married local women looking for discreet action now! 5 real matches instantly to your phone. Text MATCH to 69969 Msg cost 150p 2 stop txt stop BCMSFWC1N3XX,scam
Wow v v impressed. Have funs shopping!,not_scam
I am on the way to ur home,not_scam
Burger King - Wanna play footy at a top stadium? Get 2 Burger King before 1st Sept and go Large or Super with Coca-Cola and walk out a winner,scam
No problem. Talk to you later,not_scam
Then ur sis how?,not_scam
Still in customer place,not_scam
How come it takes so little time for a child who is afraid of the dark to become a teenager who wants to stay out all night?,scam
"Dude u knw also telugu..thts gud..k, gud nyt..",not_scam
We confirm eating at esplanade?,not_scam
Send me your id and password,not_scam
Kind of. Took it to garage. Centre part of exhaust needs replacing. Part ordered n taking it to be fixed tomo morning.,not_scam
"For ur chance to win a £250 cash every wk TXT: ACTION to 80608. T's&C's www.movietrivia.tv custcare 08712405022, 1x150p/wk.",scam
Well I might not come then...,not_scam
Long after I quit. I get on only like 5 minutes a day as it is.,not_scam
Then its most likely called Mittelschmertz. Google it. If you dont have paracetamol dont worry it will go.,not_scam
Well at this right I'm gonna have to get up and check today's steam sales/pee so text me when you want me to come get you,not_scam
"Just arrived, see you in a couple days &lt;3",not_scam
"K, wat s tht incident?",not_scam
Yeah get the unlimited,not_scam
cThen i thk shd b enuff.. Still got conclusion n contents pg n references.. I'll b doing da contents pg n cover pg..,not_scam
"Forgot it takes me 3 years to shower, sorry. Where you at/your phone dead yet?",not_scam
Ü got wat to buy tell us then ü no need to come in again.,not_scam
When you are big..| God will bring success.,not_scam
U’ve Bin Awarded £50 to Play 4 Instant Cash. Call 08715203028 To Claim. EVERY 9th Player Wins Min £50-£500. OptOut 08718727870,scam
"… we r stayin here an extra week, back next wed. How did we do in the rugby this weekend? Hi to and and , c u soon """,not_scam
Well there's still a bit left if you guys want to tonight,not_scam
Not from this campus. Are you in the library?,not_scam
"The affidavit says  &lt;#&gt;  E Twiggs St, division g, courtroom  &lt;#&gt; , &lt;TIME&gt;  AM. I'll double check and text you again tomorrow",not_scam
How will I creep on you now? ;_;,not_scam
Tell your friends what you plan to do on Valentines day @ &lt;URL&gt;,not_scam
If I get there before you after your ten billion calls and texts so help me god,not_scam
Purity of friendship between two is not about smiling after reading the forwarded message..Its about smiling just by seeing the name. Gud evng musthu,not_scam
I've told him that i've returned it. That should i re order it.,not_scam
"House-Maid is the murderer, coz the man was murdered on  &lt;#&gt; th January.. As public holiday all govt.instituitions are closed,including post office..",not_scam
Depends on where u going lor.,not_scam
And smile for me right now as you go and the world will wonder what you are smiling about and think your crazy and keep away from you ... *grins*,not_scam
FreeMsg>FAV XMAS TONES!Reply REAL,scam
Lil fever:) now fine:),not_scam
I think it's all still in my car,not_scam
Can a not?,not_scam
December only! Had your mobile 11mths+? You are entitled to update to the latest colour camera mobile for Free! Call The Mobile Update Co FREE on 08002986906,scam
Yes princess! I want to catch you with my big strong hands...,not_scam
Oh yeah I forgot. U can only take 2 out shopping at once.,not_scam
Mm so you asked me not to call radio,not_scam
Thinkin about someone is all good. No drugs for that,not_scam
"Say this slowly.? GOD,I LOVE YOU &amp; I NEED YOU,CLEAN MY HEART WITH YOUR BLOOD.Send this to Ten special people &amp; u c miracle tomorrow, do it,pls,pls do it...",not_scam
"Enjoy the showers of possessiveness poured on u by ur loved ones, bcoz in this world of lies, it is a golden gift to be loved truly..",not_scam
"Alright if you're sure, let me know when you're leaving",not_scam
Some are lasting as much as 2 hours. You might get lucky.,not_scam
Genius what's up. How your brother. Pls send his number to my skype.,not_scam
"Gr8 Poly tones 4 ALL mobs direct 2u rply with POLY TITLE to 8007 eg POLY BREATHE1 Titles: CRAZYIN, SLEEPINGWITH, FINEST, YMCA :getzed.co.uk POBox365O4W45WQ 300p",scam
Thk some of em find wtc too far... Weiyi not goin... E rest i dunno yet... R ur goin 4 dinner den i might b able to join...,not_scam
Don't forget who owns you and who's private property you are ... And be my good boy always .. *passionate kiss*,not_scam
INTERFLORA - It's not too late to order Interflora flowers for christmas call 0800 505060 to place your order before Midnight tomorrow.,scam
Oh god..taken the teeth?is it paining,not_scam
ROMCAPspam Everyone around should be responding well to your presence since you are so warm and outgoing. You are bringing in a real breath of sunshine.,scam
Then u ask darren go n pick u lor... But i oso sian tmr haf 2 meet lect...,not_scam
No need to buy lunch for me.. I eat maggi mee..,not_scam
"Congratulations - Thanks to a good friend U have WON the £2,000 Xmas prize. 2 claim is easy, just call 08712103738 NOW! Only 10p per minute. BT-national-rate",scam
Ok lor...,not_scam
"Oh right, ok. I'll make sure that i do loads of work during the day!  got a really nasty cough today and is dry n shot so that should really help it!",not_scam
Wife.how she knew the time of murder exactly,not_scam
Send a logo 2 ur lover - 2 names joined by a heart. Txt LOVE NAME1 NAME2 MOBNO eg LOVE ADAM EVE 07123456789 to 87077 Yahoo! POBox36504W45WQ TxtNO 4 no ads 150p.,scam
Howz that persons story,not_scam
Thanx 4 sending me home...,not_scam
Its normally hot mail. Com you see!,not_scam
"You've won tkts to the EURO2004 CUP FINAL or £800 CASH, to collect CALL 09058099801 b4190604, POBOX 7876150ppm",scam
U sick still can go shopping?,not_scam
"Ya they are well and fine., BBD(pooja) full pimples..even she become quite black..and ur rite here its too cold, wearing sweatter..",not_scam
Nice.nice.how is it working?,not_scam
1's reach home call me.,not_scam
Were trying to find a Chinese food place around here,not_scam
"Easy mate, * guess the quick drink was bit ambitious.",not_scam
BABE !!! I miiiiiiissssssssss you ! I need you !!! I crave you !!! :-( ... Geeee ... I'm so sad without you babe ... I love you ...,not_scam
Ok thanx...,not_scam
aathi..where are you dear..,not_scam
"Tunji, how's the queen? how are you doing. This is just wishing you a great day. Abiola.",not_scam
Today iZ Yellow rose day. If u love my frndship give me 1 misscall &amp; send this to ur frndZ &amp; See how many miss calls u get. If u get 6missed U marry ur Lover.,not_scam
Will be out of class in a few hours. Sorry,not_scam
Wat time u finish ur lect today?,not_scam
"Free-message: Jamster!Get the crazy frog sound now! For poly text MAD1, for real text MAD2 to 88888. 6 crazy sounds for just 3 GBP/week! 16+only! T&C's apply",scam
"Sad story of a Man - Last week was my b'day. My Wife did'nt wish me. My Parents forgot n so did my Kids . I went to work. Even my Colleagues did not wish. As I entered my cabin my PA said, '' Happy B'day Boss !!''. I felt special. She askd me 4 lunch. After lunch she invited me to her apartment. We went there. She said,'' do u mind if I go into the bedroom for a minute ? '' ''OK'', I sed in a sexy mood. She came out 5 minuts latr wid a cake...n My Wife, My Parents, My Kidz, My Friends n My Colleagues. All screaming.. SURPRISE !! and I was waiting on the sofa.. ... ..... ' NAKED...!",not_scam
"YOUR CHANCE TO BE ON A REALITY FANTASY SHOW call now = 08707509020 Just 20p per min NTT Ltd, PO Box 1327 Croydon CR9 5WB 0870 is a national = rate call",scam
She's fine. Good to hear from you. How are you my dear? Happy new year oh.,not_scam
Are you going to wipro interview today?,not_scam
how tall are you princess?,not_scam
I doubt you could handle 5 times per night in any case...,not_scam
Haha... Hope ü can hear the receipt sound... Gd luck!,not_scam
Your gonna be the death if me. I'm gonna leave a note that says its all robs fault. Avenge me.,not_scam
"Japanese Proverb: If one Can do it, U too Can do it, If none Can do it,U must do it Indian version: If one Can do it, LET HIM DO it.. If none Can do it,LEAVE it!! And finally Kerala version: If one can do it, Stop him doing it.. If none can do it, Make a strike against it ...",not_scam
Today i'm not workin but not free oso... Gee... Thgt u workin at ur fren's shop ?,not_scam
In life when you face choices Just toss a coin not becoz its settle the question But while the coin in the air U will know what your heart is hoping for. Gudni8,not_scam
"Do you know why god created gap between your fingers..? So that, One who is made for you comes &amp; fills those gaps by holding your hand with LOVE..!",not_scam
I want to be there so i can kiss you and feel you next to me,not_scam
I am not at all happy with what you saying or doing,not_scam
Adult 18 Content Your video will be with you shortly,scam
"Ok that would b lovely, if u r sure. Think about wot u want to do, drinkin, dancin, eatin, cinema, in, out, about... Up to u! Wot about ?",not_scam
What I'm saying is if you haven't explicitly told nora I know someone I'm probably just not gonna bother,not_scam
He says hi and to get your ass back to south tampa (preferably at a kegger),not_scam
Smith waste da.i wanna gayle.,not_scam
"Mum, i've sent you many many messages since i got here. I just want to know that you are actually getting them. Do enjoy the rest of your day.",not_scam
"Aight, tomorrow around  &lt;#&gt;  it is",not_scam
"House-Maid is the murderer, coz the man was murdered on  &lt;#&gt; th January.. As public holiday all govt.instituitions are closed,including post office..understand?",not_scam
"YOUR CHANCE TO BE ON A REALITY FANTASY SHOW call now = 08707509020 Just 20p per min NTT Ltd, PO Box 1327 Croydon CR9 5WB 0870 is a national = rate call.",scam
I actually did for the first time in a while. I went to bed not too long after i spoke with you. Woke up at 7. How was your night?,not_scam
See you there!,not_scam
I dont understand your message.,not_scam
Crucify is c not s. You should have told me earlier.,not_scam
"Idk. You keep saying that you're not, but since he moved, we keep butting heads over freedom vs. responsibility. And i'm tired. I have so much other shit to deal with that i'm barely keeping myself together once this gets added to it.",not_scam
Fuck cedar key and fuck her (come over anyway tho),not_scam
twenty past five he said will this train have been to durham already or not coz i am in a reserved seat,not_scam
"Hey Boys. Want hot XXX pics sent direct 2 ur phone? Txt PORN to 69855, 24Hrs free and then just 50p per day. To stop text STOPBCM SF WC1N3XX",scam
U still painting ur wall?,not_scam
"Last Chance! Claim ur £150 worth of discount vouchers today! Text SHOP to 85023 now! SavaMob, offers mobile! T Cs SavaMob POBOX84, M263UZ. £3.00 Sub. 16",scam
Printer is cool. I mean groovy. Wine is groovying,not_scam
Hi Harish's rent has been transfred to ur Acnt.,not_scam
Anything lor is she coming?,not_scam
Cbe is really good nowadays:)lot of shop and showrooms:)city is shaping good.,not_scam
Ü still attending da talks?,not_scam
No probs hon! How u doinat the mo?,not_scam
K I'll take care of it,not_scam
I take it we didn't have the phone callon Friday. Can we assume we won't have it this year now?,not_scam
My battery is low babe,not_scam
Shuhui has bought ron's present it's a swatch watch...,not_scam
"Yeah there's quite a bit left, I'll swing by tomorrow when I get up",not_scam
Babe? You said 2 hours and it's been almost 4 ... Is your internet down ?,not_scam
K I'll be sure to get up before noon and see what's what,not_scam
K...k...yesterday i was in cbe .,not_scam
Went to ganesh dress shop,not_scam
"pdate_Now - Double mins and 1000 txts on Orange tariffs. Latest Motorola, SonyEricsson & Nokia & Bluetooth FREE! Call MobileUpd8 on 08000839402 or call2optout/!YHL",scam
Ü collecting ur laptop then going to configure da settings izzit?,not_scam
If you r @ home then come down within 5 min,not_scam
"Aight, I should be there by 8 at the latest, probably closer to 7. Are jay and tyler down or should we just do two trips?",not_scam
Come aftr  &lt;DECIMAL&gt; ..now i m cleaning the house,not_scam
Ur cash-balance is currently 500 pounds - to maximize ur cash-in now send CASH to 86688 only 150p/msg. CC: 08718720201 PO BOX 114/14 TCR/W1,scam
"Bill, as in: Are there any letters for me. i’m expecting one from orange that isn’t a bill but may still say orange on it.",not_scam
Tell me pa. How is pain de.,not_scam
HI DARLIN I HOPE YOU HAD A NICE NIGHT I WISH I HAD COME CANT WAIT TO SEE YOU LOVE FRAN PS I WANT DIRTY ANAL SEX AND I WANT A 10 MAN GANG BANG,not_scam
"Ha. You don‘t know either. I did a a clever but simple thing with pears the other day, perfect for christmas.",not_scam
"Helloooo... Wake up..! ""Sweet"" ""morning"" ""welcomes"" ""You"" ""Enjoy"" ""This Day"" ""with full of joy"".. ""GUD MRNG"".",not_scam
ALRITE,not_scam
Why must we sit around and wait for summer days to celebrate. Such a magical sight when the worlds dressed in white. Oooooh let there be snow.,not_scam
URGENT! Your Mobile number has been awarded with a £2000 prize GUARANTEED. Call 09058094454 from land line. Claim 3030. Valid 12hrs only,scam
How do you guys go to see movies on your side.,not_scam
"Sorry,in meeting I'll call later",not_scam
You didn't have to tell me that...now i'm thinking. Plus he's going to stop all your runs,not_scam
Kindly send some one to our flat before  &lt;DECIMAL&gt;  today.,not_scam
Sorry! U can not unsubscribe yet. THE MOB offer package has a min term of 54 weeks> pls resubmit request after expiry. Reply THEMOB HELP 4 more info,scam
Nothing lor... A bit bored too... Then y dun u go home early 2 sleep today...,not_scam
What time should I tell my friend to be around?,not_scam
Yes. that will be fine. Love you. Be safe.,not_scam
Thanks chikku..:-) gud nyt:-*,not_scam
Is xy in ur car when u picking me up?,not_scam
"Thanx 4 the time weve spent 2geva, its bin mint! Ur my Baby and all I want is u!xxxx",not_scam
"Yo, any way we could pick something up tonight?",not_scam
I've not sent it. He can send me.,not_scam
Fine am simply sitting.,not_scam
Thts god's gift for birds as humans hav some natural gift frm god..,not_scam
Are you coming to day for class.,not_scam
Im done. Just studyn in library,not_scam
Ok... U enjoy ur shows...,not_scam
Anything...,not_scam
Where wuld I be without my baby? The thought alone mite break me and I dont wanna go crazy but everyboy needs his lady xxxxxxxx,not_scam
Wat's my dear doing? Sleeping ah?,not_scam
Hi' Test on  &lt;#&gt; rd ....,not_scam
Only 2% students solved this CAT question in 'xam... 5+3+2= &lt;#&gt;  9+2+4= &lt;#&gt;  8+6+3= &lt;#&gt;  then 7+2+5=????? Tell me the answer if u r brilliant...1thing.i got d answr.,not_scam
Yo do you know anyone  &lt;#&gt;  or otherwise able to buy liquor? Our guy flaked and right now if we don't get a hold of somebody its just 4 loko all night,not_scam
Yup n her fren lor. I'm meeting my fren at 730.,not_scam
"Yeah, we got one lined up for us",not_scam
"And stop wondering ""wow is she ever going to stop tm'ing me ?!"" because I will tm you whenever I want because you are MINE ... *laughs*",not_scam
Lol yep did that yesterday. Already got my fireplace. Now its just another icon sitting there for me.,not_scam
Hey i've booked the pilates and yoga lesson already... Haha,not_scam
Are you ok. What happen to behave like this,not_scam
You have 1 new message. Please call 08712400200.,scam
My supervisor find 4 me one lor i thk his students. I havent ask her yet. Tell u aft i ask her.,not_scam
"Hello. No news on job, they are making me wait a fifth week! Yeah im up for some woozles and weasels... In exeter still, but be home about 3.",not_scam
No message..no responce..what happend?,not_scam
We currently have a message awaiting your collection. To collect your message just call 08718723815.,scam
"Hey babe, sorry i didn't get sooner. Gary can come and fix it cause he thinks he knows what it is but he doesn't go as far a Ptbo and he says it will cost  &lt;#&gt;  bucks. I don't know if it might be cheaper to find someone there ? We don't have any second hand machines at all right now, let me know what you want to do babe",not_scam
make that 3! 4 fucks sake?! x,not_scam
Leave it. U will always be ignorant.,not_scam
Nope but i'll b going 2 sch on fri quite early lor cos mys sis got paper in da morn :-),not_scam
at bruce b downs &amp; fletcher now,not_scam
Where are you ? You said you would be here when I woke ... :-(,not_scam
Hey now am free you can call me.,not_scam
Tell me whos this pls:-),not_scam
"URGENT! Your mobile was awarded a £1,500 Bonus Caller Prize on 27/6/03. Our final attempt 2 contact U! Call 08714714011",scam
"Think i might have to give it a miss. Am teaching til twelve, then have lecture at two. Damn this working thing.",not_scam
Id have to check but there's only like 1 bowls worth left,not_scam
Yes there were many sweets,not_scam
I would but I'm still cozy. And exhausted from last night.nobody went to school or work. Everything is closed.,not_scam
U have a secret admirer. REVEAL who thinks U R So special. Call 09065174042. To opt out Reply REVEAL STOP. 1.50 per msg recd. Cust care 07821230901,scam
Buzzzz! *grins* Did I buzz your ass? Buzz your chest ? Buzz your cock ? Where do you keep your phone ? Is the vibrator on ? Did you feel it shake ?,not_scam
Sir send to group mail check it.,not_scam
I'm doing da intro covers energy trends n pros n cons... Brief description of nuclear fusion n oso brief history of iter n jet got abt 7 n half pages..,not_scam
"""NONE!NOWHERE IKNO DOESDISCOUNT!SHITINNIT""",not_scam
You dont know you jabo me abi.,not_scam
"Do you ever notice that when you're driving, anyone going slower than you is an idiot and everyone driving faster than you is a maniac?",scam
Not yet had..ya sapna aunty manege y'day hogidhe..chinnu full weak and swalpa black agidhane..,not_scam
"Are you being good, baby? :)",not_scam
NEFT Transaction with reference number  &lt;#&gt;  for Rs. &lt;DECIMAL&gt;  has been credited to the beneficiary account on  &lt;#&gt;  at  &lt;TIME&gt; : &lt;#&gt;,not_scam
"Mostly sports type..lyk footbl,crckt..",not_scam
Ma head dey swell oh. Thanks for making my day,not_scam
U should make a fb list,not_scam
"Height of Confidence: All the Aeronautics professors wer calld &amp; they wer askd 2 sit in an aeroplane. Aftr they sat they wer told dat the plane ws made by their students. Dey all hurried out of d plane.. Bt only 1 didnt move... He said:""if it is made by my students,this wont even start........ Datz confidence..",not_scam
Sary just need Tim in the bollox &it hurt him a lot so he tol me!,not_scam
Happy New Year Princess!,not_scam
"I'll text carlos and let you know, hang on",not_scam
"Don't worry, * is easy once have ingredients!",not_scam
I love u 2 my little pocy bell I am sorry but I love u,not_scam
"Ok omw now, you at castor?",not_scam
Yar lor... Keep raining non stop... Or u wan 2 go elsewhere?,not_scam
"Xmas Offer! Latest Motorola, SonyEricsson & Nokia & FREE Bluetooth or DVD! Double Mins & 1000 Txt on Orange. Call MobileUpd8 on 08000839402 or call2optout/4QF2",scam
What u mean u almost done? Done wif sleeping? But i tot u going to take a nap.. Yup i send her liao so i'm picking her up at ard 4 smth lor..,not_scam
"7 wonders in My WORLD 7th You 6th Ur style 5th Ur smile 4th Ur Personality 3rd Ur Nature 2nd Ur SMS and 1st ""Ur Lovely Friendship""... good morning dear",not_scam
"Tonight? Yeah, I'd be down for that",not_scam
What should i eat fo lunch senor,not_scam
"He said that he had a right giggle when he saw u again! You would possibly be the first person2die from NVQ, but think how much you could for!",not_scam
No break time one... How... I come out n get my stuff fr ü?,not_scam
Reply to win £100 weekly! What professional sport does Tiger Woods play? Send STOP to 87239 to end service,scam
"I'm there and I can see you, but you can't see me ? Maybe you should reboot ym ? I seen the buzz",not_scam
Do you still have the grinder?,not_scam
No 1 POLYPHONIC tone 4 ur mob every week! Just txt PT2 to 87575. 1st Tone FREE ! so get txtin now and tell ur friends. 150p/tone. 16 reply HL 4info,scam
"Love isn't a decision, it's a feeling. If we could decide who to love, then, life would be much simpler, but then less magical",not_scam
"HOT LIVE FANTASIES call now 08707509020 Just 20p per min NTT Ltd, PO Box 1327 Croydon CR9 5WB 0870 is a national rate call",scam
K.i did't see you.:)k:)where are you now?,not_scam
So i'm doing a list of buyers.,not_scam
"No idea, I guess we'll work that out an hour after we're supposed to leave since as usual nobody has any interest in figuring shit out before the last second",not_scam
Mm not entirely sure i understood that text but hey. Ho. Which weekend?,not_scam
They released vday shirts and when u put it on it makes your bottom half naked instead of those white underwear.,not_scam
Don know..he is watching film in computer..,not_scam
No b4 Thursday,not_scam
"Oh, then your phone phoned me but it disconnected",not_scam
Id onluy matters when getting on from offcampus,not_scam
This message is free. Welcome to the new & improved Sex & Dogging club! To unsubscribe from this service reply STOP. msgs@150p 18+only,scam
"Excellent, I'll see what riley's plans are",not_scam
I will see in half an hour,not_scam
"You've won tkts to the EURO2004 CUP FINAL or £800 CASH, to collect CALL 09058099801 b4190604, POBOX 7876150ppm",scam
Ew are you one of them?,not_scam
Also hi wesley how've you been,not_scam
Ah you see. You have to be in the lingo. I will let you know wot on earth it is when has finished making it!,not_scam
"Loan for any purpose £500 - £75,000. Homeowners + Tenants welcome. Have you been previously refused? We can still help. Call Free 0800 1956669 or text back 'help'",scam
Update_Now - 12Mths Half Price Orange line rental: 400mins...Call MobileUpd8 on 08000839402 or call2optout=J5Q,scam
Imagine Life WITHOUT ME... see.. How fast u are searching me?Don't worry.. l'm always there To disturb U.. Goodnoon..:),not_scam
"Hm good morning, headache anyone? :-)",not_scam
Yeah no probs - last night is obviously catching up with you... Speak soon,not_scam
FREE UNLIMITED HARDCORE PORN direct 2 your mobile Txt PORN to 69200 & get FREE access for 24 hrs then chrgd@50p per day txt Stop 2exit. This msg is free,scam
I might go 2 sch. Yar at e salon now v boring.,not_scam
&lt;#&gt;  mins but i had to stop somewhere first.,not_scam
"&lt;#&gt;  is fast approaching. So, Wish u a very Happy New Year Happy Sankranti Happy republic day Happy Valentines Day Happy Shivratri Happy Ugadi Happy Fools day Happy May Day Happy Independence Day, Happy Friendship,Mother,Father,Teachers,Childrens Day, &amp; HAPPY BIRTHDAY 4 U. Happy Ganesh festival Happy Dasara Happy Diwali Happy Christmas  &lt;#&gt;  Good Mornings Afternoons, Evenings Nights. RememberI AM the first to WISHING U ALL THESE...your's Raj",not_scam
One of the joys in lifeis waking up each daywith thoughts that somewhereSomeone cares enough tosend a warm morning greeting.. -,not_scam
I didn't get the second half of that message,not_scam
Wat time do u wan 2 meet me later?,not_scam
I thank you so much for all you do with selflessness. I love you plenty.,not_scam
Am in film ill call you later.,not_scam
How dare you change my ring,not_scam
You are a very very very very bad girl. Or lady.,not_scam
I love ya too but try and budget your money better babe. Gary would freak on me if he knew,not_scam
"What part of ""don't initiate"" don't you understand",not_scam
I finished my lunch already. U wake up already?,not_scam
You still at the game?,not_scam
You have got tallent but you are wasting.,not_scam
What is your record for one night? :),not_scam
"Also sir, i sent you an email about how to log into the usc payment portal. I.ll send you another message that should explain how things are back home. Have a great weekend.",not_scam
gonna let me know cos comes bak from holiday that day.  is coming. Don't4get2text me  number.,not_scam
Jokin only lar... :-) depends on which phone my father can get lor...,not_scam
"Aight, lemme know what's up",not_scam
Get ready for  &lt;#&gt;  inches of pleasure...,not_scam
Raji..pls do me a favour. Pls convey my Birthday wishes to Nimya. Pls. Today is her birthday.,not_scam
;-) ok. I feel like john lennon.,not_scam
Cos darren say ü considering mah so i ask ü...,not_scam
You are not bothering me but you have to trust my answers. Pls.,not_scam
"Wishing you and your family Merry ""X"" mas and HAPPY NEW Year in advance..",not_scam
One day a crab was running on the sea shore..The waves came n cleared the footprints of the crab.. Crab asked: being my frnd y r u clearing my beautiful footprints? Waves replied: A fox was following ur footprints to catch you! thats y i cleared it off:) frndsship never lets u dwn :-) GUD nyt..,not_scam
Aight what time you want me to come up?,not_scam
Slaaaaave ! Where are you ? Must I summon you to me all the time now ? Don't you wish to come to me on your own anymore?,not_scam
Your bill at 3 is £33.65 so thats not bad!,not_scam
Let me know how it changes in the next 6hrs. It can even be appendix but you are out of that age range. However its not impossible. So just chill and let me know in 6hrs,not_scam
"Hello, yeah i've just got out of the bath and need to do my hair so i'll come up when i'm done, yeah?",not_scam
So how's the weather over there?,not_scam
"Ok. Not much to do here though. H&M Friday, cant wait. Dunno wot the hell im gonna do for another 3 weeks! Become a slob- oh wait, already done that!",not_scam
Die... Now i have e toot fringe again...,not_scam
Lol they don't know about my awesome phone. I could click delete right now if I want.,not_scam
Ok,not_scam
"Awesome question with a cute answer: Someone asked a boy ""how is ur life?"" . . He smiled &amp; answered: . . ""She is fine!"" Gudnite",not_scam
Please leave this topic..sorry for telling that..,not_scam
Pls send me the correct name da.,not_scam
What happened to our yo date?,not_scam
EASTENDERS TV Quiz. What FLOWER does DOT compare herself to? D= VIOLET E= TULIP F= LILY txt D E or F to 84025 NOW 4 chance 2 WIN £100 Cash WKENT/150P16+,scam
Webpage s not available!,not_scam
Just woke up. Yeesh its late. But I didn't fall asleep til &lt;#&gt; am :/,not_scam
You are now unsubscribed all services. Get tons of sexy babes or hunks straight to your phone! go to http://gotbabes.co.uk. No subscriptions.,scam
"Dear all, as we know  &lt;#&gt; th is the  &lt;#&gt; th birthday of our loving Gopalettan. We are planning to give a small gift on that day. Those who like to participate in that you are welcome. Please contact our admin team for more details",not_scam
K..k...from tomorrow onwards started ah?,not_scam
What u talking bout early morning? It's almost noon where your at!,not_scam
Fine. Do you remember me.,not_scam
"Hi babe its Jordan, how r u? Im home from abroad and lonely, text me back if u wanna chat xxSP visionsms.com Text stop to stopCost 150p 08712400603",scam
Ok. How many should i buy.,not_scam
"Sounds good, keep me posted",not_scam
Get a brand new mobile phone by being an agent of The Mob! Plus loads more goodies! For more info just text MAT to 87021.,scam
Ok. So april. Cant wait,not_scam
Boy you best get yo ass out here quick,not_scam
Ay wana meet on sat?ü wkg on sat?,not_scam
I'm now but have to wait till 2 for the bus to pick me.,not_scam
Apart from the one i told you about yesterday?,not_scam
Ok lor... But buy wat?,not_scam
Somebody should go to andros and steal ice,not_scam
Don know. I did't msg him recently.,not_scam
Take us out shopping and Mark will distract Isaiah.=D,not_scam
"Mum, hope you are having a great day. Hoping this text meets you well and full of life. Have a great day. Abiola",not_scam
There is no sense in my foot and penis.,not_scam
Okay but i thought you were the expert,not_scam
*deep sigh* ... I miss you :-( ... I am really surprised you haven't gone to the net cafe yet to get to me ... Don't you miss me?,not_scam
S.s:)i thinl role is like sachin.just standing. Others have to hit.,not_scam
Have a great trip to India. And bring the light to everyone not just with the project but with everyone that is lucky to see you smile. Bye. Abiola,not_scam
"And very importantly, all we discuss is between u and i only.",not_scam
K..k:)how about your training process?,not_scam
Ok lor. I ned 2 go toa payoh 4 a while 2 return smth u wan 2 send me there or wat?,not_scam
In da car park,not_scam
I wish that I was with you. Holding you tightly. Making you see how important you are. How much you mean to me ... How much I need you ... In my life ...,not_scam
So i asked how's anthony. Dad. And your bf,not_scam
"'Wnevr i wana fal in luv vth my books, My bed fals in luv vth me..!'' . Yen madodu, nav pretsorginta, nammanna pretsovru important alwa....!!:) Gud eveB-).",not_scam
What Today-sunday..sunday is holiday..so no work..,not_scam
Am going to take bath ill place the key in window:-),not_scam
LORD OF THE RINGS:RETURN OF THE KING in store NOW!REPLY LOTR by 2 June 4 Chance 2 WIN LOTR soundtrack CDs StdTxtRate. Reply STOP to end txts,scam
"Dear, take care. I am just reaching home.love u a lot.",not_scam
staff.science.nus.edu.sg/~phyhcmk/teaching/pc1323,not_scam
Have you emigrated or something? Ok maybe 5.30 was a bit hopeful...,not_scam
Olol i printed out a forum post by a guy with the exact same  prob which was fixed with a gpu replacement. Hopefully they dont ignore that.,not_scam
We walked from my moms. Right on stagwood pass right on winterstone left on victors hill. Address is &lt;#&gt;,not_scam
"Yo, you at jp and hungry like a mofo?",not_scam
This is all just creepy and crazy to me.,not_scam
Ok... I din get ur msg...,not_scam
Tessy..pls do me a favor. Pls convey my birthday wishes to Nimya..pls dnt forget it. Today is her birthday Shijas,not_scam
Pathaya enketa maraikara pa',not_scam
Even if he my friend he is a priest call him now,not_scam
"U so lousy, run already come back then half dead... Hee...",not_scam
That's y i said it's bad dat all e gals know u... Wat u doing now?,not_scam
Or remind me in a few hrs.,not_scam
"I had been hoping i would not have to send you this message. My rent is due and i dont have enough for it. My reserves are completely gone. Its a loan i need and was hoping you could her. The balance is  &lt;#&gt; . Is there a way i could get that from you, till mid march when i hope to pay back.",not_scam
Hi. Happy New Year. I dont mean to intrude but can you pls let me know how much tuition you paid last semester and how much this semester is. Thanks,not_scam
Hello hun how ru? Its here by the way. Im good. Been on 2 dates with that guy i met in walkabout so far. We have to meet up soon. Hows everyone else?,not_scam
Lol I was gonna last month. I cashed some in but I left &lt;#&gt; just in case. I was collecting more during the week cause they announced it on the blog.,not_scam
Good Luck! Draw takes place 28th Feb 06. Good Luck! For removal send STOP to 87239 customer services 08708034412,scam
"Short But Cute : "" Be a good person , but dont try to prove"" ..... Gud mrng...",not_scam
Just haven't decided where yet eh ?,not_scam
"Wat time liao, where still got.",not_scam
Yes watching footie but worried we're going to blow it - Phil Neville?,not_scam
I wait 4 ü inside da car park...,not_scam
Uncle Abbey! Happy New Year. Abiola,not_scam
Now am free call me pa.,not_scam
R u saying i should re order the slippers cos i had to pay for returning it.,not_scam
Stop knowing me so well!,not_scam
Good evening! this is roger. How are you?,not_scam
Small problem in auction:)punj now asking tiwary,not_scam
Free entry in 2 a weekly comp for a chance to win an ipod. Txt POD to 80182 to get entry (std txt rate) T&C's apply 08452810073 for details 18+,scam
He telling not to tell any one. If so treat for me hi hi hi,not_scam
My uncles in Atlanta. Wish you guys a great semester.,not_scam
1st wk FREE! Gr8 tones str8 2 u each wk. Txt NOKIA ON to 8007 for Classic Nokia tones or HIT ON to 8007 for Polys. Nokia/150p Poly/200p 16+,scam
U coming 2 pick me?,not_scam
Thats cool. i liked your photos. You are very sexy!,not_scam
would u fuckin believe it they didnt know i had thurs pre booked off so they re cancelled me AGAIN! that needs to b sacked,not_scam
"Haha better late than ever, any way I could swing by?",not_scam
Ok. But i finish at 6.,not_scam
"LookAtMe!: Thanks for your purchase of a video clip from LookAtMe!, you've been charged 35p. Think you can do better? Why not send a video in a MMSto 32323.",scam
I've been barred from all B and Q stores for life!?This twat in orange dungerees came up to me and asked if I wanted decking? So I got the first punch in!!,not_scam
So no messages. Had food?,not_scam
Ok going to sleep. Hope i can meet her.,not_scam
Wat makes some people dearer is not just de happiness dat u feel when u meet them but de pain u feel when u miss dem!!!,not_scam
Can you let me know details of fri when u find out cos I'm not in tom or fri. mentionned chinese. Thanks,not_scam
You're right I have now that I think about it,not_scam
Wat r u doing now?,not_scam
Is ur lecture over?,not_scam
sexy sexy cum and text me im wet and warm and ready for some porn! u up for some fun? THIS MSG IS FREE RECD MSGS 150P INC VAT 2 CANCEL TEXT STOP,scam
Customer place i will call you,not_scam
Not planned yet :)going to join company on jan 5 only.don know what will happen after that.,not_scam
Boy; I love u Grl: Hogolo Boy: gold chain kodstini Grl: Agalla Boy: necklace madstini Grl: agalla Boy: Hogli 1 mutai eerulli kodthini! Grl: I love U kano;-),not_scam
"Haha I heard that, text me when you're around",not_scam
I.ll get there tomorrow and send it to you,not_scam
"""SHIT BABE.. THASA BIT MESSED UP.YEH, SHE SHUDVETOLD U. DID URGRAN KNOW?NEWAY, ILLSPEAK 2 U2MORO WEN IM NOT ASLEEP...""",not_scam
Oh thats late! Well have a good night and i will give u a call tomorrow. Iam now going to go to sleep night night,not_scam
"""CHEERS U TEX MECAUSE U WEREBORED! YEAH OKDEN HUNNY R UIN WK SAT?SOUNDS LIKEYOUR HAVIN GR8FUN J! KEEP UPDAT COUNTINLOTS OF LOVEME XXXXX.""",not_scam
"Sorry,  in meeting I'll call you later",not_scam
Yo! Howz u? girls never rang after india. L,not_scam
Yeah but which is worse for i,not_scam
Hard LIVE 121 chat just 60p/min. Choose your girl and connect LIVE. Call 09094646899 now! Cheap Chat UK's biggest live service. VU BCM1896WC1N3XX,scam
I tagged MY friends that you seemed to count as YOUR friends.,not_scam
Not heard from U4 a while. Call 4 rude chat private line 01223585334 to cum. Wan 2C pics of me gettin shagged then text PIX to 8552. 2End send STOP 8552 SAM xxx,scam
Ok...,not_scam
Long time. You remember me today.,not_scam
Havent shopping now lor i juz arrive only,not_scam
Thank u. IT BETTER WORK OUT CAUSE I WILL FEEL USED OTHERWISE,not_scam
Are you up for the challenge? I know i am :),not_scam
How much did ur hdd casing cost.,not_scam
Mystery solved! Just opened my email and he's sent me another batch! Isn't he a sweetie,not_scam
I can't describe how lucky you are that I'm actually awake by noon,not_scam
This is the 2nd time we have tried to contact u. U have won the £1450 prize to claim just call 09053750005 b4 310303. T&Cs/stop SMS 08718725756. 140ppm,scam
"TODAY is Sorry day.! If ever i was angry with you, if ever i misbehaved or hurt you? plz plz JUST SLAP URSELF Bcoz, Its ur fault, I'm basically GOOD",not_scam
Cheers for the card ... Is it that time of year already?,not_scam
"HOT LIVE FANTASIES call now 08707509020 Just 20p per min NTT Ltd, PO Box 1327 Croydon CR9 5WB 0870..k",scam
"When people see my msgs, They think Iam addicted to msging... They are wrong, Bcoz They don\'t know that Iam addicted to my sweet Friends..!! BSLVYL",not_scam
Ugh hopefully the asus ppl dont randomly do a reformat.,not_scam
"Haven't seen my facebook, huh? Lol!",not_scam
"Mah b, I'll pick it up tomorrow",not_scam
Still otside le..u come 2morrow maga..,not_scam
Do u still have plumbers tape and a wrench we could borrow?,not_scam
"Dear Voucher Holder, To claim this weeks offer, at you PC please go to http://www.e-tlp.co.uk/reward. Ts&Cs apply.",scam
It vl bcum more difficult..,not_scam
UR GOING 2 BAHAMAS! CallFREEFONE 08081560665 and speak to a live operator to claim either Bahamas cruise of£2000 CASH 18+only. To opt out txt X to 07786200117,scam
Havent still waitin as usual... Ü come back sch oredi?,not_scam
In meeting da. I will call you,not_scam
K k :-):-) then watch some films.,not_scam
Does cinema plus drink appeal tomo? * Is a fr thriller by director i like on at mac at 8.30.,not_scam
There the size of elephant tablets & u shove um up ur ass!!,not_scam
"So many people seems to be special at first sight, But only very few will remain special to you till your last sight.. Maintain them till life ends.. take cr da",not_scam
"My Parents, My Kidz, My Friends n My Colleagues. All screaming.. SURPRISE !! and I was waiting on the sofa.. ... ..... ' NAKED...!",not_scam
Dunno i juz askin cos i got a card got 20% off 4 a salon called hair sense so i tot it's da one ü cut ur hair.,not_scam
Good morning pookie pie! Lol hope I didn't wake u up,not_scam
MAYBE IF YOU WOKE UP BEFORE FUCKING 3 THIS WOULDN'T BE A PROBLEM.,not_scam
Happy birthday to you....dear.with lots of love.rakhesh NRI,not_scam
Howz that persons story,not_scam
"This is the 2nd time we have tried 2 contact u. U have won the 750 Pound prize. 2 claim is easy, call 08712101358 NOW! Only 10p per min. BT-national-rate",scam
X2  &lt;#&gt; . Are you going to get that,not_scam
Hi neva worry bout da truth coz the truth will lead me 2 ur heart. Its the least a unique person like u deserve. Sleep tight or morning,not_scam
UR awarded a City Break and could WIN a £200 Summer Shopping spree every WK. Txt STORE to 88039.SkilGme.TsCs087147403231Winawk!Age16+£1.50perWKsub,scam
Is ur paper today in e morn or aft?,not_scam
I will lick up every drop :) are you ready to use your mouth as well?,not_scam
And you! Will expect you whenever you text! Hope all goes well tomo,not_scam
Great. P diddy is my neighbor and comes for toothpaste every morning,not_scam
"I av a new number,  . Wil u only use this one,ta.",not_scam
So its to be poking man everyday that they teach you in canada abi! How are you. Just saying hi.,not_scam
7 lor... Change 2 suntec... Wat time u coming?,not_scam
No de.am seeing in online shop so that i asked.,not_scam
Just curious because my cuz asked what I was up to,not_scam
Nice.nice.how is it working?,not_scam
Okay lor... Wah... like that def they wont let us go... Haha... What did they say in the terms and conditions?,not_scam
Haha... Yup hopefully  we will lose a few kg by mon. after hip hop can go orchard and weigh again,not_scam
She's good. How are you. Where r u working now,not_scam
"Oh, yes, I've just been a little under the weather so i've kind of been coccooning at home",not_scam
At home also.,not_scam
This phone has the weirdest auto correct.,not_scam
Oops my phone died and I didn't even know. Yeah I like it better.,not_scam
Havent mus ask if u can 1st wat. Of meet 4 lunch den u n him meet can already lor. Or u wan 2 go ask da ge 1st then confirm w me asap?,not_scam
"She said,'' do u mind if I go into the bedroom for a minute ? '' ''OK'', I sed in a sexy mood. She came out 5 minuts latr wid a cake...n My Wife,",not_scam
"OH YEAH,AND HAV A GREAT TIME IN NEWQUAY-SEND ME A POSTCARD !1 LOOK AFTER ALL THE GIRLS WHILE IM GONE(U KNOW THE 1IM TALKIN BOUT!)xx",not_scam
We got a divorce. Lol. She.s here,not_scam
What's ur pin?,not_scam
"Babe, have you got enough money to pick up bread and milk ? And I'll give you it back when you get home ?",not_scam
I want snow. It's just freezing and windy.,not_scam
URGENT! We are trying to contact U. Todays draw shows that you have won a £2000 prize GUARANTEED. Call 09066358361 from land line. Claim Y87. Valid 12hrs only,scam
Come to mahal bus stop.. &lt;DECIMAL&gt;,not_scam
Don know:)this week i'm going to tirunelvai da.,not_scam
Me too baby! I promise to treat you well! I bet you will take good care of me...,not_scam
Its like that hotel dusk game i think. You solve puzzles in a area thing,not_scam
"Thanks for your ringtone order, reference number X29. Your mobile will be charged 4.50. Should your tone not arrive please call customer services 09065989180",scam
"Hi, my love! How goes that day? Fuck, this morning I woke and dropped my cell on the way down the stairs but it seems alright ... *phews* I miss you !",not_scam
Well that must be a pain to catch,not_scam
Sorry da thangam.it's my mistake.,not_scam
I need... Coz i never go before,not_scam
"Rose for red,red for blood,blood for heart,heart for u. But u for me.... Send tis to all ur friends.. Including me.. If u like me.. If u get back, 1-u r poor in relation! 2-u need some 1 to support 3-u r frnd 2 many 4-some1 luvs u 5+- some1 is praying god to marry u.:-) try it....",not_scam
Wife.how she knew the time of murder exactly,not_scam
"SIX chances to win CASH! From 100 to 20,000 pounds txt> CSH11 and send to 87575. Cost 150p/day, 6days, 16+ TsandCs apply Reply HL 4 info",scam
Ur cash-balance is currently 500 pounds - to maximize ur cash-in now send COLLECT to 83600 only 150p/msg. CC: 08718720201 PO BOX 114/14 TCR/W1,scam
"I feel like a dick because I keep sleeping through your texts and facebook messages. Sup, you in town?",not_scam
No plm i will come da. On the way.,not_scam
Guess he wants alone time. We could just show up and watch when they do..,not_scam
Height of recycling: Read twice- People spend time for earning money and the same money is spent for spending time!;-) Good morning.. keep smiling:-),not_scam
Yup ü not comin :-(,not_scam
"Yes, princess. Toledo.",not_scam
"Aight text me when you're back at mu and I'll swing by, need somebody to get the door for me",not_scam
Ron say fri leh. N he said ding tai feng cant make reservations. But he said wait lor.,not_scam
Good. No swimsuit allowed :),not_scam
Am okay. Will soon be over. All the best,not_scam
"A cute thought for friendship: ""Its not necessary to share every secret with ur close Frnd, but watever u shared should be true""....",not_scam
Ok i've sent u da latest version of da project.,not_scam
Good Morning my Dear........... Have a great &amp; successful day.,not_scam
Pls accept me for one day. Or am begging you change the number.,not_scam
Squeeeeeze!! This is christmas hug.. If u lik my frndshp den hug me back.. If u get 3 u r cute:) 6 u r luvd:* 9 u r so lucky;) None? People hate u:,not_scam
"Its ok, if anybody asks abt me, u tel them..:-P",not_scam
"Funny fact Nobody teaches volcanoes 2 erupt, tsunamis 2 arise, hurricanes 2 sway aroundn no 1 teaches hw 2 choose a wife Natural disasters just happens",not_scam
* You gonna ring this weekend or wot?,not_scam
Also track down any lighters you can find,not_scam
"Sorry, I can't help you on this.",not_scam
"Babe, I need your advice",not_scam
"I‘ll leave around four, ok?",not_scam
Come to medical college at 7pm ......forward it da,not_scam
K:)k..its good:)when are you going?,not_scam
I can make lasagna for you... vodka...,not_scam
HI ITS KATE CAN U GIVE ME A RING ASAP XXX,not_scam
Who were those people ? Were you in a tour ? I thought you were doing that sofa thing you sent me ? Your curious sugar,not_scam
"No, but you told me you were going, before you got drunk!",not_scam
He fucking chickened out. He messaged me he would be late and woould buzz me and then I didn't hear a word from him,not_scam
"Congratulations! Thanks to a good friend U have WON the £2,000 Xmas prize. 2 claim is easy, just call 08718726978 NOW! Only 10p per minute. BT-national-rate",scam
I'm always looking for an excuse to be in the city.,not_scam
Yup i'm still having coffee wif my frens... My fren drove she'll give me a lift...,not_scam
O shore are you takin the bus,not_scam
So u gonna get deus ex?,not_scam
I will send them to your email. Do you mind  &lt;#&gt;  times per night?,not_scam
"44 7732584351, Do you want a New Nokia 3510i colour phone DeliveredTomorrow? With 300 free minutes to any mobile + 100 free texts + Free Camcorder reply or call 08000930705.",scam
tap & spile at seven. * Is that pub on gas st off broad st by canal. Ok?,not_scam
Ok then i come n pick u at engin?,not_scam
Which is why i never wanted to tell you any of this. Which is why i'm so short with you and on-edge as of late.,not_scam
Raviyog Peripherals bhayandar east,not_scam
K actually can you guys meet me at the sunoco on howard? It should be right on the way,not_scam
You have 1 new voicemail. Please call 08719181513.,scam
"MOON has come to color your dreams, STARS to make them musical and my SMS to give you warm and Peaceful Sleep. Good Night",not_scam
Just finished eating. Got u a plate. NOT leftovers this time.,not_scam
Thanx a lot...,not_scam
Hurry home u big butt. Hang up on your last caller if u have to. Food is done and I'm starving. Don't ask what I cooked.,not_scam
Lol your right. What diet? Everyday I cheat anyway. I'm meant to be a fatty :(,not_scam
Its a great day. Do have yourself a beautiful one.,not_scam
What happened in interview?,not_scam
"Solve d Case : A Man Was Found Murdered On  &lt;DECIMAL&gt; . &lt;#&gt;  AfterNoon. 1,His wife called Police. 2,Police questioned everyone. 3,Wife: Sir,I was sleeping, when the murder took place. 4.Cook: I was cooking. 5.Gardener: I was picking vegetables. 6.House-Maid: I went 2 d post office. 7.Children: We went 2 play. 8.Neighbour: We went 2 a marriage. Police arrested d murderer Immediately. Who's It? Reply With Reason, If U r Brilliant.",not_scam
Badrith is only for chennai:)i will surely pick for us:)no competition for him.,not_scam
I tot it's my group mate... Lucky i havent reply... Wat time do ü need to leave...,not_scam
Hey you around? I've got enough for a half + the ten I owe you,not_scam
Hey tmr maybe can meet you at yck,not_scam
ALRITE SAM ITS NIC JUST CHECKIN THAT THIS IS UR NUMBER-SO IS IT?T.B*,not_scam
They are just making it easy to pay back. I have  &lt;#&gt; yrs to say but i can pay back earlier. You get?,not_scam
Not to worry. I'm sure you'll get it.,not_scam
"The gas station is like a block away from my house, you'll drive right by it since armenia ends at swann and you have to take howard",not_scam
"Someone U know has asked our dating service 2 contact you! Cant Guess who? CALL 09058097189 NOW all will be revealed. POBox 6, LS15HB 150p",scam
Camera - You are awarded a SiPix Digital Camera! call 09061221066 fromm landline. Delivery within 28 days,scam
My tuition is at 330. Hm we go for the 1120 to 1205 one? Do you mind?,not_scam
"I'm not smoking while people use ""wylie smokes too much"" to justify ruining my shit",not_scam
Dear good morning how you feeling dear,not_scam
A little. Meds say take once every 8 hours. It's only been 5 but pain is back. So I took another. Hope I don't die,not_scam
"Beautiful tomorrow never comes.. When it comes, it's already TODAY.. In the hunt of beautiful tomorrow don't waste your wonderful TODAY.. GOODMORNING:)",not_scam
Dunno lei ü all decide lor. How abt leona? Oops i tot ben is going n i msg him.,not_scam
Hi there. We have now moved in2 our pub . Would be great 2 c u if u cud come up.,not_scam
Todays Voda numbers ending 5226 are selected to receive a ?350 award. If you hava a match please call 08712300220 quoting claim code 1131 standard rates app,scam
This message is free. Welcome to the new & improved Sex & Dogging club! To unsubscribe from this service reply STOP. msgs@150p 18 only,scam
"Honeybee Said: *I'm d Sweetest in d World* God Laughed &amp; Said: *Wait,U Havnt Met d Person Reading This Msg* MORAL: Even GOD Can Crack Jokes! GM+GN+GE+GN:)",not_scam
Just do what ever is easier for you,not_scam
RCT' THNQ Adrian for U text. Rgds Vatian,scam
Stop calling everyone saying I might have cancer. My throat hurts to talk. I can't be answering everyones calls. If I get one more call I'm not babysitting on Monday,not_scam
"It'll be tough, but I'll do what I have to",not_scam
IM GONNAMISSU SO MUCH!!I WOULD SAY IL SEND U A POSTCARD BUTTHERES ABOUTAS MUCH CHANCE OF MEREMEMBERIN ASTHERE IS OFSI NOT BREAKIN HIS CONTRACT!! LUV Yaxx,not_scam
Ee msg na poortiyagi odalebeku: Hanumanji 7 name 1-Hanuman 2-Bajarangabali 3-Maruti 4-Pavanaputra 5-Sankatmochan 6-Ramaduth 7-Mahaveer ee 7 name  &lt;#&gt;  janarige ivatte kalisidare next saturday olage ondu good news keluviri...! Maretare inde 1 dodda problum nalli siguviri idu matra  &lt;#&gt; % true.. Don't neglet.,not_scam
HI DARLIN I FINISH AT 3 DO U 1 2 PICK ME UP OR MEET ME? TEXT BACK ON THIS NUMBER LUV KATE XXX,not_scam
"Set a place for me in your heart and not in your mind, as the mind easily forgets but the heart will always remember. Wish you Happy Valentines Day!",not_scam
But i'm surprised she still can guess right lor...,not_scam
Okie ü wan meet at bishan? Cos me at bishan now. I'm not driving today.,not_scam
Oh ho. Is this the first time u use these type of words,not_scam
HI DARLIN HOW WAS WORK DID U GET INTO TROUBLE? IJUST TALKED TO YOUR MUM ALL MORNING! I HAD A REALLY GOOD TIME LAST NIGHT IM GOIN OUT SOON BUT CALL ME IF U CAN,not_scam
I know you are serving. I mean what are you doing now.,not_scam
"Huh... Hyde park not in mel ah, opps, got confused... Anyway, if tt's e best choice den we juz have to take it...",not_scam
Oh gei. That happend to me in tron. Maybe ill dl it in 3d when its out,not_scam
"FREE MESSAGE Activate your 500 FREE Text Messages by replying to this message with the word FREE For terms & conditions, visit www.07781482378.com",scam
I know girls always safe and selfish know i got it pa. Thank you. good night.,not_scam
"No worries, hope photo shoot went well. have a spiffing fun at workage.",not_scam
I'm freezing and craving ice. Fml,not_scam
Kay... Since we are out already,not_scam
Eh sorry leh... I din c ur msg. Not sad already lar. Me watching tv now. U still in office?,not_scam
Yo im right by yo work,not_scam
Ok darlin i supose it was ok i just worry too much.i have to do some film stuff my mate and then have to babysit again! But you can call me there.xx,not_scam
"She said,'' do u mind if I go into the bedroom for a minute ? '' ''OK'', I sed in a sexy mood. She came out 5 minuts latr wid a cake...n My Wife,",not_scam
I don wake since. I checked that stuff and saw that its true no available spaces. Pls call the embassy or send a mail to them.,not_scam
Nope... Juz off from work...,not_scam
Huh so fast... Dat means u havent finished painting?,not_scam
what number do u live at? Is it 11?,not_scam
"No we put party 7 days a week and study lightly, I think we need to draw in some custom checkboxes so they know we're hardcore",not_scam
Sac will score big hundred.he is set batsman:-),not_scam
Send me yetty's number pls.,not_scam
How much it will cost approx . Per month.,not_scam
Ok... The theory test? when are ü going to book? I think it's on 21 may. Coz thought wanna go out with jiayin. But she isnt free,not_scam
"You are being contacted by our dating service by someone you know! To find out who it is, call from a land line 09050000928. PoBox45W2TG150P",scam
"That's fine, have him give me a call if he knows what he wants or has any questions",not_scam
"Sorry, got a late start, we're on the way",not_scam
Then u go back urself lor...,not_scam
I AM AT THE GAS STATION. GO THERE.,not_scam
"K, if u bored up just come to my home..",not_scam
Babe !!!! I LOVE YOU !!!! *covers your face in kisses*,not_scam
"Like I made him throw up when we were smoking in our friend's car one time, it was awesome",not_scam
Still i have not checked it da. . .,not_scam
You will go to walmart. I.ll stay.,not_scam
"I haven't forgotten you, i might have a couple bucks to send you tomorrow, k? I love ya too",not_scam
Oh great. I.ll disturb him more so that we can talk.,not_scam
Reverse is cheating. That is not mathematics.,not_scam
U're welcome... Caught u using broken english again...,not_scam
No problem baby. Is this is a good time to talk? I called and left a message.,not_scam
"Sorry, I'll call later",not_scam
Oh is it! Which brand?,not_scam
Sorry i cant take your call right now. It so happens that there r 2waxsto do wat you want. She can come and ill get her medical insurance. And she'll be able to deliver and have basic care. I'm currently shopping for the right medical insurance for her. So just give me til friday morning. Thats when i.ll see the major person that can guide me to the right insurance.,not_scam
At what time are you coming.,not_scam
Call him and say you not coming today ok and tell them not to fool me like this ok,not_scam
I emailed yifeng my part oredi.. Can ü get it fr him..,not_scam
R u sure they'll understand that! Wine * good idea just had a slurp!,not_scam
Minimum walk is 3miles a day.,not_scam
Ok not a problem will get them a taxi. C ing  tomorrow and tuesday. On tuesday think we r all going to the cinema.,not_scam
"Brainless Baby Doll..:-D;-), vehicle sariyag drive madoke barolla..",not_scam
I don't run away frm u... I walk slowly &amp; it kills me that u don't care enough to stop me...,not_scam
Sorry I missed your call let's talk when you have the time. I'm on 07090201529,scam
Please attend the phone:),not_scam
You only hate me. You can call any but you didnt accept even a single call of mine. Or even you messaged,not_scam
No messages on her phone. I'm holding it now,not_scam
Can... I'm free...,not_scam
"Yo my trip got postponed, you still stocked up?",not_scam
"Sorry, I'll call later",not_scam
I am waiting for your call sir.,not_scam
Hey what are you doing. Y no reply pa..,not_scam
"Hey elaine, is today's meeting still on?",not_scam
Sorry i've not gone to that place. I.ll do so tomorrow. Really sorry.,not_scam
Most of the tiime when i don't let you hug me it's so i don't break into tears.,not_scam
Tomorrow i am not going to theatre. . . So i can come wherever u call me. . . Tell me where and when to come tomorrow,not_scam
And now electricity just went out fml.,not_scam
"Looks like you found something to do other than smoke, great job!",not_scam
Also andros ice etc etc,not_scam
:),not_scam
"Good afternon, my love. How are today? I hope your good and maybe have some interviews. I wake and miss you babe. A passionate kiss from across the sea",not_scam
Yup. Wun believe wat? U really neva c e msg i sent shuhui?,not_scam
Hows that watch resizing,not_scam
Dear umma she called me now :-),not_scam
Just finished. Missing you plenty,not_scam
"complimentary 4 STAR Ibiza Holiday or £10,000 cash needs your URGENT collection. 09066364349 NOW from Landline not to lose out! Box434SK38WP150PPM18+",scam
"Well, I meant as opposed to my drunken night of before",not_scam
K... Must book a not huh? so going for yoga basic on sunday?,not_scam
FREE MSG:We billed your mobile number by mistake from shortcode 83332.Please call 08081263000 to have charges refunded.This call will be free from a BT landline,scam
Ok can...,not_scam
"Oops - am at my mum's in somerset... Bit far! Back tomo, see you soon x",not_scam
So u workin overtime nigpun?,not_scam
Same as kallis dismissial in 2nd test:-).,not_scam
O. Guess they both got screwd,not_scam
Please CALL 08712402972 immediately as there is an urgent message waiting for you,scam
"I'm in a meeting, call me later at",not_scam
What r u cooking me for dinner?,not_scam
Ok thanx...,not_scam
Bull. Your plan was to go floating off to IKEA with me without a care in the world. So i have to live with your mess another day.,not_scam
Then i buy.,not_scam
URGENT! Your Mobile number has been awarded with a £2000 Bonus Caller Prize. Call 09058095201 from land line. Valid 12hrs only,scam
Heehee that was so funny tho,not_scam
It only does simple arithmetic not percentages.,not_scam
"Yeah we wouldn't leave for an hour at least, how's 4 sound?",not_scam
"As a valued customer, I am pleased to advise you that following recent review of your Mob No. you are awarded with a £1500 Bonus Prize, call 09066364589",scam
Thanks honey. Have a great day.,not_scam
"'An Amazing Quote'' - ""Sometimes in life its difficult to decide whats wrong!! a lie that brings a smile or the truth that brings a tear....""",not_scam
Good night my dear.. Sleepwell&amp;Take care,not_scam
Then ü ask dad to pick ü up lar... Ü wan 2 stay until 6 meh...,not_scam
"Jus chillaxin, what up",not_scam
"""HEY DAS COOL... IKNOW ALL 2 WELLDA PERIL OF STUDENTFINANCIAL CRISIS!SPK 2 U L8R.""",not_scam
"Beautiful Truth against Gravity.. Read carefully: ""Our heart feels light when someone is in it.. But it feels very heavy when someone leaves it.."" GOODMORNING",not_scam
Do you want a New Nokia 3510i colour phone DeliveredTomorrow? With 300 free minutes to any mobile + 100 free texts + Free Camcorder reply or call 08000930705,scam
"Whats that coming over the hill..... Is it a monster! Hope you have a great day. Things r going fine here, busy though!",not_scam
Joy's father is John. Then John is the ____ of Joy's father. If u ans ths you hav  &lt;#&gt;  IQ. Tis s IAS question try to answer.,not_scam
Only once then after ill obey all yours.,not_scam
No she didnt. I will search online and let you know.,not_scam
Where do you need to go to get it?,not_scam
No pic. Please re-send.,not_scam
He remains a bro amongst bros,not_scam
Uhhhhrmm isnt having tb test bad when youre sick,not_scam
But i haf enuff space got like 4 mb...,not_scam
LIFE has never been this much fun and great until you came in. You made it truly special for me. I won't forget you! enjoy @ one gbp/sms,scam
Do you want a new Video phone? 600 anytime any network mins 400 Inclusive Video calls AND downloads 5 per week Free delTOMORROW call 08002888812 or reply NOW,scam
"As a valued customer, I am pleased to advise you that following recent review of your Mob No. you are awarded with a £1500 Bonus Prize, call 09066368470",scam
Welcome! Please reply with your AGE and GENDER to begin. e.g 24M,scam
Freemsg: 1-month unlimited free calls! Activate SmartCall Txt: CALL to No: 68866. Subscriptn3gbp/wk unlimited calls Help: 08448714184 Stop?txt stop landlineonly,scam
Had your mobile 10 mths? Update to latest Orange camera/video phones for FREE. Save £s with Free texts/weekend calls. Text YES for a callback orno to opt out,scam
Am new 2 club & dont fink we met yet Will B gr8 2 C U Please leave msg 2day wiv ur area 09099726553 reply promised CARLIE x Calls£1/minMobsmore LKPOBOX177HP51FL,scam
True. Its easier with her here.,not_scam
Sure but since my parents will be working on Tuesday I don't really need a cover story,not_scam
Haha okay... Today weekend leh...,not_scam
"""Hi darlin did youPhone me? Im atHome if youwanna chat.""",not_scam
I don't know jack shit about anything or i'd say/ask something helpful but if you want you can pretend that I did and just text me whatever in response to the hypotheticalhuagauahahuagahyuhagga,not_scam
You've always been the brainy one.,not_scam
Yeah if we do have to get a random dude we need to change our info sheets to PARTY  &lt;#&gt; /7 NEVER STUDY just to be safe,not_scam
Camera - You are awarded a SiPix Digital Camera! call 09061221066 fromm landline. Delivery within 28 days.,scam
"Christmas is An occasion that is Celebrated as a Reflection of UR... Values..., Desires..., Affections...&amp; Traditions.... Have an ideal Christmas...",not_scam
Sending you greetings of joy and happiness. Do have a gr8 evening,not_scam
"""Hi darlin i cantdo anythingtomorrow as myparents aretaking me outfor a meal. when are u free? Katexxx""",not_scam
If india win or level series means this is record:),not_scam
Then what about further plan?,not_scam
Its good to hear from you,not_scam
"awesome, how do I deal with the gate? Charles told me last night but, uh, yeah",not_scam
What time you thinkin of goin?,not_scam
Get a FREE mobile video player FREE movie. To collect text GO to 89105. Its free! Extra films can be ordered t's and c's apply. 18 yrs only,scam
Save money on wedding lingerie at www.bridal.petticoatdreams.co.uk Choose from a superb selection with national delivery. Brought to you by WeddingFriend,scam
Your board is working fine. The issue of overheating is also reslove. But still software inst is pending. I will come around 8'o clock.,not_scam
Yes but I don't care cause I know its there!,not_scam
"wiskey Brandy Rum Gin Beer Vodka Scotch Shampain Wine ""KUDI""yarasu dhina vaazhthukkal. ..",not_scam
"Mon okie lor... Haha, best is cheap n gd food la, ex oso okie... Depends on whether wana eat western or chinese food... Den which u prefer...",not_scam
Sitting ard nothing to do lor. U leh busy w work?,not_scam
Its  &lt;#&gt; k here oh. Should i send home for sale.,not_scam
Sorry. || mail? ||,not_scam
Ya just telling abt tht incident..,not_scam
Yes we were outside for like 2 hours. And I called my whole family to wake them up cause it started at 1 am,not_scam
Ugh just got outta class,not_scam
"Nowadays people are notixiquating the laxinorficated opportunity for bambling of entropication.... Have you ever oblisingately opted ur books for the masteriastering amplikater of fidalfication? It is very champlaxigating, i think it is atrocious.. Wotz Ur Opinion???? Junna",not_scam
I dont have any of your file in my bag..i was in work when you called me.i 'll tell you if i find anything in my room.,not_scam
No need lar. Jus testing e phone card. Dunno network not gd i thk. Me waiting 4 my sis 2 finish bathing so i can bathe. Dun disturb u liao u cleaning ur room.,not_scam
Ok. I.ll do you right later.,not_scam
Friendship poem: Dear O Dear U R Not Near But I Can Hear Dont Get Fear Live With Cheer No More Tear U R Always my Dear. Gud ni8,not_scam
Have your lunch and come quickly and open the door:),not_scam
Not heard from U4 a while. Call me now am here all night with just my knickers on. Make me beg for it like U did last time 01223585236 XX Luv Nikiyu4.net,scam
I am back. Bit long cos of accident on a30. Had to divert via wadebridge.I had a brilliant weekend thanks. Speak soon. Lots of love,not_scam
"K.. I yan jiu liao... Sat we can go 4 bugis vill one frm 10 to 3 den hop to parco 4 nb. Sun can go cine frm 1030 to 2, den hop to orc mrt 4 hip hop at 4...",not_scam
Bloomberg -Message center +447797706009 Why wait? Apply for your future http://careers. bloomberg.com,scam
i am seeking a lady in the street and a freak in the sheets. Is that you?,not_scam
My phone,not_scam
"Haha figures, well I found the piece and priscilla's bowl",not_scam
"Actually fuck that, just do whatever, do find an excuse to be in tampa at some point before january though",not_scam
URGENT! We are trying to contact U. Todays draw shows that you have won a £800 prize GUARANTEED. Call 09050001808 from land line. Claim M95. Valid12hrs only,scam
yay! finally lol. i missed our cinema trip last week :-(,not_scam
All day working day:)except saturday and sunday..,not_scam
aathi..where are you dear..,not_scam
Heart is empty without love.. Mind is empty without wisdom.. Eyes r empty without dreams &amp; Life is empty without frnds.. So Alwys Be In Touch. Good night &amp; sweet dreams,not_scam
"I think I‘m waiting for the same bus! Inform me when you get there, if you ever get there.",not_scam
You getting back any time soon?,not_scam
", how's things? Just a quick question.",not_scam
"Night has ended for another day, morning has come in a special way. May you smile like the sunny rays and leaves your worries at the blue blue bay. Gud mrng",not_scam
"I can probably come by, everybody's done around  &lt;#&gt;  right?",not_scam
I got it before the new year cos yetunde said she wanted to surprise you with it but when i didnt see money i returned it mid january before the  &lt;#&gt; day return period ended.,not_scam
I can ask around but there's not a lot in terms of mids up here,not_scam
Be sure to check your yahoo email. We sent photos yesterday,not_scam
What was she looking for?,not_scam
Wherre's my boytoy ? :-(,not_scam
Do you want a NEW video phone750 anytime any network mins 150 text for only five pounds per week call 08000776320 now or reply for delivery tomorrow,scam
"Hello, my love! How goes that day ? I wish your well and fine babe and hope that you find some job prospects. I miss you, boytoy ... *a teasing kiss*",not_scam
Tell my  bad character which u Dnt lik in me. I'll try to change in  &lt;#&gt; . I ll add tat 2 my new year resolution. Waiting for ur reply.Be frank...good morning.,not_scam
No:-)i got rumour that you going to buy apartment in chennai:-),not_scam
"Yeah, probably earlier than that",not_scam
Change windows logoff sound..,not_scam
Still i have not checked it da. . .,not_scam
I'm also came to room.,not_scam
Huh but i got lesson at 4 lei n i was thinkin of going to sch earlier n i tot of parkin at kent vale...,not_scam
Ok.,not_scam
I will reach office around  &lt;DECIMAL&gt; . &amp; my mobile have problem. You cann't get my voice. So call you asa i'll free,not_scam
"Cool, text me when you head out",not_scam
"You are being contacted by our dating service by someone you know! To find out who it is, call from a land line 09050000878. PoBox45W2TG150P",scam
"Wan2 win a Meet+Greet with Westlife 4 U or a m8? They are currently on what tour? 1)Unbreakable, 2)Untamed, 3)Unkempt. Text 1,2 or 3 to 83049. Cost 50p +std text",scam
Happy birthday... May u find ur prince charming soon n dun work too hard...,not_scam
"Oh, the grand is having a bit of a party but it doesn't mention any cover charge so it's probably first come first served",not_scam
You said to me before i went back to bed that you can't sleep for anything.,not_scam
I hope you arnt pissed off but id would really like to see you tomorrow. Love me xxxxxxxxxxxxxX,not_scam
Dorothy@kiefer.com (Bank of Granite issues Strong-Buy) EXPLOSIVE PICK FOR OUR MEMBERS *****UP OVER 300% *********** Nasdaq Symbol CDGT That is a $5.00 per..,scam
says the  &lt;#&gt;  year old with a man and money. I'm down to my last  &lt;#&gt; . Still waiting for that check.,not_scam
I will come to ur home now,not_scam
Free any day but i finish at 6 on mon n thurs...,not_scam
Will you be here for food,not_scam
"life alle mone,eppolum oru pole allalo",not_scam
Nite...,not_scam
"Two fundamentals of cool life: ""Walk, like you are the KING""...! OR ""Walk like you Dont care,whoever is the KING""!... Gud nyt",not_scam
"Camera quite good, 10.1mega pixels, 3optical and 5digital dooms. Have a lovely holiday, be safe and i hope you hav a good journey! Happy new year to you both! See you in a couple of weeks!",not_scam
Hi Petey!noim ok just wanted 2 chat coz avent spoken 2 u 4 a long time-hope ur doin alrite.have good nit at js love ya am.x,not_scam
I just saw ron burgundy captaining a party boat so yeah,not_scam
I'm serious. You are in the money base,not_scam
Already one guy loving you:-.,not_scam
Staff of placement training in Amrita college.,not_scam
I always chat with you. In fact i need money can you raise me?,not_scam
I'm job profile seems like bpo..,not_scam
"Well, I was about to give up cos they all said no they didn‘t do one nighters. I persevered and found one but it is very cheap so i apologise in advance. It is just somewhere to sleep isnt it?",not_scam
"So you think i should actually talk to him? Not call his boss in the morning? I went to this place last year and he told me where i could go and get my car fixed cheaper. He kept telling me today how much he hoped i would come back in, how he always regretted not getting my number, etc.",not_scam
Are you willing to go for apps class.,not_scam
Hanging out with my brother and his family,not_scam
No it will reach by 9 only. She telling she will be there. I dont know,not_scam
Hey... are you going to quit soon? Xuhui and i working till end of the month,not_scam
"Im sorry bout last nite it wasnt ur fault it was me, spouse it was pmt or sumthin! U 4give me? I think u shldxxxx",not_scam
Try neva mate!!,not_scam
Yeah that'd pretty much be the best case scenario,not_scam
I not free today i haf 2 pick my parents up tonite...,not_scam
"""HEY BABE! FAR 2 SPUN-OUT 2 SPK AT DA MO... DEAD 2 DA WRLD. BEEN SLEEPING ON DA SOFA ALL DAY, HAD A COOL NYTHO, TX 4 FONIN HON, CALL 2MWEN IM BK FRMCLOUD 9! J X""",not_scam
Should i send you naughty pix? :),not_scam
"You are a £1000 winner or Guaranteed Caller Prize, this is our Final attempt to contact you! To Claim Call 09071517866 Now! 150ppmPOBox10183BhamB64XE",scam
"Xmas & New Years Eve tickets are now on sale from the club, during the day from 10am till 8pm, and on Thurs, Fri & Sat night this week. They're selling fast!",scam
"Tyler (getting an 8th) has to leave not long after 9, can you get here in like an hour?",not_scam
Prepare to be pounded every night...,not_scam
"Actually, my mobile is full of msg. And i m doing a work online, where i need to send them  &lt;#&gt;  sent msg i wil explain u later.",not_scam
"Sorry, I'll call later",not_scam
Good evening! How are you?,not_scam
I'm at home. Please call,not_scam
Oic cos me n my sis got no lunch today my dad went out... So dunno whether 2 eat in sch or wat...,not_scam
"Mmmmm ... It was sooooo good to wake to your words this morning, my Love!! Mmmm fuck ... I love you too, my Lion ... *devouring kiss from across the sea*",not_scam
We are pleased to inform that your application for Airtel Broadband is processed successfully. Your installation will happen within 3 days.,not_scam
What happen dear. Why you silent. I am tensed,not_scam
"I'll get there at 3, unless you guys want me to come some time sooner",not_scam
If you are not coughing then its nothing,not_scam
Ü come lt 25 n pass to me lar,not_scam
I'm e person who's doing e sms survey...,not_scam
Lol ok ill try to send. Be warned Sprint is dead slow. You'll prolly get it tomorrow,not_scam
Thank You meet you monday,not_scam
SO IS TH GOWER MATE WHICH IS WHERE I AM!?! HOW R U MAN? ALL IS GOOD IN WALES ILL B BACK MORROW. C U THIS WK? WHO WAS THE MSG 4?  RANDOM!,not_scam
"Rock yr chik. Get 100's of filthy films &XXX pics on yr phone now. rply FILTH to 69669. Saristar Ltd, E14 9YT 08701752560. 450p per 5 days. Stop2 cancel",scam
"Single line with a big meaning::::: ""Miss anything 4 ur ""Best Life"" but, don't miss ur best life for anything... Gud nyt...",not_scam
"I got like $ &lt;#&gt; , I can get some more later though. Get whatever you feel like",not_scam
"Dad wanted to talk about the apartment so I got a late start, omw now",not_scam
I love you both too :-),not_scam
Lol u still feeling sick?,not_scam
Din i tell u jus now 420,not_scam
am up to my eyes in philosophy,not_scam
From next month get upto 50% More Calls 4 Ur standard network charge 2 activate Call 9061100010 C Wire3.net 1st4Terms PoBox84 M26 3UZ Cost £1.50 min MobcudB more,scam
Ok lor. I'm in town now lei.,not_scam
I had it already..sabarish asked me to go..,not_scam
No da. . Vijay going to talk in jaya tv,not_scam
URGENT! We are trying to contact U Todays draw shows that you have won a £800 prize GUARANTEED. Call 09050000460 from land line. Claim J89. po box245c2150pm,scam
Lol I know! Hey someone did a great inpersonation of flea on the forums. I love it!,not_scam
Text BANNEDUK to 89555 to see! cost 150p textoperator g696ga 18+ XXX,scam
Still chance there. If you search hard you will get it..let have a try :),not_scam
"Auction round 4. The highest bid is now £54. Next maximum bid is £71. To bid, send BIDS e. g. 10 (to bid £10) to 83383. Good luck.",scam
Do you always celebrate NY's with your family ?,not_scam
"We know TAJ MAHAL as symbol of love. But the other lesser known facts 1. Mumtaz was Shahjahan's 4th wife, out of his 7 wifes. 2. Shahjahan killed Mumtaz's husband to marry her. 3. Mumtaz died in her  &lt;#&gt; th delivery. 4. He then married Mumtaz's sister. Question arises where the Hell is the LOVE?:-| -The Great Hari-",not_scam
Its ok..come to my home it vl nice to meet and v can chat..,not_scam
Collect your VALENTINE'S weekend to PARIS inc Flight & Hotel + £200 Prize guaranteed! Text: PARIS to No: 69101. www.rtf.sphosting.com,scam
Sent me de webadres for geting salary slip,not_scam
She's fine. Sends her greetings,not_scam
Customer Loyalty Offer:The NEW Nokia6650 Mobile from ONLY £10 at TXTAUCTION! Txt word: START to No: 81151 & get yours Now! 4T&Ctxt TC 150p/MTmsg,scam
But you dint in touch with me.,not_scam
"Yup, leaving right now, be back soon",not_scam
You won't believe it but it's true. It's Incredible Txts! Reply G now to learn truly amazing things that will blow your mind. From O2FWD only 18p/txt,scam
Yeah sure I'll leave in a min,not_scam
And do you have any one that can teach me how to ship cars.,not_scam
"The sign of maturity is not when we start saying big things.. But actually it is, when we start understanding small things... *HAVE A NICE EVENING* BSLVYL",not_scam
Yeah confirmed for you staying at  that weekend,not_scam
They said ü dun haf passport or smth like dat.. Or ü juz send to my email account..,not_scam
"Multiply the numbers independently and count decimal points then, for the division, push the decimal places like i showed you.",not_scam
"Have a lovely night and when you wake up to see this message, i hope you smile knowing all is as should be. Have a great morning",not_scam
Ard 4 lor...,not_scam
You are right. Meanwhile how's project twins comin up,not_scam
I sent your maga that money yesterday oh.,not_scam
Hi 07734396839 IBH Customer Loyalty Offer: The NEW NOKIA6600 Mobile from ONLY £10 at TXTAUCTION!Txt word:START to No:81151 & get Yours Now!4T&,scam
Heart is empty without love.. Mind is empty without wisdom.. Eyes r empty without dreams &amp; Life is empty without frnds.. So Alwys Be In Touch. Good night &amp; sweet dreams,not_scam
I am hot n horny and willing I live local to you - text a reply to hear strt back from me 150p per msg Netcollex LtdHelpDesk: 02085076972 reply Stop to end,scam
Our ride equally uneventful - not too many of those pesky cyclists around at that time of night ;).,not_scam
If you were/are free i can give. Otherwise nalla adi entey nattil kittum,not_scam
I've sent my wife your text. After we buy them she'll tell you what to do. So just relax. We should go get them this wkend.,not_scam
I am in escape theatre now. . Going to watch KAVALAN in a few minutes,not_scam
How much would it cost to hire a hitman,not_scam
I anything lor...,not_scam
"Sorry, I'll call later",not_scam
Do you want a New Nokia 3510i Colour Phone Delivered Tomorrow? With 200 FREE minutes to any mobile + 100 FREE text + FREE camcorder Reply or Call 08000930705,scam
Huh but i cant go 2 ur house empty handed right?,not_scam
Good morning princess! Happy New Year!,not_scam
Congratulations YOU'VE Won. You're a Winner in our August £1000 Prize Draw. Call 09066660100 NOW. Prize Code 2309.,scam
"Aight, we'll head out in a few",not_scam
Then wat r u doing now? Busy wif work?,not_scam
I know you mood off today,not_scam
"Jay told me already, will do",not_scam
Cps is causing the outages to conserve energy.,not_scam
"I'm not sure, I was just checking out what was happening around the area",not_scam
Hey morning what you come to ask:-) pa...,not_scam
Jordan got voted out last nite!,not_scam
"That means you got an A in epi, she.s fine. She.s here now.",not_scam
I have no idea where you are,not_scam
Pls come quick cant bare this.,not_scam
Joy's father is John. Then John is the ____ of Joy's father. If u ans ths you hav  &lt;#&gt;  IQ. Tis s IAS question try to answer.,not_scam
"Call me. I m unable to cal. Lets meet bhaskar, and deep",not_scam
No. I.ll meet you in the library,not_scam
"K, my roommate also wants a dubsack and another friend may also want some so plan on bringing extra, I'll tell you when they know for sure",not_scam
Depends on individual lor e hair dresser say pretty but my parents say look gong. U kaypoh.. I also dunno wat she collecting.,not_scam
Ok c ü then.,not_scam
I enjoy watching and playing football and basketball. Anything outdoors. And you?,not_scam
"Can you please ask macho what his price range is, does he want something new or used plus it he only interfued in the blackberry bold  &lt;#&gt;  or any bb",not_scam
Sorry sent blank msg again. Yup but trying 2 do some serious studying now.,not_scam
Hey check it da. I have listed da.,not_scam
8007 25p 4 Alfie Moon's Children in Need song on ur mob. Tell ur m8s. Txt TONE CHARITY to 8007 for nokias or POLY CHARITY for polys :zed 08701417012 profit 2 charity,scam
I meant as an apology from me for texting you to get me drugs at  &lt;#&gt; at night,not_scam
That means from february to april i'll be getting a place to stay down there so i don't have to hustle back and forth during audition season as i have since my sister moved away from harlem.,not_scam
Goin to workout lor... Muz lose e fats...,not_scam
"Damn, poor zac doesn't stand a chance",not_scam
No message..no responce..what happend?,not_scam
I want to tel u one thing u should not mistake me k THIS IS THE MESSAGE THAT YOU SENT:),not_scam
Yeah right! I'll bring my tape measure fri!,not_scam
Still chance there. If you search hard you will get it..let have a try :),not_scam
Meeting u is my work. . . Tel me when shall i do my work tomorrow,not_scam
Should I head straight there or what,not_scam
Get the official ENGLAND poly ringtone or colour flag on yer mobile for tonights game! Text TONE or FLAG to 84199. Optout txt ENG STOP Box39822 W111WX £1.50,scam
Thank you princess! You are so sexy...,not_scam
Oooh I got plenty of those!,not_scam
Hui xin is in da lib.,not_scam
Its a big difference.  &lt;#&gt;  versus  &lt;#&gt;  every  &lt;#&gt; hrs,not_scam
"It's not that you make me cry. It's just that when all our stuff happens on top of everything else, it pushes me over the edge. You don't underdtand how often i cry over my sorry, sorry life.",not_scam
"""ME 2 BABE I FEEL THE SAME LETS JUST 4GET ABOUT IT+BOTH TRY +CHEER UP+NOT FIT SOO MUCHXXLOVE U LOCAXX""",not_scam
You know what hook up means right?,not_scam
"Customer service announcement. We recently tried to make a delivery to you but were unable to do so, please call 07090298926 to re-schedule. Ref:9307622",scam
Wat's da model num of ur phone?,not_scam
He's really into skateboarding now despite the fact that he gets thrown off of it and winds up with bandages and shit all over his arms every five minutes,not_scam
"You can stop further club tones by replying ""STOP MIX"" See my-tone.com/enjoy. html for terms. Club tones cost GBP4.50/week. MFL, PO Box 1146 MK45 2WT (2/3)",scam
My house here e sky quite dark liao... If raining then got excuse not 2 run already rite... Hee...,not_scam
"Sorry, left phone upstairs. OK, might be hectic but would be all my birds with one fell swoop. It's a date.",not_scam
* Thought I didn't see you.,not_scam
wamma get laid?want real doggin locations sent direct to your mobile? join the UKs largest dogging network. txt dogs to 69696 now!nyt. ec2a. 3lp £1.50/msg.,scam
Carlos says we can pick up from him later so yeah we're set,not_scam
"Hey babe, my friend had to cancel, still up for a visit ?",not_scam
As per your request 'Maangalyam (Alaipayuthe)' has been set as your callertune for all Callers. Press *9 to copy your friends Callertune,not_scam
Hmm ill have to think about it... ok you're forgiven! =D,not_scam
"We are hoping to get away by 7, from Langport. You still up for town tonight?",not_scam
Want to send me a virtual hug?... I need one,not_scam
"Probably not, still going over some stuff here",not_scam
It has issues right now. Ill fix for her by tomorrow.,not_scam
Why i come in between you people,not_scam
Senthil group company Apnt 5pm.,not_scam
Oh really?? Did you make it on air? What's your talent?,not_scam
Studying. But i.ll be free next weekend.,not_scam
R u here yet? I'm wearing blue shirt n black pants.,not_scam
Wait.i will come out.. &lt;#&gt;  min:),not_scam
I will reach ur home in  &lt;#&gt;  minutes,not_scam
Well then you have a great weekend!,not_scam
"What are you doing in langport? Sorry, but I'll probably be in bed by 9pm. It sucks being ill at xmas! When do you and go2sri lanka?",not_scam
"Frnd s not juz a word.....not merely a relationship.....its a silent promise which says ... "" I will be with YOU "" Wherevr.. Whenevr.. Forevr... Gudnyt dear..",not_scam
Huh? 6 also cannot? Then only how many mistakes?,not_scam
Ha... U jus ate honey ar? So sweet...,not_scam
I'm turning off my phone. My moms telling everyone I have cancer. And my sister won't stop calling. It hurts to talk. Can't put up with it. See u when u get home. Love u,not_scam
"Honey ? Sweetheart ? Darling ? Sexy buns ? Sugar plum ? Loverboy ? I miss you, boytoy ... *smacks your ass* Did you go to the gym too ?",not_scam
Thanks for loving me so. You rock,not_scam
Yeah imma come over cause jay wants to do some drugs,not_scam
Ok thanx... Take care then...,not_scam
Yup. Thk of u oso boring wat.,not_scam
"came to look at the flat, seems ok, in his 50s? * Is away alot wiv work. Got woman coming at 6.30 too.",not_scam
Moji just informed me that you saved our lives. Thanks.,not_scam
You have won a Nokia 7250i. This is what you get when you win our FREE auction. To take part send Nokia to 86021 now. HG/Suite342/2Lands Row/W1JHL 16+,scam
Whos this am in class:-),not_scam
Hey r ü still online? I've finished the formatting...,not_scam
Great! So what attracts you to the brothas?,not_scam
Promotion Number: 8714714 - UR awarded a City Break and could WIN a £200 Summer Shopping spree every WK. Txt STORE to 88039 . SkilGme. TsCs087147403231Winawk!Age16 £1.50perWKsub,scam
Stupid.its not possible,not_scam
I cant pick the phone right now. Pls send a message,not_scam
LOL what happens in Vegas stays in vegas,not_scam
"Hello, hello, hi lou sorry it took so long 2 reply- I left mobile at friends in Lancaster, just got it bak Neway im sorry I couldnt make ur bday 2 hun!",not_scam
When did i use soc... I use it only at home... Ü dunno how 2 type it in word ar...,not_scam
Dad says hurry the hell up,not_scam
Wake me up at  &lt;#&gt;  am morning:),not_scam
"I get out of class in bsn in like  &lt;#&gt;  minutes, you know where advising is?",not_scam
Great! I shoot big loads so get ready!,not_scam
I'll meet you in the lobby,not_scam
You still coming tonight?,not_scam
What happen dear tell me,not_scam
"Sir, i am waiting for your call, once free please call me.",not_scam
No i am not having not any movies in my laptop,not_scam
I was about to do it when i texted. I finished a long time ago and showered and er'ything!,not_scam
Ok im not sure what time i finish tomorrow but i wanna spend the evening with you cos that would be vewy vewy lubly! Love me xxx,not_scam
"Hello, As per request from  &lt;#&gt;  Rs.5 has been transfered to you",not_scam
I am in tirupur.  call you da.,not_scam
You are a winner you have been specially selected to receive £1000 cash or a £2000 award. Speak to a live operator to claim call 087147123779am-7pm. Cost 10p,scam
S:)but he had some luck.2 catches put down:),not_scam
How i noe... Did ü specify da domain as nusstu... Ü still in sch...,not_scam
Oh...i asked for fun. Haha...take care. ü,not_scam
Shall i get my pouch?,not_scam
Hey loverboy! I love you !! I had to tell ... I look at your picture and ache to feel you between my legs ... Fuck I want you ... I need you ... I crave you .,not_scam
"How is my boy? No sweet words left for me this morning ... *sighs* ... How goes you day, my love ? Did you start your studying?",not_scam
Kent vale lor... Ü wait 4 me there ar?,not_scam
Ok. Very good. Its all about making that money.,not_scam
Reading gud habit.. Nan bari hudgi yorge pataistha ertini kano:-),not_scam
Aight do you still want to get money,not_scam
Free Top ringtone -sub to weekly ringtone-get 1st week free-send SUBPOLY to 81618-?3 per week-stop sms-08718727870,scam
Ok.ok ok..then..whats ur todays plan,not_scam
ARE YOU IN TOWN? THIS IS V. IMPORTANT,not_scam
"Sorry pa, i dont knw who ru pa?",not_scam
Wat u doing there?,not_scam
If i not meeting ü all rite then i'll go home lor. If ü dun feel like comin it's ok.,not_scam
"Oh, i will get paid. The most outstanding one is for a commercial i did for Hasbro...in AUGUST! They made us jump through so many hoops to get paid. Still not.",not_scam
"I am late,so call you tomorrow morning.take care sweet dreams....u and me...ummifying...bye.",not_scam
Networking technical support associate.,not_scam
I'm gonna rip out my uterus.,not_scam
Cool. Do you like swimming? I have a pool and jacuzzi at my house.,not_scam
"Thanks for your ringtone order, reference number X49. Your mobile will be charged 4.50. Should your tone not arrive please call customer services 09065989182. From: [colour=red]text[/colour]TXTstar",scam
"Yeah why not, is the gang all ready",not_scam
Blank is Blank. But wat is blank? Lol,not_scam
I'm in a movie... Collect car oredi...,not_scam
We left already we at orchard now.,not_scam
"Hi there, 2nights ur lucky night! Uve been invited 2 XCHAT, the Uks wildest chat! Txt CHAT to 86688 now! 150p/MsgrcvdHG/Suite342/2Lands/Row/W1J6HL LDN 18yrs",scam
Nothing spl..wat abt u and whr ru?,not_scam
No chikku nt yet.. Ya i'm free,not_scam
"Aldrine, rakhesh ex RTM here.pls call.urgent.",not_scam
The search 4 happiness is 1 of d main sources of unhappiness! Accept life the way it comes! U will find happiness in every moment u live.,not_scam
I'm at home. Please call,not_scam
"I guess you could be as good an excuse as any, lol.",not_scam
"Isn't frnd a necesity in life? imagine urself witout a frnd.. hw'd u feel at ur colleg? wat'll u do wth ur cell? wat abt functions? thnk abt events espe'll cared, missed &amp; irritated u? 4wrd it to all those dear-loving frnds wthout whom u cant live.. I jst did it.. Takecare..:) GOODMORNING",not_scam
Gud mrng dear hav a nice day,not_scam
Old Orchard near univ. How about you?,not_scam
"4 tacos + 1 rajas burrito, right?",not_scam
"It‘s £6 to get in, is that ok?",not_scam
Hows the street where the end of library walk is?,not_scam
"Plz note: if anyone calling from a mobile Co. &amp; asks u to type # &lt;#&gt;  or # &lt;#&gt; . Do not do so. Disconnect the call,coz it iz an attempt of 'terrorist' to make use of the sim card no. Itz confirmd by nokia n motorola n has been verified by CNN IBN.",not_scam
We stopped to get ice cream and will go back after,not_scam
Did you stitch his trouser,not_scam
No da. . Vijay going to talk in jaya tv,not_scam
2/2 146tf150p,scam
Hey i'm bored... So i'm thinking of u... So wat r u doing?,not_scam
"Nah, Wednesday. When should I bring the mini cheetos bag over?",not_scam
Nobody names their penis a girls name this story doesn't add up at all,not_scam
"Aight, let me know when you're gonna be around usf",not_scam
I'm not. She lip synced with shangela.,not_scam
Ü neva tell me how i noe... I'm not at home in da aft wat...,not_scam
"A bit of Ur smile is my hppnss, a drop of Ur tear is my sorrow, a part of Ur heart is my life, a heart like mine wil care for U, forevr as my GOODFRIEND",not_scam
Dear Voucher Holder 2 claim your 1st class airport lounge passes when using Your holiday voucher call 08704439680. When booking quote 1st class x 2,scam
"Buzz! Hey, my Love ! I think of you and hope your day goes well. Did you sleep in ? I miss you babe. I long for the moment we are together again*loving smile*",not_scam
"Haha... Sounds crazy, dunno can tahan anot...",not_scam
Why are u up so early?,not_scam
Ya that one is slow as poo,not_scam
Bloomberg -Message center +447797706009 Why wait? Apply for your future http://careers. bloomberg.com,scam
"""Im on gloucesterroad what are uup to later?""",not_scam
Yes:)here tv is always available in work place..,not_scam
YES! The only place in town to meet exciting adult singles is now in the UK. Txt CHAT to 86688 now! 150p/Msg.,scam
Lol no ouch but wish i'd stayed out a bit longer,not_scam
"GOD ASKED, ""What is forgiveness?"" A little child gave lovely reply, ""It is d wonderful fruit that a tree gives when it is being hurt by a stone.. Good night......",not_scam
We'll join the  &lt;#&gt;  bus,not_scam
Was just about to ask. Will keep this one. Maybe that's why you didn't get all the messages we sent you on glo,not_scam
FREE for 1st week! No1 Nokia tone 4 ur mob every week just txt NOKIA to 8007 Get txting and tell ur mates www.getzed.co.uk POBox 36504 W45WQ norm150p/tone 16+,scam
K.i will send in  &lt;#&gt;  min:),not_scam
Would me smoking you out help us work through this difficult time,not_scam
"Someone U know has asked our dating service 2 contact you! Cant guess who? CALL 09058095107 NOW all will be revealed. POBox 7, S3XY 150p",scam
Yes.mum lookin strong:),not_scam
"Sir Goodmorning, Once free call me.",not_scam
Where are you call me.,not_scam
Was gr8 to see that message. So when r u leaving? Congrats dear. What school and wat r ur plans.,not_scam
Love it! The girls at the office may wonder why you are smiling but sore...,not_scam
"Hi, wlcome back, did wonder if you got eaten by a lion or something, nothing much",not_scam
Does uncle timi help in clearing cars,not_scam
I came hostel. I m going to sleep. Plz call me up before class. Hrishi.,not_scam
Ok... But bag again..,not_scam
Hi! You just spoke to MANEESHA V. We'd like to know if you were satisfied with the experience. Reply Toll Free with Yes or No.,not_scam
Ok lor. Msg me b4 u call.,not_scam
"Mila, age23, blonde, new in UK. I look sex with UK guys. if u like fun with me. Text MTALK to 69866.18 . 30pp/txt 1st 5free. £1.50 increments. Help08718728876",scam
"Once a fishrman woke early in d mrng. It was very dark. He waited a while &amp; found a sack ful of stones. He strtd throwin thm in2 d sea 2 pass time. Atlast he had jus 1stone, sun rose up &amp; he found out tht those r nt stones, those were diamonds. Moral:""Dont wake up early in d mrng'' GOOD night",not_scam
"Claim a 200 shopping spree, just call 08717895698 now! Have you won! MobStoreQuiz10ppm",scam
Then ur physics get a-?,not_scam
"Dear friends, sorry for the late information. Today is the birthday of our loving Ar.Praveesh. for more details log on to face book and see. Its his number + &lt;#&gt; . Dont miss a delicious treat.",not_scam
How r ü going to send it to me?,not_scam
Can you do online transaction?,not_scam
Dear got train and seat mine lower seat,not_scam
Let me know if you need anything else. Salad or desert or something... How many beers shall i get?,not_scam
Wat r u doing?,not_scam
WHORE YOU ARE UNBELIEVABLE.,not_scam
"Want to funk up ur fone with a weekly new tone reply TONES2U 2 this text. www.ringtones.co.uk, the original n best. Tones 3GBP network operator rates apply",scam
"Are you sure you don't mean ""get here, we made you hold all the weed""",not_scam
"I love you !!! You know? Can you feel it? Does it make your belly warm? I wish it does, my love ... I shall meet you in your dreams, Ahmad ... *adoring kiss*",not_scam
"Twinks, bears, scallies, skins and jocks are calling now. Don't miss the weekend's fun. Call 08712466669 at 10p/min. 2 stop texts call 08712460324(nat rate)",scam
Love it! I want to flood that pretty pussy with cum...,not_scam
Hey are you angry with me. Reply me dr.,not_scam
"Short But Cute: ""Be a good person, but dont try to prove it.."" .Gud noon....",not_scam
Also remember the beads don't come off. Ever.,not_scam
They have a thread on the wishlist section of the forums where ppl post nitro requests. Start from the last page and collect from the bottom up.,not_scam
For The First Time In The History 'Need' 'Comfort' And 'Luxury' Are Sold At Same Price In India..!! Onion-Rs. &lt;#&gt;  Petrol-Rs. &lt;#&gt;  Beer-Rs. &lt;#&gt;  SHESIL  &lt;#&gt;,not_scam
"Feb  &lt;#&gt;  is ""I LOVE U"" day. Send dis to all ur ""VALUED FRNDS"" evn me. If 3 comes back u'll gt married d person u luv! If u ignore dis u will lose ur luv 4 Evr",not_scam
"Actually nvm, got hella cash, we still on for  &lt;#&gt; ish?",not_scam
We tried to contact you re your reply to our offer of a Video Handset? 750 anytime any networks mins? UNLIMITED TEXT? Camcorder? Reply or call 08000930705 NOW,scam
"It's ok, at least armand's still around",not_scam
No da. I am happy that we sit together na,not_scam
Yup song bro. No creative. Neva test quality. He said check review online.,not_scam
"No dude, its not fake..my frnds got money, thts y i'm reffering u..if u member wit my mail link, u vl be credited  &lt;#&gt; rs and il be getiing  &lt;#&gt; rs..i can draw my acc wen it is  &lt;#&gt; rs..",not_scam
Dude while were makin those weirdy brownies my sister made awesome cookies. I took pics.,not_scam
URGENT! We are trying to contact you. Last weekends draw shows that you have won a £900 prize GUARANTEED. Call 09061701851. Claim code K61. Valid 12hours only,scam
Pls dont restrict her from eating anythin she likes for the next two days.,not_scam
Mm you ask him to come its enough :-),not_scam
At the funeral home with Audrey and dad,not_scam
"Aight, can you text me the address?",not_scam
Excellent! Wish we were together right now!,not_scam
Yep then is fine 7.30 or 8.30 for ice age.,not_scam
Pls i wont belive god.not only jesus.,not_scam
Can. Dunno wat to get 4 her...,not_scam
"Not yet chikku..k, then wat abt tht guy did he stopped irritating or msging to u..",not_scam
How long does it take to get it.,not_scam
This is my number by vivek..,not_scam
74355 XMAS iscoming & ur awarded either £500 CD gift vouchers & free entry 2 r £100 weekly draw txt MUSIC to 87066 TnC,scam
"sorry brah, just finished the last of my exams, what up",not_scam
"I got arrested for possession at, I shit you not,  &lt;TIME&gt;  pm",not_scam
You are right though. I can't give you the space you want and need. This is really starting to become an issue. I was going to suggest setting a definite move out--if i'm still there-- after greece. But maybe you are ready and should do it now.,not_scam
Just normal only here :),not_scam
"Please protect yourself from e-threats. SIB never asks for sensitive information like Passwords,ATM/SMS PIN thru email. Never share your password with anybody.",not_scam
I miss you so much I'm so desparate I have recorded the message you left for me the other day and listen to it just to hear the sound of your voice. I love you,not_scam
Hi. I'm always online on yahoo and would like to chat with you someday,not_scam
"Goodmorning,my grandfather expired..so am on leave today.",not_scam
Congratulations U can claim 2 VIP row A Tickets 2 C Blu in concert in November or Blu gift guaranteed Call 09061104276 to claim TS&Cs www.smsco.net cost£3.75max,scam
Where are you ? What are you doing ? Are yuou working on getting the pc to your mom's ? Did you find a spot that it would work ? I need you,not_scam
"Sure, I'll see if I can come by in a bit",not_scam
I agree. So i can stop thinkin about ipad. Can you please ask macho the same question.,not_scam
Let's pool our money together and buy a bunch of lotto tickets. If we win I get &lt;#&gt; % u get &lt;#&gt; %. Deal?,not_scam
Ok.,not_scam
I had askd u a question some hours before. Its answer,not_scam
Watching tv lor. Nice one then i like lor.,not_scam
I'm thinking that chennai forgot to come for auction..,not_scam
Then ü come n pick me at 530 ar?,not_scam
Early bird! Any purchases yet?,not_scam
Went to pay rent. So i had to go to the bank to authorise the payment.,not_scam
"Erm … ill pick you up at about 6.45pm. That'll give enough time to get there, park and that.",not_scam
HEY MATE! HOWS U HONEY?DID U AVE GOOD HOLIDAY? GIMMI DE GOSS!x,not_scam
Howz pain.it will come down today.do as i said ystrday.ice and medicine.,not_scam
"chile, please! It's only a  &lt;DECIMAL&gt;  hour drive for me. I come down all the time and will be subletting feb-april for audition season.",not_scam
Yes ammae....life takes lot of turns you can only sit and try to hold the steering...,not_scam
"Yeah that's what I thought, lemme know if anything's goin on later",not_scam
Mmmm.... I cant wait to lick it!,not_scam
Pls go there today  &lt;#&gt; . I dont want any excuses,not_scam
"Fantasy Football is back on your TV. Go to Sky Gamestar on Sky Active and play £250k Dream Team. Scoring starts on Saturday, so register now!SKY OPT OUT to 88088",scam
Can you plz tell me the ans. BSLVYL sent via fullonsms.com,not_scam
U in town alone?,not_scam
I to am looking forward to all the sex cuddling.. Only two more sleeps,not_scam
We have all rounder:)so not required:),not_scam
"No, its true..k,Do u knw dis no. &lt;#&gt; ?",not_scam
"Dont worry, 1 day very big lambu ji vl come..til then enjoy batchlor party:-)",not_scam
oh ya... Got hip hop open. Haha i was thinking can go for jazz then zoom to cine... Actually tonight i'm free leh... And there's a kb lesson tonight,not_scam
Free msg: Single? Find a partner in your area! 1000s of real people are waiting to chat now!Send CHAT to 62220Cncl send STOPCS 08717890890£1.50 per msg,scam
I'm ok. Will do my part tomorrow,not_scam
"No! But we found a diff farm shop to buy some cheese. On way back now, can i call in?",not_scam
R u still working now?,not_scam
"Win the newest Harry Potter and the Order of the Phoenix (Book 5) reply HARRY, answer 5 questions - chance to be the first among readers!",scam
Yep. I do like the pink furniture tho.,not_scam
Free Msg: Ringtone!From: http://tms. widelive.com/index. wml?id=1b6a5ecef91ff9*37819&first=true18:0430-JUL-05,scam
"Customer place, i wil cal u sir.",not_scam
"Oh my god! I've found your number again! I'm so glad, text me back xafter this msgs cst std ntwk chg £1.50",scam
A pure hearted person can have a wonderful smile that makes even his/her enemies to feel guilty for being an enemy.. So catch the world with your smile..:) GOODMORNING &amp; HAVE A SMILEY SUNDAY..:),not_scam
"THATS ALRITE GIRL, U KNOW GAIL IS NEVA WRONG!!TAKE CARE SWEET AND DONT WORRY.C U L8TR HUN!LOVE Yaxxx",not_scam
"Theoretically yeah, he could be able to come",not_scam
"Alright we're hooked up, where you guys at",not_scam
"not that I know of, most people up here are still out of town",not_scam
No let me do the math. Your not good at it.,not_scam
Oh ok wait 4 me there... My lect havent finish,not_scam
Yeah my usual guy's out of town but there're definitely people around I know,not_scam
I am joining today formally.Pls keep praying.will talk later.,not_scam
"Happy or sad , one thing about past is- ""Its no more"" GOOD MORNING :-):-).",not_scam
No. Did you multimedia message them or e-mail?,not_scam
Okie but i scared u say i fat... Then u dun wan me already...,not_scam
did u get that message,not_scam
"Sorry sir, i will call you tomorrow.  senthil.hsbc",not_scam
What you need. You have a person to give na.,not_scam
She left it very vague. She just said she would inform the person in accounting about the delayed rent and that i should discuss with the housing agency about my renting another place. But checking online now and all places around usc are  &lt;#&gt;  and up,not_scam
Hi juan. Im coming home on fri hey. Of course i expect a welcome party and lots of presents. Ill phone u when i get back. Loads of love nicky x x x x x x x x x,not_scam
Can you plz tell me the ans. BSLVYL sent via fullonsms.com,not_scam
"Short But Cute: ""Be a good person, but dont try to prove it.."" .Gud noon....",not_scam
"Gumby's has a special where a  &lt;#&gt; "" cheese pizza is $2 so I know what we're doin tonight",not_scam
A link to your picture has been sent. You can also use http://alto18.co.uk/wave/wave.asp?o=44345,scam
Like a personal sized or what,not_scam
"Same, I'm at my great aunts anniversary party in tarpon springs",not_scam
Cab is available.they pick up and drop at door steps.,not_scam
ok....take care.umma to you too...,not_scam
Unlimited texts. Limited minutes.,not_scam
"Double Mins & 1000 txts on Orange tariffs. Latest Motorola, SonyEricsson & Nokia with Bluetooth FREE! Call MobileUpd8 on 08000839402 or call2optout/HF8",scam
No problem. We will be spending a lot of quality time together...,not_scam
URGENT This is our 2nd attempt to contact U. Your £900 prize from YESTERDAY is still awaiting collection. To claim CALL NOW 09061702893. ACL03530150PM,scam
Have you heard from this week?,not_scam
Dear Dave this is your final notice to collect your 4* Tenerife Holiday or #5000 CASH award! Call 09061743806 from landline. TCs SAE Box326 CW25WX 150ppm,scam
Yes. Last  practice,not_scam
tells u 2 call 09066358152 to claim £5000 prize. U have 2 enter all ur mobile & personal details @ the prompts. Careful!,scam
No. Thank you. You've been wonderful,not_scam
Otherwise had part time job na-tuition..,not_scam
Ü mean it's confirmed... I tot they juz say oni... Ok then...,not_scam
Okie,not_scam
That depends. How would you like to be treated? :),not_scam
"Right on brah, see you later",not_scam
Waiting in e car 4 my mum lor. U leh? Reach home already?,not_scam
Your 2004 account for 07XXXXXXXXX shows 786 unredeemed points. To claim call 08719181259 Identifier code: XXXXX Expires 26.03.05,scam
Do you want a new video handset? 750 anytime any network mins? Half Price Line Rental? Camcorder? Reply or call 08000930705 for delivery tomorrow,scam
Went fast asleep dear.take care.,not_scam
No that just means you have a fat head,not_scam
Sounds like a plan! Cardiff is still here and still cold! I'm sitting on the radiator!,not_scam
Serious? What like proper tongued her,not_scam
She.s good. She was wondering if you wont say hi but she.s smiling now. So how are you coping with the long distance,not_scam
How i noe... She's in da car now... Later then c lar... I'm wearing shorts...,not_scam
You have an important customer service announcement. Call FREEPHONE 0800 542 0825 now!,scam
Yeah whatever lol,not_scam
Today is ACCEPT DAY..U Accept me as? Brother Sister Lover Dear1 Best1 Clos1 Lvblefrnd Jstfrnd Cutefrnd Lifpartnr Belovd Swtheart Bstfrnd No rply means enemy,not_scam
Ard 530 lor. I ok then message ü lor.,not_scam
Ok. C u then.,not_scam
Eh ur laptop got no stock lei... He say mon muz come again to take a look c got a not...,not_scam
No need to ke qi... Ü too bored izzit y suddenly thk of this...,not_scam
I wish! I don't think its gonna snow that much. But it will be more than those flurries we usually get that melt before they hit the ground. Eek! We haven't had snow since &lt;#&gt; before I was even born!,not_scam
FREE>Ringtone! Reply REAL or POLY eg REAL1 1. PushButton 2. DontCha 3. BabyGoodbye 4. GoldDigger 5. WeBeBurnin 1st tone FREE and 6 more when u join for £3/wk,scam
"Do 1 thing! Change that sentence into: ""Because i want 2 concentrate in my educational career im leaving here..""",not_scam
"Oh really? perform, write a paper, go to a movie AND be home by midnight, huh?",not_scam
Okay lor... Will they still let us go a not ah? Coz they will not know until later. We drop our cards into the box right?,not_scam
How? Izzit still raining?,not_scam
As if i wasn't having enough trouble sleeping.,not_scam
I havent add ü yet right..,not_scam
Lol ... I really need to remember to eat when I'm drinking but I do appreciate you keeping me company that night babe *smiles*,not_scam
Babe ? I lost you ... Will you try rebooting ?,not_scam
Yes. Nigh you cant aha.,not_scam
I thk ü gotta go home by urself. Cos i'll b going out shopping 4 my frens present.,not_scam
Nooooooo I'm gonna be bored to death all day. Cable and internet outage.,not_scam
Sos! Any amount i can get pls.,not_scam
"Playin space poker, u?",not_scam
How come guoyang go n tell her? Then u told her?,not_scam
You need to get up. Now.,not_scam
They r giving a second chance to rahul dengra.,not_scam
"Yeah, in fact he just asked if we needed anything like an hour ago. When and how much?",not_scam
WHEN THE FIRST STRIKE IS A RED ONE. THE BIRD + ANTELOPE BEGIN TOPLAY IN THE FIELDOF SELFINDEPENDENCE BELIEVE THIS + THE FLOWER OF CONTENTION WILL GROW.RANDOM!,not_scam
Y ü wan to go there? C doctor?,not_scam
Does daddy have a bb now.,not_scam
"Free Msg: get Gnarls Barkleys ""Crazy"" ringtone TOTALLY FREE just reply GO to this message right now!",scam
She's borderline but yeah whatever.,not_scam
I got a call from a landline number. . . I am asked to come to anna nagar . . . I will go in the afternoon,not_scam
"Until 545 lor... Ya, can go 4 dinner together...",not_scam
I will be gentle princess! We will make sweet gentle love...,not_scam
How u doin baby girl ?? hope u are okay every time I call ure phone is off! I miss u get in touch,not_scam
"Sorry, went to bed early, nightnight",not_scam
I like to think there's always the possibility of being in a pub later.,not_scam
HMM yeah if your not too grooved out! And im looking forward to my pound special :),not_scam
I got to video tape pple type in message lor. U so free wan 2 help me? Hee... Cos i noe u wan 2 watch infernal affairs so ask u along. Asking shuhui oso.,not_scam
Hi dude hw r u da realy mising u today,not_scam
Me hungry buy some food good lei... But mum n yun dun wan juz buy a little bit...,not_scam
Refused a loan? Secured or Unsecured? Can't get credit? Call free now 0800 195 6669 or text back 'help' & we will!,scam
I probably won't eat at all today. I think I'm gonna pop. How was your weekend? Did u miss me?,not_scam
I knew it... U slept v late yest? Wake up so late...,not_scam
Haha... dont be angry with yourself... Take it as a practice for the real thing. =),not_scam
Where is that one day training:-),not_scam
So i could kiss and feel you next to me...,not_scam
Have a nice day my dear.,not_scam
I sent lanre fakeye's Eckankar details to the mail box,not_scam
Your dad is back in ph?,not_scam
"You have been specially selected to receive a ""3000 award! Call 08712402050 BEFORE the lines close. Cost 10ppm. 16+. T&Cs apply. AG Promo",scam
If you ask her or she say any please message.,not_scam
"If e timing can, then i go w u lor...",not_scam
Love you aathi..love u lot..,not_scam
I was just callin to say hi. Take care bruv!,not_scam
YOU HAVE WON! As a valued Vodafone customer our computer has picked YOU to win a £150 prize. To collect is easy. Just call 09061743386,scam
Did u turn on the heater? The heater was on and set to &lt;#&gt; degrees.,not_scam
Thanks for your message. I really appreciate your sacrifice. I'm not sure of the process of direct pay but will find out on my way back from the test tomorrow. I'm in class now. Do have a wonderful day.,not_scam
"That's the trouble with classes that go well - you're due a dodgey one … Expecting mine tomo! See you for recovery, same time, same place",not_scam
Free video camera phones with Half Price line rental for 12 mths and 500 cross ntwk mins 100 txts. Call MobileUpd8 08001950382 or Call2OptOut/674&,scam
WOT U UP 2 J?,not_scam
"Night night, see you tomorrow",not_scam
Roger that. We‘re probably going to rem in about 20,not_scam
do u think that any girl will propose u today by seing ur bloody funky shit fucking face...............asssssholeeee................,not_scam
I wish u were here. I feel so alone,not_scam
Great NEW Offer - DOUBLE Mins & DOUBLE Txt on best Orange tariffs AND get latest camera phones 4 FREE! Call MobileUpd8 free on 08000839402 NOW! or 2stoptxt T&Cs,scam
Reason is if the team budget is available at last they buy the unsold players for at base rate..,not_scam
CERI U REBEL! SWEET DREAMZ ME LITTLE BUDDY!! C YA 2MORO! WHO NEEDS BLOKES,not_scam
ringtoneking 84484,scam
Huh i cant thk of more oredi how many pages do we have?,not_scam
His frens go then he in lor. Not alone wif my mum n sis lor.,not_scam
Nationwide auto centre (or something like that) on Newport road. I liked them there,not_scam
"Hey, I missed you tm of last night as my phone was on the charge ... *smiles* ... I am meeting a friend shortly",not_scam
"Whatever, juliana. Do whatever you want.",not_scam
"Friendship is not a game to play, It is not a word to say, It doesn\'t start on March and ends on May, It is tomorrow, yesterday, today and e",not_scam
Ringtone Club: Gr8 new polys direct to your mobile every week !,scam
"Hello. Sort of out in town already. That . So dont rush home, I am eating nachos. Will let you know eta.",not_scam
Ok lor. Anyway i thk we cant get tickets now cos like quite late already. U wan 2 go look 4 ur frens a not? Darren is wif them now...,not_scam
(Bank of Granite issues Strong-Buy) EXPLOSIVE PICK FOR OUR MEMBERS *****UP OVER 300% *********** Nasdaq Symbol CDGT That is a $5.00 per..,scam
I am on the way to ur home,not_scam
"Dizzamn, aight I'll ask my suitemates when I get back",not_scam
"Nimbomsons. Yep phone knows that one. Obviously, cos thats a real word",not_scam
I love to cuddle! I want to hold you in my strong arms right now...,not_scam
R u in this continent?,not_scam
We'll you pay over like  &lt;#&gt; yrs so its not too difficult,not_scam
Bored housewives! Chat n date now! 0871750.77.11! BT-national rate 10p/min only from landlines!,scam
We tried to call you re your reply to our sms for a video mobile 750 mins UNLIMITED TEXT free camcorder Reply or call now 08000930705 Del Thurs,scam
K...k...when will you give treat?,not_scam
"This is the 2nd time we have tried to contact u. U have won the £400 prize. 2 claim is easy, just call 087104711148 NOW! Only 10p per minute. BT-national-rate",scam
He's just gonna worry for nothing. And he won't give you money its no use.,not_scam
Did you get any gift? This year i didnt get anything. So bad,not_scam
somewhere out there beneath the pale moon light someone think in of u some where out there where dreams come true... goodnite &amp; sweet dreams,not_scam
Well there's a pattern emerging of my friends telling me to drive up and come smoke with them and then telling me that I'm a weed fiend/make them smoke too much/impede their doing other things so you see how I'm hesitant,not_scam
", ow u dey.i paid 60,400thousad.i told  u would call .",not_scam
IM FINE BABES AINT BEEN UP 2 MUCH THO! SAW SCARY MOVIE YEST ITS QUITE FUNNY! WANT 2MRW AFTERNOON? AT TOWN OR MALL OR SUMTHIN?xx,not_scam
I'm reaching home in 5 min.,not_scam
"Forgot you were working today! Wanna chat, but things are ok so drop me a text when you're free / bored etc and i'll ring. Hope all is well, nose essay and all xx",not_scam
Ha... Then we must walk to everywhere... Cannot take tram. My cousin said can walk to vic market from our hotel,not_scam
"Wan2 win a Meet+Greet with Westlife 4 U or a m8? They are currently on what tour? 1)Unbreakable, 2)Untamed, 3)Unkempt. Text 1,2 or 3 to 83049. Cost 50p +std text",scam
Please call our customer service representative on FREEPHONE 0808 145 4742 between 9am-11pm as you have WON a guaranteed £1000 cash or £5000 prize!,scam
Discussed with your mother ah?,not_scam
Ok.,not_scam
"Sorry, I can't text &amp; drive coherently, see you in twenty",not_scam
You will be receiving this week's Triple Echo ringtone shortly. Enjoy it!,scam
In which place i can get rooms cheap:-),not_scam
Eek that's a lot of time especially since American Pie is like 8 minutes long. I can't stop singing it.,not_scam
"""GRAN ONLYFOUND OUT AFEW DAYS AGO.CUSOON HONI""",not_scam
"U've been selected to stay in 1 of 250 top British hotels - FOR NOTHING! Holiday valued at £350! Dial 08712300220 to claim - National Rate Call. Bx526, SW73SS",scam
University of southern california.,not_scam
We have to pick rayan macleran there.,not_scam
U gd lor go shopping i got stuff to do. U wan 2 watch infernal affairs a not? Come lar...,not_scam
Well. Balls. Time to make calls,not_scam
Wat time ü wan today?,not_scam
&lt;#&gt;  in mca. But not conform.,not_scam
Oh ok.. Wat's ur email?,not_scam
"Yes, princess. Are you going to make me moan?",not_scam
Lol its ok I didn't remember til last nite,not_scam
"[…] anyway, many good evenings to u! s",not_scam
"Cool, I'll text you in a few",not_scam
"Sorry vikky, i'm Watching olave mandara movie kano in trishul theatre wit my frnds..",not_scam
I'm very happy for you babe ! Woo hoo party on dude!,not_scam
I am taking you for italian food. How about a pretty dress with no panties? :),not_scam
Wot u up 2? Thout u were gonna call me!! Txt bak luv K,not_scam
YOU ARE CHOSEN TO RECEIVE A £350 AWARD! Pls call claim number 09066364311 to collect your award which you are selected to receive as a valued mobile customer.,scam
How are you holding up?,not_scam
Dont flatter yourself... Tell that man of mine two pints of carlin in ten minutes please....,not_scam
Hope you are not scared!,not_scam
I cant pick the phone right now. Pls send a message,not_scam
I'm at home n ready...,not_scam
Please call our customer service representative on FREEPHONE 0808 145 4742 between 9am-11pm as you have WON a guaranteed £1000 cash or £5000 prize!,scam
What time do u get out?,not_scam
I am literally in bed and have been up for like  &lt;#&gt;  hours,not_scam
"Yes, my reg is  Ciao!",not_scam
If You mean the website. Yes.,not_scam
Win a £1000 cash prize or a prize worth £5000,scam
"Thanks for your ringtone order, reference number X49.Your mobile will be charged 4.50. Should your tone not arrive please call customer services 09065989182",scam
Lol or I could just starve and lose a pound by the end of the day.,not_scam
Yeah that's the impression I got,not_scam
Ok ok take care. I can understand.,not_scam
"Motivate Behind every darkness, there is a shining light waiting for you to find it... Behind every best friend, there is always trust and love... BSLVYL",not_scam
"Ya ok, then had dinner?",not_scam
I was slept that time.you there?,not_scam
dont make ne plans for nxt wknd coz she wants us to come down then ok,not_scam
When is school starting. Where will you stay. What's the weather like. And the food. Do you have a social support system like friends in the school. All these things are important.,not_scam
"Ha ha nan yalrigu heltini..Iyo kothi chikku, u shared many things wit me..so far i didn't told any body and even uttered a word abt u.. If ur trusting me so much how can i tell these to others.. Plz nxt time dont use those words to me..ok, chikku:-);-)B-)",not_scam
Noice. Text me when you're here,not_scam
Hi di is yijue we're meeting at 7 pm at esaplanade tonight.,not_scam
Moby Pub Quiz.Win a £100 High Street prize if u know who the new Duchess of Cornwall will be? Txt her first name to 82277.unsub STOP £1.50 008704050406 SP,scam
"This weeks SavaMob member offers are now accessible. Just call 08709501522 for details! SavaMob, POBOX 139, LA3 2WU. Only £1.50/week. SavaMob - offers mobile!",scam
"Aight I've been set free, think you could text me blake's address? It occurs to me I'm not quite as sure what I'm doing as I thought I was",not_scam
Hi dear we saw dear. We both are happy. Where you my battery is low,not_scam
How are you. Its been ages. How's abj,not_scam
Prof: you have passed in all the papers in this sem congrats . . . . Student: Enna kalaachutaarama..!! Prof:???? Gud mrng!,not_scam
Dont kick coco when he's down,not_scam
Fyi I'm gonna call you sporadically starting at like  &lt;#&gt;  bc we are not not doin this shit,not_scam
"You are being contacted by our Dating Service by someone you know! To find out who it is, call from your mobile or landline 09064017305 PoBox75LDNS7",scam
TBS/PERSOLVO. been chasing us since Sept for£38 definitely not paying now thanks to your information. We will ignore them. Kath. Manchester.,scam
Hope youre not having too much fun without me!! see u tomorrow love jess x,not_scam
Ok i wont call or disturb any one. I know all are avoiding me. I am a burden for all,not_scam
I've reached home n i bathe liao... U can call me now...,not_scam
Loans for any purpose even if you have Bad Credit! Tenants Welcome. Call NoWorriesLoans.com on 08717111821,scam
Was the actual exam harder than NBME,not_scam
A lot of this sickness thing going round. Take it easy. Hope u feel better soon. Lol,not_scam
"God picked up a flower and dippeditinaDEW, lovingly touched itwhichturnedinto u, and the he gifted tomeandsaid,THIS FRIEND IS 4U",not_scam
87077: Kick off a new season with 2wks FREE goals & news to ur mobile! Txt ur club name to 87077 eg VILLA to 87077,scam
Hey sathya till now we dint meet not even a single time then how can i saw the situation sathya.,not_scam
Gam gone after outstanding innings.,not_scam
O i played smash bros  &lt;#&gt;  religiously.,not_scam
"Sir, good morning. Hope you had a good weekend. I called to let you know that i was able to raise  &lt;#&gt;  from my dad. He however said he would make the rest available by mid feb. This amount is still quite short and i was hoping you would help. Do have a good day. Abiola",not_scam
Hurry home. Soup is DONE!,not_scam
No no. I will check all rooms befor activities,not_scam
"Good afternoon, my love. It was good to see your words on YM and get your tm. Very smart move, my slave ... *smiles* ... I drink my coffee and await you.",not_scam
Quite ok but a bit ex... U better go eat smth now else i'll feel guilty...,not_scam
"Orange brings you ringtones from all time Chart Heroes, with a free hit each week! Go to Ringtones & Pics on wap. To stop receiving these tips reply STOP.",scam
Lemme know when you're here,not_scam
PRIVATE! Your 2003 Account Statement for 07973788240 shows 800 un-redeemed S. I. M. points. Call 08715203649 Identifier Code: 40533 Expires 31/10/04,scam
He needs to stop going to bed and make with the fucking dealing,not_scam
"How are you, my Love ? Are you with your brother ? Time to talk english with him ? *grins* Say : Hey Muhommad, Penny says hello from across the sea",not_scam
We tried to call you re your reply to our sms for a video mobile 750 mins UNLIMITED TEXT + free camcorder Reply of call 08000930705 Now,scam
"Hey doc pls I want to get nice t shirt for my hubby nice fiting ones my budget is  &lt;#&gt; k help pls I will load d card abi hw,keep me posted luv. 2 mj",not_scam
I remain unconvinced that this isn't an elaborate test of my willpower,not_scam
"""Life is nothing wen v get everything"". But ""life is everything wen v miss something "". Real value of people wil be realized only in their absence.... gud mrng",not_scam
how are you? I miss you!,not_scam
I ain't answerin no phone at what is actually a pretty reasonable hour but I'm sleepy,not_scam
"Hey , is * rite u put »10 evey mnth is that all?",not_scam
i am going to bed now prin,not_scam
I think just yourself …Thanks and see you tomo,not_scam
If u dun drive then how i go 2 sch.,not_scam
I not at home now lei...,not_scam
GSOH? Good with SPAM the ladies?U could b a male gigolo? 2 join the uk's fastest growing mens club reply ONCALL. mjzgroup. 08714342399.2stop reply STOP. msg@£1.50rcvd,scam
Ok then i will come to ur home after half an hour,not_scam
U have a secret admirer who is looking 2 make contact with U-find out who they R*reveal who thinks UR so special-call on 09058094599,scam
Do u hav any frnd by name ashwini in ur college?,not_scam
Jus finish my lunch on my way home lor... I tot u dun wan 2 stay in sch today...,not_scam
K then 2marrow are you coming to class.,not_scam
"HOT LIVE FANTASIES call now 08707500020 Just 20p per min NTT Ltd, PO Box 1327 Croydon CR9 5WB 0870 is a national rate call",scam
Pls send me your address sir.,not_scam
I want to lick your pussy now...,not_scam
"Yo, you gonna still be in stock tomorrow/today? I'm trying to get a dubsack",not_scam
URGENT! Your Mobile number has been awarded a <UKP>2000 prize GUARANTEED. Call 09061790125 from landline. Claim 3030. Valid 12hrs only 150ppm,scam
"I'll see, but prolly yeah",not_scam
Thought we could go out for dinner. I'll treat you! Seem ok?,not_scam
Where are you ? What do you do ? How can you stand to be away from me ? Doesn't your heart ache without me ? Don't you wonder of me ? Don't you crave me ?,not_scam
Sorry. You never hear unless you book it. One was kinda a joke--thet were really looking for skinny white girls. The other was one line--you can only do so much on camera with that. Something like that they're casting on the look.,not_scam
What you doing?how are you?,not_scam
"Sure thing big man. i have hockey elections at 6, shouldn‘t go on longer than an hour though",not_scam
Watch lor. I saw a few swatch one i thk quite ok. Ard 116 but i need 2nd opinion leh...,not_scam
Hiya do u like the hlday pics looked horrible in them so took mo out! Hows the camp Amrca thing? Speak soon Serena:),not_scam
"Babe! How goes that day ? What are you up to ? I miss you already, my Love ... * loving kiss* ... I hope everything goes well.",not_scam
Yunny... I'm goin to be late,not_scam
Doc prescribed me morphine cause the other pain meds aren't enough. Waiting for my mom to bring it. That med should kick in fast so I'm gonna try to be on later,not_scam
"Cool, want me to go to kappa or should I meet you outside mu",not_scam
"Hey sexy buns ! Have I told you ? I adore you, loverboy. I hope you remember to thank your sister in law for those meatballs *grins* ... i love you, babe",not_scam
May b approve panalam...but it should have more posts..,not_scam
"SPJanuary Male Sale! Hot Gay chat now cheaper, call 08709222922. National rate from 1.5p/min cheap to 7.8p/min peak! To stop texts call 08712460324 (10p/min)",scam
"Sorry, I'll call later",not_scam
I dont thnk its a wrong calling between us,not_scam
Me i'm not workin. Once i get job...,not_scam
And by when you're done I mean now,not_scam
"""Its Ur luck to Love someone. Its Ur fortune to Love the one who Loves U. But, its a miracle to Love a person who can't Love anyone except U..."" Gud nyt...",not_scam
Hi baby ive just got back from work and i was wanting to see u allday! I hope i didnt piss u off on the phone today. If u are up give me a call xxx,not_scam
FreeMsg Today's the day if you are ready! I'm horny & live in your town. I love sex fun & games! Netcollex Ltd 08700621170150p per msg reply Stop to end,scam
Is it your yahoo boys that bring in the perf? Or legal.,not_scam
No need to say anything to me. I know i am an outsider,not_scam
have you ever had one foot before?,not_scam
Just got to  &lt;#&gt;,not_scam
"Good! No, don‘t need any receipts—well done! (…) Yes, please tell . What‘s her number, i could ring her",not_scam
"Ever green quote ever told by Jerry in cartoon ""A Person Who Irritates u Always Is the one Who Loves u Vry Much But Fails to Express It...!..!! :-) :-) gud nyt",not_scam
Leave it wif me lar... Ü wan to carry meh so heavy... Is da num 98321561 familiar to ü?,not_scam
Beautiful truth : Expression of the face could Be seen by everyone... But the depression of heart Could be understood only By the Loved ones.. Gud Ni8;-),not_scam
Infact happy new year. How are you where are you when are we seeing,not_scam
"In The Simpsons Movie released in July 2007 name the band that died at the start of the film? A-Green Day, B-Blue Day, C-Red Day. (Send A, B or C)",scam
That's a shame! Maybe cld meet for few hrs tomo?,not_scam
Lol I would but despite these cramps I like being a girl.,not_scam
I cant wait for cornwall. Hope tonight isnt too bad as well but its rock night shite. Anyway im going for a kip now have a good night. Speak to you soon.,not_scam
Pls help me tell sura that i'm expecting a battery from hont. And that if should pls send me a message about how to download movies. Thanks,not_scam
Please call Amanda with regard to renewing or upgrading your current T-Mobile handset free of charge. Offer ends today. Tel 0845 021 3680 subject to T's and C's,scam
"Haven't found a way to get another app for your phone, eh ? Will you go to the net cafe ? Did you take that job? Geeee I need you babe. I crave to see you ...",not_scam
I only work from mon to thurs but Sat i cant leh... Booked liao... Which other day u free?,not_scam
Ü comin to fetch us oredi...,not_scam
What's nannys address?,not_scam
"URGENT!! Your 4* Costa Del Sol Holiday or £5000 await collection. Call 09050090044 Now toClaim. SAE, TC s, POBox334, Stockport, SK38xh, Cost£1.50/pm, Max10mins",scam
Haf u eaten? Wat time u wan me 2 come?,not_scam
Want a new Video Phone? 750 anytime any network mins? Half price line rental free text for 3 months? Reply or call 08000930705 for free delivery,scam
"Yo, call me when you get the chance, a friend of mine wanted me to ask you about a big order",not_scam
This single single answers are we fighting? Plus i said am broke and you didnt reply,not_scam
It certainly puts things into perspective when something like this happens,not_scam
Now got tv 2 watch meh? U no work today?,not_scam
i felt so...not any conveying reason.. Ese he... What about me?,not_scam
Had your mobile 11 months or more? U R entitled to Update to the latest colour mobiles with camera for Free! Call The Mobile Update Co FREE on 08002986030,scam
How's it going? Got any exciting karaoke type activities planned? I'm debating whether to play football this eve. Feeling lazy though.,not_scam
I told that am coming on wednesday.,not_scam
"Its ok, called mom instead have fun",not_scam
"Dear Voucher Holder, To claim this weeks offer, at your PC please go to http://www.wtlp.co.uk/text. Ts&Cs apply.",scam
Well if I'm that desperate I'll just call armand again,not_scam
Are you at work right now ?,not_scam
Congrats! Nokia 3650 video camera phone is your Call 09066382422 Calls cost 150ppm Ave call 3mins vary from mobiles 16+ Close 300603 post BCM4284 Ldn WC1N3XX,scam
Haven't heard anything and he's not answering my texts so I'm guessing he flaked. That said the jb is fantastic,not_scam
"Mmmmmm ... I love you,so much, Ahmad ... I can't wait for this year to begin as every second takes me closer to being at your side. Happy New Year, my love!!",not_scam
Pls what's the full name of joke's school cos fees in university of florida seem to actually be  &lt;#&gt; k. Pls holla back,not_scam
"Sorry, I'll call later",not_scam
Ok... But they said i've got wisdom teeth hidden inside n mayb need 2 remove.,not_scam
And pls pls drink plenty plenty water,not_scam
How are you doing. How's the queen. Are you going for the royal wedding,not_scam
He's in lag. That's just the sad part but we keep in touch thanks to skype,not_scam
Ok lor then we go tog lor...,not_scam
Two teams waiting for some players,not_scam
Can ü send me a copy of da report?,not_scam
"swhrt how u dey,hope ur ok, tot about u 2day.love n miss.take care.",not_scam
"Ok da, i already planned. I wil pick you.",not_scam
"Urgent! Please call 0906346330. Your ABTA complimentary 4* Spanish Holiday or £10,000 cash await collection SAE T&Cs BOX 47 PO19 2EZ 150ppm 18+",scam
"Sorry, I'll call later in meeting",not_scam
I just really need shit before tomorrow and I know you won't be awake before like 6,not_scam
I'm good. Have you registered to vote?,not_scam
"Hmm ok, i'll stay for like an hour cos my eye is really sore!",not_scam
Dear got bus directly to calicut,not_scam
Mm umma ask vava also to come tell him can play later together,not_scam
"Well the general price is  &lt;#&gt; /oz, let me know if/when/how much you want",not_scam
"Sorry, I'll call later",not_scam
"Each Moment in a day,has its own value-Morning brings hope,afternoon brings faith,Evening brings luv,Night brings rest,Wish u find them all today.Good Morning",not_scam
&lt;#&gt;  w jetton ave if you forgot,not_scam
Ok i'm coming home now.,not_scam
Can not use foreign stamps in this country.,not_scam
"Double mins and txts 4 6months FREE Bluetooth on Orange. Available on Sony, Nokia Motorola phones. Call MobileUpd8 on 08000839402 or call2optout/N9DX",scam
"Sorry, it's a lot of friend-of-a-friend stuff, I'm just now about to talk to the actual guy who wants to buy",not_scam
FREE for 1st week! No1 Nokia tone 4 ur mob every week just txt NOKIA to 8007 Get txting and tell ur mates www.getzed.co.uk POBox 36504 W45WQ norm150p/tone 16+,scam
"Want to funk up ur fone with a weekly new tone reply TONES2U 2 this text. www.ringtones.co.uk, the original n best. Tones 3GBP network operator rates apply",scam
"cmon babe, make me horny, *turn* me on! Txt me your fantasy now babe -) Im hot, sticky and need you now. All replies cost £1.50. 2 cancel send STOP",scam
I will come tomorrow di,not_scam
Wylie update: my weed dealer carlos went to freedom and had a class with lunsford,not_scam
Are you happy baby ? Are you alright ? Did you take that job ? I hope your fine. I send you a kiss to make you smile from across the sea ... *kiss* *kiss*,not_scam
C movie is juz last minute decision mah. Juz watch 2 lar but i tot ü not interested.,not_scam
How are you enjoying this semester? Take care brother.,not_scam
IMPORTANT INFORMATION 4 ORANGE USER 0796XXXXXX. TODAY IS UR LUCKY DAY!2 FIND OUT WHY LOG ONTO http://www.urawinner.com THERE'S A FANTASTIC PRIZEAWAITING YOU!,scam
"Get the door, I'm here",not_scam
"Lets use it next week, princess :)",not_scam
Or i go home first lar ü wait 4 me lor.. I put down my stuff first..,not_scam
I want kfc its Tuesday. Only buy 2 meals ONLY 2. No gravy. Only 2 Mark. 2!,not_scam
No da:)he is stupid da..always sending like this:)don believe any of those message.pandy is a mental:),not_scam
Oi when you gonna ring,not_scam
Missed call alert. These numbers called but left no message. 07008009200,scam
I attended but nothing is there.,not_scam
Ard 530 like dat lor. We juz meet in mrt station then ü dun haf to come out.,not_scam
No dear i was sleeping :-P,not_scam
Er mw im filled tuth is aight,not_scam
Will be office around 4 pm. Now i am going hospital.,not_scam
Actually i'm waiting for 2 weeks when they start putting ad.,not_scam
Anything lor if they all go then i go lor...,not_scam
U free on sat rite? U wan 2 watch infernal affairs wif me n darren n mayb xy?,not_scam
"Plz note: if anyone calling from a mobile Co. &amp; asks u to type # &lt;#&gt;  or # &lt;#&gt; . Do not do so. Disconnect the call,coz it iz an attempt of 'terrorist' to make use of the sim card no. Itz confirmd by nokia n motorola n has been verified by CNN IBN.",not_scam
Yo you around? A friend of mine's lookin to pick up later tonight,not_scam
Stupid auto correct on my phone,not_scam
Double eviction this week - Spiral and Michael and good riddance to them!,not_scam
"""The world suffers a lot... Not because of the violence of bad people. But because of the silence of good people!"", Gud night....",not_scam
"Ok thats cool. Its , just off either raglan rd or edward rd. Behind the cricket ground. Gimme ring when ur closeby see you tuesday.",not_scam
Buy one egg for me da..please:),not_scam
Have you started in skye,not_scam
Have you bookedthe hut? And also your time off? How are you by the way?,not_scam
And several to you sir.,not_scam
U really pig leh sleep so much. My dad wake me up at 10 smth 2 eat lunch today.,not_scam
I'm at home. Please call,not_scam
My love ... I hope your not doing anything drastic. Don't you dare sell your pc or your phone ...,not_scam
Now only i reached home. . . I am very tired now. . I will come tomorro,not_scam
FREEMSG: Our records indicate you may be entitled to 3750 pounds for the Accident you had. To claim for free reply with YES to this msg. To opt out text STOP,scam
"U can WIN £100 of Music Gift Vouchers every week starting NOW Txt the word DRAW to 87066 TsCs www.Idew.com SkillGame, 1Winaweek, age16. 150ppermessSubscription",scam
Life style garments account no please.,not_scam
Lol wtf random. Btw is that your lunch break,not_scam
"Sez, hows u & de arab boy? Hope u r all good give my love 2 evry1 love ya eshxxxxxxxxxxx",not_scam
"The LAY MAN! Just to let you know you are missed and thought off. Do have a great day. And if you can send me bimbo and ugo's numbers, ill appreciate. Safe",not_scam
Detroit. The home of snow. Enjoy it.,not_scam
Show ur colours! Euro 2004 2-4-1 Offer! Get an England Flag & 3Lions tone on ur phone! Click on the following service message for info!,scam
Okie...,not_scam
"Aight, I'm chillin in a friend's room so text me when you're on the way",not_scam
Is toshiba portege m100 gd?,not_scam
Well welp is sort of a semiobscure internet thing,not_scam
Text PASS to 69669 to collect your polyphonic ringtones. Normal gprs charges apply only. Enjoy your tones,scam
"accordingly. I repeat, just text the word ok on your mobile phone and send",scam
Loosu go to hospital. De dont let it careless.,not_scam
How much for an eighth?,not_scam
Omg Joanna is freaking me out. She's looked thru all my friends to find photos of me. And then she's asking about stuff on my MySpace which I haven't even logged on in like a year. :/,not_scam
"Send ur birthdate with month and year, I will tel u ur LIFE PARTNER'S name. and the method of calculation. Reply must.",not_scam
Juz now havent woke up so a bit blur blur... Can? Dad went out liao... I cant cum now oso...,not_scam
"How about clothes, jewelry, and trips?",not_scam
Block Breaker now comes in deluxe format with new features and great graphics from T-Mobile. Buy for just £5 by replying GET BBDELUXE and take the challenge,scam
Aah! A cuddle would be lush! I'd need lots of tea and soup before any kind of fumbling!,not_scam
important information 4 orange user . today is your lucky day!2find out why log onto http://www.urawinner.com THERE'S A FANTASTIC SURPRISE AWAITING YOU!,scam
I am late. I will be there at,not_scam
Sad story of a Man - Last week was my b'day. My Wife did'nt wish me. My Parents forgot n so did my Kids . I went to work. Even my Colleagues did not wish.,not_scam
Are you plans with your family set in stone ?,not_scam
Pls dont forget to study,not_scam
You'll never believe this but i have actually got off at taunton. Wow,not_scam
"Den only weekdays got special price... Haiz... Cant eat liao... Cut nails oso muz wait until i finish drivin wat, lunch still muz eat wat...",not_scam
She just broke down a list of reasons why nobody's in town and I can't tell if she's being sarcastic or just faggy,not_scam
&lt;DECIMAL&gt; m but its not a common car here so its better to buy from china or asia. Or if i find it less expensive. I.ll holla,not_scam
The greatest test of courage on earth is to bear defeat without losing heart....gn tc,not_scam
SORRY IM STIL FUCKED AFTER LAST NITE WENT TOBED AT 430 GOT UP 4 WORK AT 630,not_scam
Hey so whats the plan this sat?,not_scam
Beauty sleep can help ur pimples too.,not_scam
Great. Hope you are using your connections from mode men also cos you can never know why old friends can lead you to today,not_scam
Natalja (25/F) is inviting you to be her friend. Reply YES-440 or NO-440 See her: www.SMS.ac/u/nat27081980 STOP? Send STOP FRND to 62468,scam
Where to get those?,not_scam
"Kind of. Just missed train cos of asthma attack, nxt one in half hr so driving in. not sure where to park.",not_scam
Ball is moving a lot.will spin in last :)so very difficult to bat:),not_scam
Haiyoh... Maybe your hamster was jealous of million,not_scam
Can you please send me my aunty's number,not_scam
I'm glad. You are following your dreams.,not_scam
I've reached home finally...,not_scam
"URGENT. Important information for 02 user. Today is your lucky day! 2 find out why , log onto http://www.urawinner.com there is a fantastic surprise awaiting you !",scam
WINNER!! As a valued network customer you have been selected to receivea £900 prize reward! To claim call 09061701461. Claim code KL341. Valid 12 hours only.,scam
"Wn u r hurt by d prsn who s close 2 u, do fight wit dem. Coz somtimes dis fight saves a relation bt being quiet leaves nothin in a relation.. Gud eveB-)",not_scam
U can call now...,not_scam
"Science tells that chocolate will melt under the sunlight. Please don't walk under the sunlight. BCoz,I don't want to loss a sweet friend.",not_scam
Yes. I come to nyc for audiitions and am trying to relocate.,not_scam
I pocked you up there before,not_scam
Congrats. That's great. I wanted to tell you not to tell me your score cos it might make me relax. But its motivating me so thanks for sharing,not_scam
I wud never mind if u dont miss me or if u dont need me.. But u wil really hurt me wen u need me &amp; u dont tell me......... Take care:-),not_scam
Hey mr whats the name of that bill brison book the one about language and words,not_scam
"Okay, good, no problem, and thanx!",not_scam
"For you information, IKEA is spelled with all caps. That is not yelling. when you thought i had left you, you were sitting on the bed among the mess when i came in. i said we were going after you got home from class. please don't try and bullshit me. It makes me want to listen to you less.",not_scam
Call me when u're done...,not_scam
G.W.R,not_scam
You best watch what you say cause I get drunk as a motherfucker,not_scam
Kit Strip - you have been billed 150p. Netcollex Ltd. PO Box 1013 IG11 OJA,scam
HMV BONUS SPECIAL 500 pounds of genuine HMV vouchers to be won. Just answer 4 easy questions. Play Now! Send HMV to 86688 More info:www.100percent-real.com,scam
Please CALL 08712402578 immediately as there is an urgent message waiting for you,scam
thesmszone.com lets you send free anonymous and masked messages..im sending this message from there..do you see the potential for abuse???,scam
"WELL DONE! Your 4* Costa Del Sol Holiday or £5000 await collection. Call 09050090044 Now toClaim. SAE, TCs, POBox334, Stockport, SK38xh, Cost£1.50/pm, Max10mins",scam
Hurt me... Tease me... Make me cry... But in the end of my life when i die plz keep one rose on my grave and say STUPID I MISS U.. HAVE A NICE DAY BSLVYL,not_scam
"Erm... Woodland avenue somewhere. Do you get the parish magazine, his telephone number will be in there.",not_scam
Are there TA jobs available? Let me know please cos i really need to start working,not_scam
Aiyar hard 2 type. U later free then tell me then i call n scold n tell u.,not_scam
Yup i'm free...,not_scam
"Good good, billy mates all gone. Just been jogging, again! Did enjoy concert?",not_scam
Yo come over carlos will be here soon,not_scam
Awww dat is sweet! We can think of something to do he he! Have a nice time tonight ill probably txt u later cos im lonely :( xxx.,not_scam
I guess it is useless calling u 4 something important.,not_scam
Ha ha - had popped down to the loo when you hello-ed me. Hello!,not_scam
He dint tell anything. He is angry on me that why you told to abi.,not_scam
Someone U know has asked our dating service 2 contact you! Cant Guess who? CALL 09058091854 NOW all will be revealed. PO BOX385 M6 6WU,scam
It so happens that there r 2waxsto do wat you want. She can come and ill get her medical insurance. And she'll be able to deliver and have basic care. I'm currently shopping for the right medical insurance for her. So just give me til friday morning. Thats when i.ll see the major person that can guide me to the right insurance.,not_scam
I keep ten rs in my shelf:) buy two egg.,not_scam
"I wasn't well babe, i have swollen glands at my throat ... What did you end up doing ?",not_scam
Is ur changes 2 da report big? Cos i've already made changes 2 da previous report.,not_scam
Captain is in our room:),not_scam
"I can't speak, bcaz mobile have problem. I can listen you but you cann't listen my voice. So i calls you later.",not_scam
HIYA STU WOT U UP 2.IM IN SO MUCH TRUBLE AT HOME AT MOMENT EVONE HATES ME EVEN U! WOT THE HELL AV I DONE NOW? Y WONT U JUST TELL ME TEXT BCK PLEASE LUV DAN,not_scam
S...i will take mokka players only:),not_scam
Are you still playing with gautham?,not_scam
Hey mr  and I are going to the sea view and having a couple of gays I mean games! Give me a bell when ya finish,not_scam
"K, jason says he's gonna be around so I'll be up there around  &lt;#&gt;",not_scam
Sorry . I will be able to get to you. See you in the morning.,not_scam
Aight well keep me informed,not_scam
I am not having her number sir,not_scam
Am only searching for good dual sim mobile pa.,not_scam
That seems unnecessarily hostile,not_scam
Dude got a haircut. Now its breezy up there,not_scam
"Congrats! 2 mobile 3G Videophones R yours. call 09061744553 now! videochat wid ur mates, play java games, Dload polyH music, noline rentl. bx420. ip4. 5we. 150pm",scam
1Apple/Day=No Doctor. 1Tulsi Leaf/Day=No Cancer. 1Lemon/Day=No Fat. 1Cup Milk/day=No Bone Problms 3 Litres Watr/Day=No Diseases Snd ths 2 Whom U Care..:-),not_scam
i thought we were doing a king of the hill thing there.,not_scam
Nope i'll come online now..,not_scam
ALSO TELL HIM I SAID HAPPY BIRTHDAY,not_scam
Y bishan lei... I tot ü say lavender?,not_scam
Boo what time u get out? U were supposed to take me shopping today. :(,not_scam
"Now u sound like manky scouse boy steve,like! I is travelling on da bus home.wot has u inmind 4 recreation dis eve?",not_scam
"Fyi I'm taking a quick shower, be at epsilon in like  &lt;#&gt;  min",not_scam
on a Tuesday night r u 4 real,not_scam
Yes when is the appt again?,not_scam
Just got outta class gonna go gym.,not_scam
I want to sent  &lt;#&gt; mesages today. Thats y. Sorry if i hurts,not_scam
Ü all write or wat..,not_scam
Ha! I wouldn't say that I just didn't read anything into way u seemed. I don't like 2 be judgemental....i save that for fridays in the pub!,not_scam
Its a valentine game. . . send dis msg to all ur friends. . If 5 answers r d same then someone really loves u. . Ques- which colour suits me the best?,not_scam
Hi:)did you asked to waheeda fathima about leave?,not_scam
Enjoy urself tmr...,not_scam
You still around? I could use a half-8th,not_scam
U 447801259231 have a secret admirer who is looking 2 make contact with U-find out who they R*reveal who thinks UR so special-call on 09058094597,scam
You give us back my id proof and  &lt;#&gt;  rs. We wont allow you to work. We will come to your home within days,not_scam
Ü bot notes oredi... Cos i juz rem i got...,not_scam
Yes. Rent is very expensive so its the way we save.,not_scam
"Night has ended for another day, morning has come in a special way. May you smile like the sunny rays and leaves your worries at the blue blue bay. Gud mrng",not_scam
Hows the pain dear?y r u smiling?,not_scam
"Fun fact: although you would think armand would eventually build up a tolerance or some shit considering how much he smokes, he gets fucked up in like 2 hits",not_scam
important information 4 orange user 0789xxxxxxx. today is your lucky day!2find out why log onto http://www.urawinner.com THERE'S A FANTASTIC SURPRISE AWAITING YOU!,scam
"Sorry, I can't help you on this.",not_scam
Great. So should i send you my account number.,not_scam
"HELLOGORGEOUS, HOWS U? MY FONE WAS ON CHARGE LST NITW WEN U TEXD ME. HOPEU AD A NICE WKEND AS IM SURE U DID LOOKIN 4WARD 2 C-IN U 2MRW LUV JAZ",not_scam
"Our dating service has been asked 2 contact U by someone shy! CALL 09058091870 NOW all will be revealed. POBox84, M26 3UZ 150p",scam
Ü only send me the contents page...,not_scam
"Night sweet, sleep well! I've just been to see The Exorcism of Emily Rose and may never sleep again! Hugs and snogs!",not_scam
"Don't Think About ""What u Have Got"" Think About ""How to Use It That You Have Got"" gooD ni8",not_scam
"I can't right this second, gotta hit people up first",not_scam
"Evry Emotion dsn't hav Words.Evry Wish dsn't hav Prayrs.. If u Smile,D World is wit u.Othrwise even d Drop of Tear dsn't lik 2 Stay wit u.So b happy.. Good morning, keep smiling:-)",not_scam
So what about you. What do you remember,not_scam
Ujhhhhhhh computer shipped out with address to sandiago and parantella lane. Wtf. Poop.,not_scam
Mm yes dear look how i am hugging you both. :-P,not_scam
I like dis sweater fr mango but no more my size already so irritating.,not_scam
1 I don't have her number and 2 its gonna be a massive pain in the ass and i'd rather not get involved if that's possible,not_scam
Anytime lor...,not_scam
Do you want a new Video handset? 750 any time any network mins? UNLIMITED TEXT? Camcorder? Reply or Call now 08000930705 for del Sat AM,scam
Purity of friendship between two is not about smiling after reading the forwarded message..Its about smiling just by seeing the name. Gud evng,not_scam
"Ur balance is now £600. Next question: Complete the landmark, Big, A. Bob, B. Barry or C. Ben ?. Text A, B or C to 83738. Good luck!",scam
Me fine..absolutly fine,not_scam
K and you're sure I don't have to have consent forms to do it :V,not_scam
Ur TONEXS subscription has been renewed and you have been charged £4.50. You can choose 10 more polys this month. www.clubzed.co.uk *BILLING MSG*,scam
"If you don't, your prize will go to another customer. T&C at www.t-c.biz 18+ 150p/min Polo Ltd Suite 373 London W1J 6HL Please call back if busy",scam
How much is torch in 9ja.,not_scam
"Doing nothing, then u not having dinner w us?",not_scam
How are you. Just checking up on you,not_scam
Done it but internet connection v slow and can‘t send it. Will try again later or first thing tomo.,not_scam
Mathews or tait or edwards or anderson,not_scam
yeah sure thing mate haunt got all my stuff sorted but im going sound anyway promoting hex for .by the way who is this? dont know number. Joke,not_scam
No need lar i go engin? Cos my sis at arts today...,not_scam
Thanks honey but still haven't heard anything I will leave it a bit longer so not 2 crowd him and will try later - great advice thanks hope cardiff is still there!,not_scam
Do you want a New Nokia 3510i Colour Phone Delivered Tomorrow? With 200 FREE minutes to any mobile + 100 FREE text + FREE camcorder Reply or Call 8000930705,scam
", im .. On the snowboarding trip. I was wondering if your planning to get everyone together befor we go..a meet and greet kind of affair? Cheers,",not_scam
S.i'm watching it in live..,not_scam
"see you then, we're all christmassy here!",not_scam
"K I'm ready,  &lt;#&gt; ?",not_scam
"Do you know why god created gap between your fingers..? So that, One who is made for you comes &amp; fills those gaps by holding your hand with LOVE..!",not_scam
The greatest test of courage on earth is to bear defeat without losing heart....gn tc,not_scam
what are your new years plans?,not_scam
RECPT 1/3. You have ordered a Ringtone. Your order is being processed...,scam
Baaaaaaaabe! Wake up ! I miss you ! I crave you! I need you!,not_scam
"Only just got this message, not ignoring you. Yes, i was. Shopping that is",not_scam
Dear :-/ why you mood off. I cant drive so i brother to drive,not_scam
When did dad get back.,not_scam
"Can you tell Shola to please go to college of medicine and visit the academic department, tell the academic secretary what the current situation is and ask if she can transfer there. She should ask someone to check Sagamu for the same thing and lautech. Its vital she completes her medical education in Nigeria. Its less expensive much less expensive. Unless she will be getting citizen rates in new zealand.",not_scam
Yes just finished watching days of our lives. I love it.,not_scam
Juz go google n search 4 qet...,not_scam
Many times we lose our best ones bcoz we are,not_scam
"Good FRIENDS CaRE for each Other.. CLoSE Friends UNDERSTaND each Other... and TRUE Friends STaY forever beyond words, beyond time. Gud ni8",not_scam
Just getting back home,not_scam
"Sorry, I'll call later  &lt;#&gt; mins",not_scam
Dun need to use dial up juz open da browser n surf...,not_scam
As one of our registered subscribers u can enter the draw 4 a 100 G.B. gift voucher by replying with ENTER. To unsubscribe text STOP,scam
"Awesome, plan to get here any time after like  &lt;#&gt; , I'll text you details in a wee bit",not_scam
Take care and sleep well.you need to learn to change in life.you only need to get CONVINCED on that.i will wait but no more conversations between us.GET CONVINCED by that time.Your family is over for you in many senses.respect them but not overemphasise.or u have no role in my life.,not_scam
"For your chance to WIN a FREE Bluetooth Headset then simply reply back with ""ADP""",scam
You also didnt get na hi hi hi hi hi,not_scam
Ya but it cant display internal subs so i gotta extract them,not_scam
If i said anything wrong sorry de:-),not_scam
Sad story of a Man - Last week was my b'day. My Wife did'nt wish me. My Parents forgot n so did my Kids . I went to work. Even my Colleagues did not wish.,not_scam
How stupid to say that i challenge god.You dont think at all on what i write instead you respond immed.,not_scam
"Yeah I should be able to, I'll text you when I'm ready to meet up",not_scam
V skint too but fancied few bevies.waz gona go meet &othrs in spoon but jst bin watchng planet earth&sofa is v comfey; If i dont make it hav gd night,not_scam
"says that he's quitting at least5times a day so i wudn't take much notice of that. Nah, she didn't mind. Are you gonna see him again? Do you want to come to taunton tonight? U can tell me all about !",not_scam
"When you get free, call me",not_scam
How have your little darlings been so far this week? Need a coffee run tomo?Can't believe it's that time of week already …,not_scam
Ok i msg u b4 i leave my house.,not_scam
Still at west coast... Haiz... Ü'll take forever to come back...,not_scam
MMM ... Fuck .... Merry Christmas to me,not_scam
alright. Thanks for the advice. Enjoy your night out. I'ma try to get some sleep...,not_scam
Update your face book status frequently :),not_scam
Just now saw your message.it k da:),not_scam
Was it something u ate?,not_scam
So what did the bank say about the money?,not_scam
Aiyar dun disturb u liao... Thk u have lots 2 do aft ur cupboard come...,not_scam
Hey they r not watching movie tonight so i'll prob b home early...,not_scam
Yar lor... How u noe? U used dat route too?,not_scam
2mro i am not coming to gym machan. Goodnight.,not_scam
Dont think you need yellow card for uk travel. Ask someone that has gone before. If you do its just  &lt;#&gt; bucks,not_scam
Can u look 4 me in da lib i got stuff havent finish yet.,not_scam
Sounds great! Im going to sleep now. Have a good night!,not_scam
Don't b floppy... b snappy & happy! Only gay chat service with photo upload call 08718730666 (10p/min). 2 stop our texts call 08712460324,scam
"House-Maid is the murderer, coz the man was murdered on  &lt;#&gt; th January.. As public holiday all govt.instituitions are closed,including post office..understand?",not_scam
How come u got nothing to do?,not_scam
Nothing will ever be easy. But don't be looking for a reason not to take a risk on life and love,not_scam
i want to grasp your pretty booty :),not_scam
I've got it down to a tea. not sure which flavour,not_scam
I'm going 2 orchard now laready me reaching soon. U reaching?,not_scam
Dear i am not denying your words please,not_scam
You know my old Dom I told you about yesterday ? His name is Roger? He got in touch with me last night and wants me to meet him today at 2 pm,not_scam
COME BACK TO TAMPA FFFFUUUUUUU,not_scam
"2 celebrate my bday, y else?",not_scam
Merry christmas to u too annie!,not_scam
Please tell me you have some of that special stock you were talking about,not_scam
I sent them. Do you like?,not_scam
"Urgent UR awarded a complimentary trip to EuroDisinc Trav, Aco&Entry41 Or £1000. To claim txt DIS to 87121 18+6*£1.50(moreFrmMob. ShrAcomOrSglSuplt)10, LS1 3AJ",scam
"Awesome, be there in a minute",not_scam
"And that is the problem. You walk around in ""julianaland"" oblivious to what is going on around you. I say the same things constantly and they go in one ear and out the other while you go off doing whatever you want to do. It's not that you don't know why I'm upset--it's that you don't listen when i tell you WHAT is going to upset me. Then you want to be surprised when I'm mad.",not_scam
I've told you everything will stop. Just dont let her get dehydrated.,not_scam
Or I guess  &lt;#&gt;  min,not_scam
I'm home. Ard wat time will u reach?,not_scam
"Storming msg: Wen u lift d phne, u say ""HELLO"" Do u knw wt is d real meaning of HELLO?? . . . It's d name of a girl..! . . . Yes.. And u knw who is dat girl?? ""Margaret Hello"" She is d girlfrnd f Grahmbell who invnted telphone... . . . . Moral:One can 4get d name of a person, bt not his girlfrnd... G o o d n i g h t . . .@",not_scam
"If you want to mapquest it or something look up ""usf dogwood drive"", that's the tiny street where the parking lot is",not_scam
Aight should I just plan to come up later tonight?,not_scam
Die... I accidentally deleted e msg i suppose 2 put in e sim archive. Haiz... I so sad...,not_scam
"Welcome to UK-mobile-date this msg is FREE giving you free calling to 08719839835. Future mgs billed at 150p daily. To cancel send ""go stop"" to 89123",scam
This is wishing you a great day. Moji told me about your offer and as always i was speechless. You offer so easily to go to great lengths on my behalf and its stunning. My exam is next friday. After that i will keep in touch more. Sorry.,not_scam
"Thanks again for your reply today. When is ur visa coming in. And r u still buying the gucci and bags. My sister things are not easy, uncle john also has his own bills so i really need to think about how to make my own money. Later sha.",not_scam
"Sorry I flaked last night, shit's seriously goin down with my roommate, what you up to tonight?",not_scam
He said i look pretty wif long hair wat. But i thk he's cutting quite short 4 me leh.,not_scam
Ranjith cal drpd Deeraj and deepak 5min hold,not_scam
"""CHEERS FOR CALLIN BABE.SOZI CULDNT TALKBUT I WANNATELL U DETAILS LATER WENWECAN CHAT PROPERLY X""",not_scam
Hey u still at the gym?,not_scam
"She said,'' do u mind if I go into the bedroom for a minute ? '' ''OK'', I sed in a sexy mood. She came out 5 minuts latr wid a cake...n My Wife,",not_scam
Much better now thanks lol,not_scam
"Nothing, smsing u n xy lor. Sorry lor da guys neva c u in person but they sort of know u lor. So u wan 2 meet them xy ask me 2 bring u along 4 our next meeting.",not_scam
"Lemme know when I can swing by and pick up, I'm free basically any time after 1 all this semester",not_scam
Wa... U so efficient... Gee... Thanx...,not_scam
3. You have received your mobile content. Enjoy,scam
S but not able to sleep.,not_scam
Want explicit SEX in 30 secs? Ring 02073162414 now! Costs 20p/min,scam
We will meet soon princess! Ttyl!,not_scam
I'll pick you up at about 5.15pm to go to taunton if you still want to come.,not_scam
Oh :-)only 4 outside players allowed to play know,not_scam
I anything lor.,not_scam
Erutupalam thandiyachu,not_scam
"Y cant u try new invention to fly..i'm not joking.,",not_scam
No..its ful of song lyrics..,not_scam
"What do u reckon as need 2 arrange transport if u can't do it, thanks",not_scam
True lov n care wil nevr go unrecognized. though somone often makes mistakes when valuing it. but they will definitly undrstnd once when they start missing it.,not_scam
Shopping? Eh ger i toking abt syd leh...Haha,not_scam
What not under standing.,not_scam
have * good weekend.,not_scam
Miss call miss call khelate kintu opponenter miss call dhorte lage. Thats d rule. One with great phone receiving quality wins.,not_scam
Call me when you get the chance plz &lt;3,not_scam
The new deus ex game comin early next yr,not_scam
My computer just fried the only essential part we don't keep spares of because my fucking idiot roommates looovvve leaving the thing running on full  &lt;#&gt; /7,not_scam
"My friend, she's studying at warwick, we've planned to go shopping and to concert tmw, but it may be canceled, havn't seen  for ages, yeah we should get together sometime!",not_scam
Probably a couple hours tops,not_scam
"LOL .. *grins* .. I'm not babe, but thanks for thinking of me!",not_scam
Man this bus is so so so slow. I think you're gonna get there before me,not_scam
Hope this text meets you smiling. If not then let this text give you a reason to smile. Have a beautiful day.,not_scam
"In case you wake up wondering where I am, I forgot I have to take care of something for grandma today, should be done before the parade",not_scam
Ok,not_scam
"Latest Nokia Mobile or iPOD MP3 Player +£400 proze GUARANTEED! Reply with: WIN to 83355 now! Norcorp Ltd.£1,50/Mtmsgrcvd18+",scam
"SMS SERVICES. for your inclusive text credits, pls goto www.comuk.net login= 3qxj9 unsubscribe with STOP, no extra charge. help 08702840625.COMUK. 220-CM2 9AE",scam
Nvm take ur time.,not_scam
So wat's da decision?,not_scam
Wot is u up 2 then bitch?,not_scam
Stupid.its not possible,not_scam
She told to hr that he want posting in chennai:)because i'm working here:),not_scam
Mobile Club: Choose any of the top quality items for your mobile. 7cfca1a,scam
When are you guys leaving?,not_scam
He neva grumble but i sad lor... Hee... Buy tmr lor aft lunch. But we still meetin 4 lunch tmr a not. Neva hear fr them lei. Ü got a lot of work ar?,not_scam
Not able to do anything.,not_scam
Ü takin linear algebra today?,not_scam
This weekend is fine (an excuse not to do too much decorating),not_scam
"Sorry I missed you babe. I was up late and slept in. I hope you enjoy your driving lesson, boytoy. I miss you too ... *teasing kiss*",not_scam
Now project pa. After that only i can come.,not_scam
Money i have won wining number 946 wot do i do next,scam
"Sure, whenever you show the fuck up &gt;:(",not_scam
That was random saw my old roomate on campus. He graduated,not_scam
"Congrats! 2 mobile 3G Videophones R yours. call 09061744553 now! videochat wid ur mates, play java games, Dload polyH music, noline rentl. bx420. ip4. 5we. 150pm",scam
"Men always needs a beautiful, intelligent, caring, loving, adjustable, cooperative wife. But the law allows only one wife....",not_scam
That sucks. So what do you got planned for your yo valentine? I am your yo valentine aren't I?,not_scam
"Just got part Nottingham - 3 hrs 63miles. Good thing i love my man so much, but only doing 40mph. Hey ho",not_scam
What to think no one saying clearly. Ok leave no need to ask her. I will go if she come or not,not_scam
Hi good mornin.. Thanku wish u d same..,not_scam
DO U WANT 2 MEET UP 2MORRO,not_scam
Actually I decided I was too hungry so I haven't left yet :V,not_scam
I've sent ü my part..,not_scam
Cos i was out shopping wif darren jus now n i called him 2 ask wat present he wan lor. Then he started guessing who i was wif n he finally guessed darren lor.,not_scam
"I want some cock! My hubby's away, I need a real man 2 satisfy me. Txt WIFE to 89938 for no strings action. (Txt STOP 2 end, txt rec £1.50ea. OTBox 731 LA1 7WS. )",scam
Understand. his loss is my gain :) so do you work? School?,not_scam
HOW ARE U? I HAVE MISSED U! I HAVENT BEEN UP 2 MUCH A BIT BORED WITH THE HOLIDAY WANT 2 GO BAK 2 COLLEGE! SAD ISNT IT?xx,not_scam
"Hiya, probably coming home * weekend after next",not_scam
Don't forget though that I love you .... And I walk beside you. Watching over you and keeping your heart warm.,not_scam
I wish things were different. I wonder when i will be able to show you how much i value you. Pls continue the brisk walks no drugs without askin me please and find things to laugh about. I love you dearly.,not_scam
Ok both our days. So what are you making for dinner tonite? Am I invited?,not_scam
Gr8 new service - live sex video chat on your mob - see the sexiest dirtiest girls live on ur phone - 4 details text horny to 89070 to cancel send STOP to 89070,scam
I have no money 4 steve mate! !,not_scam
IM LATE TELLMISS IM ON MY WAY,not_scam
Never blame a day in ur life. Good days give u happiness. Bad days give u experience. Both are essential in life! All are Gods blessings! good morning.:,not_scam
Normally i use to drink more water daily:),not_scam
Dare i ask... Any luck with sorting out the car?,not_scam
"Party's at my place at usf, no charge (but if you can contribute in any way it is greatly appreciated) and yeah, we got room for one more",not_scam
"Urgh, coach hot, smells of chip fat! Thanks again, especially for the duvet (not a predictive text word).",not_scam
Hiya. How was last night? I've been naughty and bought myself clothes and very little ... Ready for more shopping tho! What kind of time do you wanna meet?,not_scam
FreeMsg Hi baby wow just got a new cam moby. Wanna C a hot pic? or Fancy a chat?Im w8in 4uTxt / rply CHAT to 82242 Hlp 08712317606 Msg150p 2rcv,scam
I've been trying to reach him without success,not_scam
when you and derek done with class?,not_scam
Never y lei... I v lazy... Got wat? Dat day ü send me da url cant work one...,not_scam
Never try alone to take the weight of a tear that comes out of ur heart and falls through ur eyes... Always remember a STUPID FRIEND is here to share... BSLVYL,not_scam
Hey mate. Spoke to the mag people. We‘re on.  the is deliver by the end of the month. Deliver on the 24th sept. Talk later.,not_scam
Hope you are having a good week. Just checking in,not_scam
"Haha, my friend tyler literally just asked if you could get him a dubsack",not_scam
"""Hey! do u fancy meetin me at 4 at cha  hav a lil beverage on me. if not txt or ring me and we can meet up l8r. quite tired got in at 3 v.pist ;) love Pete x x x""",not_scam
Great. Have a safe trip. Dont panic surrender all.,not_scam
"""SYMPTOMS"" when U are in love: ""1.U like listening songs 2.U get stopped where u see the name of your beloved 3.U won't get angry when your",not_scam
Sun ah... Thk mayb can if dun have anythin on... Thk have to book e lesson... E pilates is at orchard mrt u noe hor...,not_scam
Try to do something dear. You read something for exams,not_scam
"7 wonders in My WORLD 7th You 6th Ur style 5th Ur smile 4th Ur Personality 3rd Ur Nature 2nd Ur SMS and 1st ""Ur Lovely Friendship""... good morning dear",not_scam
Gettin rdy to ship comp,not_scam
I am in hospital da. . I will return home in evening,not_scam
PISS IS TALKING IS SOMEONE THAT REALISE U THAT POINT THIS AT IS IT.(NOW READ IT BACKWARDS),not_scam
Think + da. You wil do.,not_scam
I'm awake oh. What's up.,not_scam
Good afternoon my boytoy. How goes that walking here and there day ? Did you get that police abstract? Are you still out and about? I wake and miss you babe,not_scam
How much u trying to get?,not_scam
"Come around  &lt;DECIMAL&gt; pm vikky..i'm otside nw, il come by tht time",not_scam
Tell me again what your address is,not_scam
"Honeybee Said: *I'm d Sweetest in d World* God Laughed &amp; Said: *Wait,U Havnt Met d Person Reading This Msg* MORAL: Even GOD Can Crack Jokes! GM+GN+GE+GN:)",not_scam
Should i buy him a blackberry bold 2 or torch. Should i buy him new or used. Let me know. Plus are you saying i should buy the  &lt;#&gt; g wifi ipad. And what are you saying about the about the  &lt;#&gt; g?,not_scam
But you were together so you should be thinkin about him,not_scam
hiya hows it going in sunny africa? hope u r avin a good time. give that big old silver back a big kiss from me.,not_scam
At WHAT TIME should i come tomorrow,not_scam
Wanna have a laugh? Try CHIT-CHAT on your mobile now! Logon by txting the word: CHAT and send it to No: 8883 CM PO Box 4217 London W1A 6ZF 16+ 118p/msg rcvd,scam
"""CHA QUITEAMUZING THATSCOOL BABE,PROBPOP IN & CU SATTHEN HUNNY 4BREKKIE! LOVE JEN XXX. PSXTRA LRG PORTIONS 4 ME PLEASE """,not_scam
Omg how did u know what I ate?,not_scam
"""URGENT! This is the 2nd attempt to contact U!U have WON £1000CALL 09071512432 b4 300603t&csBCM4235WC1N3XX.callcost150ppmmobilesvary. max£7. 50""",scam
:( but your not here....,not_scam
Not directly behind... Abt 4 rows behind ü...,not_scam
Congratulations ur awarded 500 of CD vouchers or 125gift guaranteed & Free entry 2 100 wkly draw txt MUSIC to 87066,scam
"Had your contract mobile 11 Mnths? Latest Motorola, Nokia etc. all FREE! Double Mins & Text on Orange tariffs. TEXT YES for callback, no to remove from records",scam
"Urgent! call 09066350750 from your landline. Your complimentary 4* Ibiza Holiday or 10,000 cash await collection SAE T&Cs PO BOX 434 SK3 8WP 150 ppm 18+",scam
No plans yet. What are you doing ?,not_scam
Hi ....My engagement has been fixd on  &lt;#&gt; th of next month. I know its really shocking bt....hmm njan vilikkam....t ws al of a sudn;-(.,not_scam
Not course. Only maths one day one chapter with in one month we can finish.,not_scam
Wow didn't think it was that common. I take it all back ur not a freak! Unless u chop it off:-),not_scam
"For ur chance to win a £250 wkly shopping spree TXT: SHOP to 80878. T's&C's www.txt-2-shop.com custcare 08715705022, 1x150p/wk",scam
Noooooooo please. Last thing I need is stress. For once in your life be fair.,not_scam
U have a Secret Admirer who is looking 2 make contact with U-find out who they R*reveal who thinks UR so special-call on 09065171142-stopsms-08718727870150ppm,scam
"Mila, age23, blonde, new in UK. I look sex with UK guys. if u like fun with me. Text MTALK to 69866.18 . 30pp/txt 1st 5free. £1.50 increments. Help08718728876",scam
"I'll see if I can swing by in a bit, got some things to take care of here firsg",not_scam
I wanted to wish you a Happy New Year and I wanted to talk to you about some legal advice to do with when Gary and I split but in person. I'll make a trip to Ptbo for that. I hope everything is good with you babe and I love ya :),not_scam
Have you not finished work yet or something?,not_scam
Tomorrow i am not going to theatre. . . So i can come wherever u call me. . . Tell me where and when to come tomorrow,not_scam
Well done ENGLAND! Get the official poly ringtone or colour flag on yer mobile! text TONE or FLAG to 84199 NOW! Opt-out txt ENG STOP. Box39822 W111WX £1.50,scam
Right it wasnt you who phoned it was someone with a number like yours!,not_scam
It's ok i wun b angry. Msg u aft i come home tonight.,not_scam
I had a good time too. Its nice to do something a bit different with my weekends for a change. See ya soon,not_scam
Yo sorry was in the shower sup,not_scam
"Carlos is down but I have to pick it up from him, so I'll swing by usf in a little bit",not_scam
Full heat pa:-) i have applyed oil pa.,not_scam
I'm stuck in da middle of da row on da right hand side of da lt...,not_scam
Have you laid your airtel line to rest?,not_scam
Hi did u decide wot 2 get 4 his bday if not ill prob jus get him a voucher frm virgin or sumfing,not_scam
FreeMsg: Txt: CALL to No: 86888 & claim your reward of 3 hours talk time to use from your phone now! Subscribe6GBP/mnth inc 3hrs 16 stop?txtStop,scam
"""Hey j! r u feeling any better, hopeSo hunny. i amnow feelin ill & ithink i may have tonsolitusaswell! damn iam layin in bedreal bored. lotsof luv me xxxx""",not_scam
And I don't plan on staying the night but I prolly won't be back til late,not_scam
THANX 4 PUTTIN DA FONE DOWN ON ME!!,not_scam
"I need an 8th but I'm off campus atm, could I pick up in an hour or two?",not_scam
"Oh... Haha... Den we shld had went today too... Gee, nvm la... Kaiez, i dun mind goin jazz oso... Scared hiphop open cant catch up...",not_scam
Been running but only managed 5 minutes and then needed oxygen! Might have to resort to the roller option!,not_scam
We live in the next  &lt;#&gt; mins,not_scam
Y de asking like this.,not_scam
Just glad to be talking to you.,not_scam
Wat time ü finish?,not_scam
Sorry da. I gone mad so many pending works what to do.,not_scam
How much you got for cleaning,not_scam
hows my favourite person today? r u workin hard? couldn't sleep again last nite nearly rang u at 4.30,not_scam
Sunshine Quiz! Win a super Sony DVD recorder if you canname the capital of Australia? Text MQUIZ to 82277. B,scam
Ü called dad oredi...,not_scam
Good. do you think you could send me some pix? I would love to see your top and bottom...,not_scam
Nvm... I'm going to wear my sport shoes anyway... I'm going to be late leh.,not_scam
"Sorry, I'll call later In meeting.",not_scam
THIS IS A LONG FUCKIN SHOWR,not_scam
"Received, understood n acted upon!",not_scam
They finally came to fix the ceiling.,not_scam
"U need my presnts always bcz U cant mis love. ""jeevithathile irulinae neekunna prakasamanu sneham"" prakasam ennal prabha 'That mns prabha is'LOVE' Got it. Dont mis me....",not_scam
Jus finish blowing my hair. U finish dinner already?,not_scam
I'm on the bus. Love you,not_scam
Lol ... I knew that .... I saw him in the dollar store,not_scam
Please call our customer service representative on 0800 169 6031 between 10am-9pm as you have WON a guaranteed £1000 cash or £5000 prize!,scam
Todays Voda numbers ending with 7634 are selected to receive a £350 reward. If you have a match please call 08712300220 quoting claim code 7684 standard rates apply.,scam
Only saturday and sunday holiday so its very difficult:),not_scam
Everybody had fun this evening. Miss you.,not_scam
"Got hella gas money, want to go on a grand nature adventure with galileo in a little bit?",not_scam
"I'm in a meeting, call me later at",not_scam
Oh wow thats gay. Will firmware update help,not_scam
These won't do. Have to move on to morphine,not_scam
How come i din c ü... Yup i cut my hair...,not_scam
K k pa Had your lunch aha.,not_scam
Oh ho. Is this the first time u use these type of words,not_scam
Captain vijaykanth is doing comedy in captain tv..he is drunken :),not_scam
Of course. I guess god's just got me on hold right now.,not_scam
Do you hide anythiing or keeping distance from me,not_scam
Havent.,not_scam
You are being ripped off! Get your mobile content from www.clubmoby.com call 08717509990 poly/true/Pix/Ringtones/Games six downloads for only 3,scam
Sorry i din lock my keypad.,not_scam
Did u got that persons story,not_scam
Are you planning to come chennai?,not_scam
We tried to contact you re your reply to our offer of a Video Phone 750 anytime any network mins Half Price Line Rental Camcorder Reply or call 08000930705,scam
God created gap btwn ur fingers so dat sum1 vry special will fill those gaps by holding ur hands.. Now plz dont ask y he created so much gap between legs !!!,not_scam
We are okay. Going to sleep now. Later,not_scam
"Please protect yourself from e-threats. SIB never asks for sensitive information like Passwords,ATM/SMS PIN thru email. Never share your password with anybody.",not_scam
"Finally it has happened..! Aftr decades..! BEER is now cheaper than PETROL! The goverment expects us to ""DRINK"". . . But don't ""DRIVE """,not_scam
A £400 XMAS REWARD IS WAITING FOR YOU! Our computer has randomly picked you from our loyal mobile customers to receive a £400 reward. Just call 09066380611,scam
Where r e meeting tmr?,not_scam
Lol yes. But it will add some spice to your day.,not_scam
Hope you are having a great day.,not_scam
Our Prasanth ettans mother passed away last night. Just pray for her and family.,not_scam
"K, I'll work something out",not_scam
PRIVATE! Your 2003 Account Statement for shows 800 un-redeemed S. I. M. points. Call 08718738002 Identifier Code: 48922 Expires 21/11/04,scam
This message is from a great Doctor in India:-): 1) Do not drink APPY FIZZ. It contains Cancer causing age,not_scam
I cant pick the phone right now. Pls send a message,not_scam
You call him and tell now infront of them. Call him now.,not_scam
Ok no prob...,not_scam
Ladies first and genus second k .,not_scam
No. Yes please. Been swimming?,not_scam
Mum not going robinson already.,not_scam
Ok set let u noe e details later...,not_scam
Not..tel software name..,not_scam
I send the print  outs da.,not_scam
IM REALY SOZ IMAT MY MUMS 2NITE WHAT ABOUT 2MORO,not_scam
"When I was born, GOD said, ""Oh No! Another IDIOT"". When you were born, GOD said, ""OH No! COMPETITION"". Who knew, one day these two will become FREINDS FOREVER!",not_scam
"I didnt get ur full msg..sometext is missing, send it again",not_scam
"Probably not, I'm almost out of gas and I get some cash tomorrow",not_scam
"Customer service announcement. We recently tried to make a delivery to you but were unable to do so, please call 07099833605 to re-schedule. Ref:9280114",scam
I forgot 2 ask ü all smth.. There's a card on da present lei... How? Ü all want 2 write smth or sign on it?,not_scam
I'm leaving my house now.,not_scam
"Hi babe its Chloe, how r u? I was smashed on saturday night, it was great! How was your weekend? U been missing me? SP visionsms.com Text stop to stop 150p/text",scam
Ü ready then call me...,not_scam
Wewa is 130. Iriver 255. All 128 mb.,not_scam
It is a good thing I'm now getting the connection to bw,not_scam
Sry da..jst nw only i came to home..,not_scam
"That's cool he'll be here all night, lemme know when you're around",not_scam
Are you staying in town ?,not_scam
"Haha yeah, 2 oz is kind of a shitload",not_scam
Ok u can take me shopping when u get paid =D,not_scam
"My life Means a lot to me, Not because I love my life, But because I love the people in my life, The world calls them friends, I call them my World:-).. Ge:-)..",not_scam
"Alright we'll bring it to you, see you in like  &lt;#&gt;  mins",not_scam
But pls dont play in others life.,not_scam
Eatin my lunch...,not_scam
Hmmm.but you should give it on one day..,not_scam
"Didn't try, g and I decided not to head out",not_scam
Ok no prob,not_scam
Surly ill give it to you:-) while coming to review.,not_scam
"By march ending, i should be ready. But will call you for sure. The problem is that my capital never complete. How far with you. How's work and the ladies",not_scam
Tessy..pls do me a favor. Pls convey my birthday wishes to Nimya..pls dnt forget it. Today is her birthday Shijas,not_scam
Pls give her the food preferably pap very slowly with loads of sugar. You can take up to an hour to give it. And then some water. Very very slowly.,not_scam
"URGENT! Your Mobile No 07808726822 was awarded a £2,000 Bonus Caller Prize on 02/09/03! This is our 2nd attempt to contact YOU! Call 0871-872-9758 BOX95QU",scam
A guy who gets used but is too dumb to realize it.,not_scam
"Okey dokey, i‘ll be over in a bit just sorting some stuff out.",not_scam
Don no da:)whats you plan?,not_scam
Yes fine,not_scam
"WIN: We have a winner! Mr. T. Foley won an iPod! More exciting prizes soon, so keep an eye on ur mobile or visit www.win-82050.co.uk",scam
I liked the new mobile,not_scam
Anytime...,not_scam
Mmmmmmm *snuggles into you* ...*deep contented sigh* ... *whispers* ... I fucking love you so much I can barely stand it ...,not_scam
Yar but they say got some error.,not_scam
Hey anyway i have to :-),not_scam
Wow so healthy. Old airport rd lor. Cant thk of anything else. But i'll b bathing my dog later.,not_scam
Wif my family booking tour package.,not_scam
"Did you say bold, then torch later. Or one torch and 2bold?",not_scam
"Haha awesome, I might need to take you up on that, what you doin tonight?",not_scam
Ya i knw u vl giv..its ok thanks kano..anyway enjoy wit ur family wit 1st salary..:-);-),not_scam
Huh so slow i tot u reach long ago liao... U 2 more days only i 4 more leh...,not_scam
Thats cool princess! I will cover your face in hot sticky cum :),not_scam
Big brother‘s really scraped the barrel with this shower of social misfits,not_scam
Oops i thk i dun haf enuff... I go check then tell ü..,not_scam
S:)8 min to go for lunch:),not_scam
"Hey. What happened? U switch off ur cell d whole day. This isnt good. Now if u do care, give me a call tomorrow.",not_scam
"K will do, addie &amp; I are doing some art so I'll be here when you get home",not_scam
My uncles in Atlanta. Wish you guys a great semester.,not_scam
"Aiyo... Her lesson so early... I'm still sleepin, haha... Okie, u go home liao den confirm w me lor...",not_scam
Forgot to tell ü smth.. Can ü like number the sections so that it's clearer..,not_scam
"Yup. Anything lor, if u dun wan it's ok...",not_scam
"I'm home, my love ... If your still awake ... *loving kiss*",not_scam
HELLO PEACH! MY CAKE TASTS LUSH!,not_scam
"FREE GAME. Get Rayman Golf 4 FREE from the O2 Games Arcade. 1st get UR games settings. Reply POST, then save & activ8. Press 0 key for Arcade. Termsapply",scam
"There'll be a minor shindig at my place later tonight, you interested?",not_scam
Jason says it's cool if we pick some up from his place in like an hour,not_scam
"Had your mobile 10 mths? Update to the latest Camera/Video phones for FREE. KEEP UR SAME NUMBER, Get extra free mins/texts. Text YES for a call",scam
I (Career Tel) have added u as a contact on INDYAROCKS.COM to send FREE SMS. To remove from phonebook - sms NO to  &lt;#&gt;,not_scam
I've reached already.,not_scam
I dont know ask to my brother. Nothing problem some thing that. Just i told .,not_scam
K:)eng rocking in ashes:),not_scam
Wat time r ü going to xin's hostel?,not_scam
Good Morning my Dear Shijutta........... Have a great &amp; successful day.,not_scam
Buy Space Invaders 4 a chance 2 win orig Arcade Game console. Press 0 for Games Arcade (std WAP charge) See o2.co.uk/games 4 Terms + settings. No purchase,scam
Oh k:)after that placement there ah?,not_scam
"Not for possession, especially not first offense",not_scam
"Nt only for driving even for many reasons she is called BBD..thts it chikku, then hw abt dvg cold..heard tht vinobanagar violence hw is the condition..and hw ru ? Any problem?",not_scam
I bought the test yesterday. Its something that lets you know the exact day u ovulate.when will get 2u in about 2 to 3wks. But pls pls dont fret. I know u r worried. Pls relax. Also is there anything in ur past history u need to tell me?,not_scam
We have pizza if u want,not_scam
"I keep seeing weird shit and bein all ""woah"" then realising it's actually reasonable and I'm all ""oh""",not_scam
Many more happy returns of the day. I wish you happy birthday.,not_scam
Ya very nice. . .be ready on thursday,not_scam
I am in hospital da. . I will return home in evening,not_scam
"""Thinking of u ;) x""",not_scam
Camera - You are awarded a SiPix Digital Camera! call 09061221066 fromm landline. Delivery within 28 days.,scam
Orh i tot u say she now still dun believe.,not_scam
"When you just put in the + sign, choose my number and the pin will show. Right?",not_scam
The beauty of life is in next second.. which hides thousands of secrets. I wish every second will be wonderful in ur life...!! gud n8,not_scam
Thanx u darlin!im cool thanx. A few bday drinks 2 nite. 2morrow off! Take care c u soon.xxx,not_scam
"If you're still up, maybe leave the credit card so I can get gas when I get back like he told me to",not_scam
Your weekly Cool-Mob tones are ready to download !This weeks new Tones include: 1) Crazy Frog-AXEL F>>> 2) Akon-Lonely>>> 3) Black Eyed-Dont P >>>More info in n,scam
Well boy am I glad G wasted all night at applebees for nothing,not_scam
Cashbin.co.uk (Get lots of cash this weekend!) www.cashbin.co.uk Dear Welcome to the weekend We have got our biggest and best EVER cash give away!! These..,scam
Ok lor... Or u wan me go look 4 u?,not_scam
U wan 2 haf lunch i'm in da canteen now.,not_scam
Don't make life too stressfull.. Always find time to Laugh.. It may not add years to your Life! But surely adds more life to ur years!! Gud ni8..swt dreams..,not_scam
"hey, looks like I was wrong and one of the kappa guys numbers is still on my phone, if you want I can text him and see if he's around",not_scam
URGENT! Your Mobile number has been awarded with a £2000 prize GUARANTEED. Call 09061790121 from land line. Claim 3030. Valid 12hrs only 150ppm,scam
Thanks 4 your continued support Your question this week will enter u in2 our draw 4 £100 cash. Name the NEW US President? txt ans to 80082,scam
I'm home. Doc gave me pain meds says everything is fine.,not_scam
It's é only $140 ard...É rest all ard $180 at least...Which is é price 4 é 2 bedrm ($900),not_scam
Me too! Have a lovely night xxx,not_scam
Prepare to be pleasured :),not_scam
Hi.:)technical support.providing assistance to us customer through call and email:),not_scam
if you text on your way to cup stop that should work. And that should be BUS,not_scam
Whens your radio show?,not_scam
Your unique user ID is 1172. For removal send STOP to 87239 customer services 08708034412,scam
I'm not sure if its still available though,not_scam
watever reLation u built up in dis world only thing which remains atlast iz lonlines with lotz n lot memories! feeling..,not_scam
CHEERS LOU! YEAH WAS A GOODNITE SHAME U NEVA CAME! C YA GAILxx,not_scam
Hi..i got the money da:),not_scam
"Hi, Mobile no.  &lt;#&gt;  has added you in their contact list on www.fullonsms.com It s a great place to send free sms to people For more visit fullonsms.com",not_scam
Ok then u tell me wat time u coming later lor.,not_scam
U repeat e instructions again. Wat's e road name of ur house?,not_scam
"So many people seems to be special at first sight, But only very few will remain special to you till your last sight.. Maintain them till life ends.. Sh!jas",not_scam
Quite lor. But dun tell him wait he get complacent...,not_scam
Sorry completely forgot * will pop em round this week if your still here?,not_scam
U R THE MOST BEAUTIFUL GIRL IVE EVER SEEN. U R MY BABY COME AND C ME IN THE COMMON ROOM,not_scam
O we cant see if we can join denis and mina? Or does denis want alone time,not_scam
Sen told that he is going to join his uncle finance in cbe,not_scam
Yup... Hey then one day on fri we can ask miwa and jiayin take leave go karaoke,not_scam
"Call me, i am senthil from hsbc.",not_scam
"Especially since i talk about boston all up in my personal statement, lol! I woulda changed that if i had realized it said nyc! It says boston now.",not_scam
Indeed and by the way it was either or - not both !,not_scam
"Urgent -call 09066649731from Landline. Your complimentary 4* Ibiza Holiday or £10,000 cash await collection SAE T&Cs PO BOX 434 SK3 8WP 150ppm 18+",scam
Holy living christ what is taking you so long,not_scam
Ü thk of wat to eat tonight.,not_scam
"Thanx. Yup we coming back on sun. Finish dinner going back 2 hotel now. Time flies, we're tog 4 exactly a mth today. Hope we'll haf many more mths to come...",not_scam
We're on the opposite side from where we dropped you off,not_scam
Yup. Izzit still raining heavily cos i'm in e mrt i can't c outside.,not_scam
Send me your resume:-),not_scam
Gd luck 4 ur exams :-),not_scam
Or u ask they all if next sat can a not. If all of them can make it then i'm ok lor.,not_scam
Sorry that was my uncle. I.ll keep in touch,not_scam
Saw Guys and Dolls last night with Patrick Swayze it was great,not_scam
URGENT This is our 2nd attempt to contact U. Your £900 prize from YESTERDAY is still awaiting collection. To claim CALL NOW 09061702893,scam
Santa calling! Would your little ones like a call from Santa Xmas Eve? Call 09077818151 to book you time. Calls1.50ppm last 3mins 30s T&C www.santacalling.com,scam
Just come home. I don't want u to be miserable,not_scam
I dont know why she.s not getting your messages,not_scam
"its cool but tyler had to take off so we're gonna buy for him and drop it off at his place later tonight. Our total order is a quarter, you got enough?",not_scam
"The guy at the car shop who was flirting with me got my phone number from the paperwork and called and texted me. I'm nervous because of course now he may have my address. Should i call his boss and tell him, knowing this may get him fired?",not_scam
Reverse is cheating. That is not mathematics.,not_scam
How do you plan to manage that,not_scam
"Er, hello, things didn‘t quite go to plan – is limping slowly home followed by aa and with exhaust hanging off",not_scam
Sorry for the delay. Yes masters,not_scam
Call me when u finish then i come n pick u.,not_scam
PRIVATE! Your 2004 Account Statement for 078498****7 shows 786 unredeemed Bonus Points. To claim call 08719180219 Identifier Code: 45239 Expires 06.05.05,scam
What's up my own oga. Left my phone at home and just saw ur messages. Hope you are good. Have a great weekend.,not_scam
"Don't worry though, I understand how important it is that I be put in my place with a poorly thought out punishment in the face of the worst thing that has ever happened to me. Brb gonna go kill myself",not_scam
"Honey, can you pls find out how much they sell Predicte in Nigeria. And how many times can it be used. Its very important to have a reply before monday",not_scam
E admin building there? I might b slightly earlier... I'll call u when i'm reaching...,not_scam
"fyi I'm at usf now, swing by the room whenever",not_scam
i can call in  &lt;#&gt;  min if thats ok,not_scam
Ummmmmaah Many many happy returns of d day my dear sweet heart.. HAPPY BIRTHDAY dear,not_scam
Ü no home work to do meh...,not_scam
Anything is valuable in only 2 situations: First- Before getting it... Second- After loosing it...,not_scam
Me too. Mark is taking forever to pick up my prescription and the pain is coming back.,not_scam
How's ur paper?,not_scam
Got smaller capacity one? Quite ex...,not_scam
Check Out Choose Your Babe Videos @ sms.shsex.netUN fgkslpoPW fgkslpo,scam
Im good! I have been thinking about you...,not_scam
u r a winner U ave been specially selected 2 receive £1000 cash or a 4* holiday (flights inc) speak to a live operator 2 claim 0871277810710p/min (18 ),scam
:-) :-),not_scam
Not thought bout it... || Drink in tap & spile at seven. || Is that pub on gas st off broad st by canal. || Ok?,not_scam
I am going to sleep. I am tired of travel.,not_scam
"Haha, just what I was thinkin",not_scam
Yup but it's not giving me problems now so mayb i'll jus leave it...,not_scam
Lol no. Just trying to make your day a little more interesting,not_scam
"How long before you get reply, just defer admission til next semester",not_scam
"The word ""Checkmate"" in chess comes from the Persian phrase ""Shah Maat"" which means; ""the king is dead.."" Goodmorning.. Have a good day..:)",not_scam
Po de :-):):-):-):-). No need job aha.,not_scam
Rats. Hey did u ever vote for the next themes?,not_scam
"New Mobiles from 2004, MUST GO! Txt: NOKIA to No: 89545 & collect yours today! From ONLY £1. www.4-tc.biz 2optout 087187262701.50gbp/mtmsg18 TXTAUCTION.",scam
I hope your pee burns tonite.,not_scam
"OH RITE. WELL IM WITH MY BEST MATE PETE, WHO I WENT OUT WITH 4 A WEEK+ NOW WERE 2GEVA AGAIN. ITS BEEN LONGER THAN A WEEK.",not_scam
Yay can't wait to party together!,not_scam
....photoshop makes my computer shut down.,not_scam
All boys made fun of me today. Ok i have no problem. I just sent one message just for fun,not_scam
That's one of the issues but california is okay. No snow so its manageable,not_scam
PRIVATE! Your 2003 Account Statement for shows 800 un-redeemed S. I. M. points. Call 08715203652 Identifier Code: 42810 Expires 29/10/0,scam
"Hmmm.... Mayb can try e shoppin area one, but forgot e name of hotel...",not_scam
"Awesome, that gonna be soon or later tonight?",not_scam
I need details about that online job.,not_scam
YOU HAVE WON! As a valued Vodafone customer our computer has picked YOU to win a £150 prize. To collect is easy. Just call 09061743386,scam
Missing you too.pray inshah allah,not_scam
Pls help me tell Ashley that i cant find her number oh,not_scam
I am in escape theatre now. . Going to watch KAVALAN in a few minutes,not_scam
S.this will increase the chance of winning.,not_scam
either way works for me. I am  &lt;#&gt;  years old. Hope that doesnt bother you.,not_scam
Maybe you should find something else to do instead???,not_scam
Gain the rights of a wife.dont demand it.i am trying as husband too.Lets see,not_scam
I liked your new house,not_scam
I'm fine. Hope you are also,not_scam
"Also north carolina and texas atm, you would just go to the gre site and pay for the test results to be sent.",not_scam
Same to u...,not_scam
yes baby! I need to stretch open your pussy!,not_scam
Thanks  and ! Or bomb and date as my phone wanted to say!,not_scam
Ok...,not_scam
"Hey, a guy I know is breathing down my neck to get him some bud, anyway you'd be able to get a half track to usf tonight?",not_scam
"""Response"" is one of d powerful weapon 2 occupy a place in others 'HEART'... So, always give response 2 who cares 4 U""... Gud night..swt dreams..take care",not_scam
Nokia phone is lovly..,not_scam
**FREE MESSAGE**Thanks for using the Auction Subscription Service. 18 . 150p/MSGRCVD 2 Skip an Auction txt OUT. 2 Unsubscribe txt STOP CustomerCare 08718726270,scam
Bored housewives! Chat n date now! 0871750.77.11! BT-national rate 10p/min only from landlines!,scam
Sorry da..today i wont come to play..i have driving clas..,not_scam
I'm really sorry I lit your hair on fire,not_scam
"Oh! Shit, I thought that was your trip! Loooooool ... That just makes SO much more sense now ... *grins* and the sofa reference was ... The ""sleep on a couch"" link you sent me ... Wasn't that how you went on your trip ? Oh ... And didn't your babe go with you for that celebration with your rents?",not_scam
Okey dokey swashbuckling stuff what oh.,not_scam
"Watching cartoon, listening music &amp; at eve had to go temple &amp; church.. What about u?",not_scam
1. Tension face 2. Smiling face 3. Waste face 4. Innocent face 5.Terror face 6.Cruel face 7.Romantic face 8.Lovable face 9.decent face  &lt;#&gt; .joker face.,not_scam
Dip's cell dead. So i m coming with him. U better respond else we shall come back.,not_scam
Well. You know what i mean. Texting,not_scam
Hi dis is yijue i would be happy to work wif ü all for gek1510...,not_scam
Lol! Oops sorry! Have fun.,not_scam
Wat happened to the cruise thing,not_scam
"I know dat feelin had it with Pete! Wuld get with em , nuther place nuther time mayb?",not_scam
lyricalladie(21/F) is inviting you to be her friend. Reply YES-910 or NO-910. See her: www.SMS.ac/u/hmmross STOP? Send STOP FRND to 62468,scam
The world's most happiest frnds never have the same characters... Dey just have the best understanding of their differences...,not_scam
No 1 POLYPHONIC tone 4 ur mob every week! Just txt PT2 to 87575. 1st Tone FREE ! so get txtin now and tell ur friends. 150p/tone. 16 reply HL 4info,scam
Yeah just open chat and click friend lists. Then make the list. Easy as pie,not_scam
alright tyler's got a minor crisis and has to be home sooner than he thought so be here asap,not_scam
When/where do I pick you up,not_scam
As usual u can call me ard 10 smth.,not_scam
"New Theory: Argument wins d SITUATION, but loses the PERSON. So dont argue with ur friends just.. . . . kick them &amp; say, I'm always correct.!",not_scam
For many things its an antibiotic and it can be used for chest abdomen and gynae infections even bone infections.,not_scam
Poor girl can't go one day lmao,not_scam
Or just do that 6times,not_scam
Todays Vodafone numbers ending with 4882 are selected to a receive a £350 award. If your number matches call 09064019014 to receive your £350 award.,scam
You have to pls make a note of all she.s exposed to. Also find out from her school if anyone else was vomiting. Is there a dog or cat in the house? Let me know later.,not_scam
"Japanese Proverb: If one Can do it, U too Can do it, If none Can do it,U must do it Indian version: If one Can do it, LET HIM DO it.. If none Can do it,LEAVE it!! And finally Kerala version: If one can do it, Stop him doing it.. If none can do it, Make a strike against it ...",not_scam
Sounds like there could be a lot of time spent in that chastity device boy ... *grins* ... Or take your beatings like a good dog. Going to lounge in a nice long bath now ?,not_scam
Its worse if if uses half way then stops. Its better for him to complete it.,not_scam
Miserable. They don't tell u that the side effects of birth control are massive gut wrenching cramps for the first 2 months. I didn't sleep at all last night.,not_scam
Send me the new number,not_scam
Convey my regards to him,not_scam
Want the latest Video handset? 750 anytime any network mins? Half price line rental? Reply or call 08000930705 for delivery tomorrow,scam
2 and half years i missed your friendship:-),not_scam
I cant pick the phone right now. Pls send a message,not_scam
Oh for fuck's sake she's in like tallahassee,not_scam
"Haha, that was the first person I was gonna ask",not_scam
"ou are guaranteed the latest Nokia Phone, a 40GB iPod MP3 player or a £500 prize! Txt word: COLLECT to No: 83355! IBHltd LdnW15H 150p/Mtmsgrcvd18",scam
Taka lor. Wat time u wan 2 come n look 4 us?,not_scam
* FREE* POLYPHONIC RINGTONE Text SUPER to 87131 to get your FREE POLY TONE of the week now! 16 SN PoBox202 NR31 7ZS subscription 450pw,scam
"""I;m reaching in another 2 stops.""",not_scam
"no, i *didn't* mean to post it. I wrote it, and like so many other times i've ritten stuff to you, i let it sit there. it WAS what i was feeling at the time. I was angry. Before i left, i hit send, then stop. It wasn't there. I checked on my phone when i got to my car. It wasn't there. You said you didn't sleep, you were bored. So why wouldn't THAT be the time to clean, fold laundry, etc.? At least make the bed?",not_scam
Warner Village 83118 C Colin Farrell in SWAT this wkend @Warner Village & get 1 free med. Popcorn!Just show msg+ticket@kiosk.Valid 4-7/12. C t&c @kiosk. Reply SONY 4 mre film offers,scam
Will you come online today night,not_scam
Then anything special?,not_scam
"I'm in solihull, | do you want anything?",not_scam
Will do. Have a good day,not_scam
WE REGRET TO INFORM U THAT THE NHS HAS MADE A MISTAKE.U WERE NEVER ACTUALLY BORN.PLEASE REPORT 2 YOR LOCAL HOSPITAL 2B TERMINATED.WE R SORRY 4 THE INCONVENIENCE,not_scam
Love that holiday Monday feeling even if I have to go to the dentists in an hour,not_scam
I am on the way to tirupur.,not_scam
"Goal! Arsenal 4 (Henry, 7 v Liverpool 2 Henry scores with a simple shot from 6 yards from a pass by Bergkamp to give Arsenal a 2 goal margin after 78 mins.",scam
You've already got a flaky parent. It'snot supposed to be the child's job to support the parent...not until they're The Ride age anyway. I'm supposed to be there to support you. And now i've hurt you. unintentional. But hurt nonetheless.,not_scam
We took hooch for a walk toaday and i fell over! Splat! Grazed my knees and everything! Should have stayed at home! See you tomorrow!,not_scam
"Just dropped em off, omw back now",not_scam
"This is the 2nd time we have tried 2 contact u. U have won the 750 Pound prize. 2 claim is easy, call 08712101358 NOW! Only 10p per min. BT-national-rate",scam
Sitting in mu waiting for everyone to get out of my suite so I can take a shower,not_scam
Re your call; You didn't see my facebook huh?,not_scam
"G says you never answer your texts, confirm/deny",not_scam
"Its so common hearin How r u? Wat r u doing? How was ur day? So let me ask u something different. Did u smile today? If not, do it now.... Gud evng.",not_scam
Hi Dear Call me its urgnt. I don't know whats your problem. You don't want to work or if you have any other problem at least tell me. Wating for your reply.,not_scam
Oh yah... We never cancel leh... Haha,not_scam
We can go 4 e normal pilates after our intro...,not_scam
Ok... Let u noe when i leave my house.,not_scam
"Oh yes, why is it like torture watching england?",not_scam
Wanna do some art?! :D,not_scam
Just hopeing that wasn‘t too pissed up to remember and has gone off to his sisters or something!,not_scam
"Got what it takes 2 take part in the WRC Rally in Oz? U can with Lucozade Energy! Text RALLY LE to 61200 (25p), see packs or lucozade.co.uk/wrc & itcould be u!",scam
"Hi, the SEXYCHAT girls are waiting for you to text them. Text now for a great night chatting. send STOP to stop this service",scam
"Good morning, my boytoy! How's those yummy lips ? Where's my sexy buns now ? What do you do ? Do you think of me ? Do you crave me ? Do you need me ?",not_scam
Match started.india  &lt;#&gt;  for 2,not_scam
Once free call me sir.,not_scam
Hey do you want anything to buy:),not_scam
"Hey babe, how's it going ? Did you ever figure out where your going for New Years ?",not_scam
K..k.:)congratulation ..,not_scam
G wants to know where the fuck you are,not_scam
No it was cancelled yeah baby! Well that sounds important so i understand my darlin give me a ring later on this fone love Kate x,not_scam
Tomarrow i want to got to court. At  &lt;DECIMAL&gt; . So you come to bus stand at 9.,not_scam
Ü go home liao? Ask dad to pick me up at 6...,not_scam
Omg you can make a wedding chapel in frontierville? Why do they get all the good stuff?,not_scam
"I'm eatin now lor, but goin back to work soon... E mountain deer show huh... I watch b4 liao, very nice...",not_scam
Check mail.i have mailed varma and kept copy to you regarding membership.take care.insha allah.,not_scam
Wrong phone! This phone! I answer this one but assume the other is people i don't well,not_scam
"Anyway I don't think I can secure anything up here, lemme know if you want me to drive down south and chill",not_scam
I'm already back home so no probably not,not_scam
Great News! Call FREEFONE 08006344447 to claim your guaranteed £1000 CASH or £2000 gift. Speak to a live operator NOW!,scam
"Hi this is Amy, we will be sending you a free phone number in a couple of days, which will give you an access to all the adult parties...",scam
I am in bus on the way to calicut,not_scam
Hi its me you are probably having too much fun to get this message but i thought id txt u cos im bored! and james has been farting at me all night,not_scam
hi baby im sat on the bloody bus at the mo and i wont be home until about 7:30 wanna do somethin later? call me later ortxt back jess xx,not_scam
"Welcome to Select, an O2 service with added benefits. You can now call our specially trained advisors FREE from your mobile by dialling 402.",scam
I lost 4 pounds since my doc visit last week woot woot! Now I'm gonna celebrate by stuffing my face!,not_scam
U coming back 4 dinner rite? Dad ask me so i re confirm wif u...,not_scam
Doing my masters. When will you buy a bb cos i have for sale and how's bf,not_scam
"Ahhhh...just woken up!had a bad dream about u tho,so i dont like u right now :) i didnt know anything about comedy night but i guess im up for it.",not_scam
I'm vivek:)i got call from your number.,not_scam
Why didn't u call on your lunch?,not_scam
"What i mean was i left too early to check, cos i'm working a 9-6.",not_scam
I want  &lt;#&gt;  rs da:)do you have it?,not_scam
"A bit of Ur smile is my hppnss, a drop of Ur tear is my sorrow, a part of Ur heart is my life, a heart like mine wil care for U, forevr as my GOODFRIEND",not_scam
Yup ok...,not_scam
I want to see your pretty pussy...,not_scam
Dear Voucher holder Have your next meal on us. Use the following link on your pc 2 enjoy a 2 4 1 dining experiencehttp://www.vouch4me.com/etlp/dining.asp,scam
"A few people are at the game, I'm at the mall with iouri and kaila",not_scam
URGENT! We are trying to contact U. Todays draw shows that you have won a £2000 prize GUARANTEED. Call 09058094507 from land line. Claim 3030. Valid 12hrs only,scam
You can donate £2.50 to UNICEF's Asian Tsunami disaster support fund by texting DONATE to 864233. £2.50 will be added to your next bill,scam
Future is not what we planned for tomorrow.....! it is the result of what we do today...! Do the best in present... enjoy the future.,not_scam
I will cme i want to go to hos 2morow. After that i wil cme. This what i got from her dear what to do. She didnt say any time,not_scam
We are supposed to meet to discuss abt our trip... Thought xuhui told you? In the afternoon. Thought we can go for lesson after that,not_scam
Hey come online! Use msn... We are all there,not_scam
I'm fine. Hope you are good. Do take care.,not_scam
Oops I was in the shower when u called. Hey a parking garage collapsed at university hospital. See I'm not crazy. Stuff like that DOES happen.,not_scam
Aiyo u so poor thing... Then u dun wan 2 eat? U bathe already?,not_scam
Yar... I tot u knew dis would happen long ago already.,not_scam
You are gorgeous! keep those pix cumming :) thank you!,not_scam
"A boy was late 2 home. His father: ""POWER OF FRNDSHIP""",not_scam
JADE ITS PAUL. Y DIDNT U TXT ME? DO U REMEMBER ME FROM BARMED? I WANT 2 TALK 2 U! TXT ME,not_scam
Spending new years with my brother and his family. Lets plan to meet next week. Are you ready to be spoiled? :),not_scam
So what u doing today?,not_scam
I said its okay. Sorry,not_scam
Slept? I thinkThis time ( &lt;#&gt;  pm) is not dangerous,not_scam
Networking job is there.,not_scam
goldviking (29/M) is inviting you to be his friend. Reply YES-762 or NO-762 See him: www.SMS.ac/u/goldviking STOP? Send STOP FRND to 62468,scam
Dont let studying stress you out. L8r.,not_scam
That's y u haf 2 keep me busy...,not_scam
No rushing. I'm not working. I'm in school so if we rush we go hungry.,not_scam
Which channel:-):-):):-).,not_scam
So your telling me I coulda been your real Valentine and I wasn't? U never pick me for NOTHING!!,not_scam
Phony £350 award - Todays Voda numbers ending XXXX are selected to receive a £350 award. If you have a match please call 08712300220 quoting claim code 3100 standard rates app,scam
"We made it! Eta at taunton is 12:30 as planned, hope that‘s still okday?! Good to see you! :-xx",not_scam
I'm hungry buy smth home...,not_scam
"""HEY KATE, HOPE UR OK... WILL GIVE U A BUZ WEDLUNCH. GO OUTSOMEWHERE 4 ADRINK IN TOWN..CUD GO 2WATERSHD 4 A BIT? PPL FROMWRK WILL BTHERE. LOVE PETEXXX.""",not_scam
My drive can only be read. I need to write,not_scam
"Just looked it up and addie goes back Monday, sucks to be her",not_scam
Happy new year. Hope you are having a good semester,not_scam
Esplanade lor. Where else...,not_scam
Can you talk with me..,not_scam
"Hmph. Go head, big baller.",not_scam
Well its not like you actually called someone a punto. That woulda been worse.,not_scam
"Nope. Since ayo travelled, he has forgotten his guy",not_scam
You still around? Looking to pick up later,not_scam
CDs 4u: Congratulations ur awarded £500 of CD gift vouchers or £125 gift guaranteed & Freeentry 2 £100 wkly draw xt MUSIC to 87066 TnCs www.ldew.com1win150ppmx3age16,scam
There's someone here that has a year  &lt;#&gt;  toyota camry like mr olayiwola's own. Mileage is  &lt;#&gt; k.its clean but i need to know how much will it sell for. If i can raise the dough for it how soon after landing will it sell. Holla back.,not_scam
Guess which pub im in? Im as happy as a pig in clover or whatever the saying is!,not_scam
ILL B DOWN SOON,not_scam
Oh k. . I will come tomorrow,not_scam
Go fool dont cheat others ok,not_scam
"My mobile number.pls sms ur mail id.convey regards to achan,amma.Rakhesh.Qatar",not_scam
"By the way, 'rencontre' is to meet again. Mountains dont....",not_scam
You have WON a guaranteed £1000 cash or a £2000 prize. To claim yr prize call our customer service representative on 08714712412 between 10am-7pm Cost 10p,scam
U attend ur driving lesson how many times a wk n which day?,not_scam
"Uncle G, just checking up on you. Do have a rewarding month",not_scam
Hello boytoy ! Geeee ... I'm missing you today. I like to send you a tm and remind you I'm thinking of you ... And you are loved ... *loving kiss*,not_scam
I think the other two still need to get cash but we can def be ready by 9,not_scam
Hey gals...U all wanna meet 4 dinner at nìte?,not_scam
Dear 0776xxxxxxx U've been invited to XCHAT. This is our final attempt to contact u! Txt CHAT to 86688 150p/MsgrcvdHG/Suite342/2Lands/Row/W1J6HL LDN 18yrs,scam
Babe ! What are you doing ? Where are you ? Who are you talking to ? Do you think of me ? Are you being a good boy? Are you missing me? Do you love me ?,not_scam
Great! How is the office today?,not_scam
"It's cool, we can last a little while. Getting more any time soon?",not_scam
:-( sad puppy noise,not_scam
Yes its possible but dint try. Pls dont tell to any one k,not_scam
Anyway holla at me whenever you're around because I need an excuse to go creep on people in sarasota,not_scam
Where you. What happen,not_scam
I was gonna ask you lol but i think its at 7,not_scam
Ur cash-balance is currently 500 pounds - to maximize ur cash-in now send GO to 86688 only 150p/meg. CC: 08718720201 HG/Suite342/2lands Row/W1j6HL,scam
PRIVATE! Your 2003 Account Statement for shows 800 un-redeemed S.I.M. points. Call 08715203685 Identifier Code:4xx26 Expires 13/10/04,scam
Go chase after her and run her over while she's crossing the street,not_scam
I'd like to tell you my deepest darkest fantasies. Call me 09094646631 just 60p/min. To stop texts call 08712460324 (nat rate),scam
Is there coming friday is leave for pongal?do you get any news from your work place.,not_scam
Hey... Very inconvenient for your sis a not huh?,not_scam
Ok i vl..do u know i got adsense approved..,not_scam
"* Was really good to see you the other day dudette, been missing you!",not_scam
I want to go to perumbavoor,not_scam
How many times i told in the stage all use to laugh. You not listen aha.,not_scam
You won't believe it but it's true. It's Incredible Txts! Reply G now to learn truly amazing things that will blow your mind. From O2FWD only 18p/txt,scam
(You didn't hear it from me),not_scam
Thanks for being there for me just to talk to on saturday. You are very dear to me. I cherish having you as a brother and role model.,not_scam
Pls clarify back if an open return ticket that i have can be preponed for me to go back to kerala.,not_scam
Natalie (20/F) is inviting you to be her friend. Reply YES-165 or NO-165 See her: www.SMS.ac/u/natalie2k9 STOP? Send STOP FRND to 62468,scam
She ran off with a younger man. we will make pretty babies together :),not_scam
Jamster! To get your free wallpaper text HEART to 88888 now! T&C apply. 16 only. Need Help? Call 08701213186.,scam
O ic lol. Should play 9 doors sometime yo,not_scam
"Dunno, my dad said he coming home 2 bring us out 4 lunch. Yup i go w u lor. I call u when i reach school lor...",not_scam
"We have sent JD for Customer Service cum Accounts Executive to ur mail id, For details contact us",not_scam
Desires- u going to doctor 4 liver. And get a bit stylish. Get ur hair managed. Thats it.,not_scam
Hmmm.still we dont have opener?,not_scam
Yeah so basically any time next week you can get away from your mom &amp; get up before 3,not_scam
"Edison has rightly said, ""A fool can ask more questions than a wise man can answer"" Now you know why all of us are speechless during ViVa.. GM,GN,GE,GNT:-)",not_scam
I will vote for wherever my heart guides me,not_scam
With my sis lor... We juz watched italian job.,not_scam
"Tick, tick, tick .... Where are you ? I could die of loneliness you know ! *pouts* *stomps feet* I need you ...",not_scam
Lmao you know me so well...,not_scam
Double Mins & Double Txt & 1/2 price Linerental on Latest Orange Bluetooth mobiles. Call MobileUpd8 for the very latest offers. 08000839402 or call2optout/LF56,scam
Am on a train back from northampton so i'm afraid not! I'm staying skyving off today ho ho! Will be around wednesday though. Do you fancy the comedy club this week by the way?,not_scam
Goodnight da thangam I really miss u dear.,not_scam
Hey next sun 1030 there's a basic yoga course... at bugis... We can go for that... Pilates intro next sat.... Tell me what time you r free,not_scam
"Geeeee ... Your internet is really bad today, eh ?",not_scam
Free video camera phones with Half Price line rental for 12 mths and 500 cross ntwk mins 100 txts. Call MobileUpd8 08001950382 or Call2OptOut/674,scam
I think i am disturbing her da,not_scam
"Sorry, I'll call you  later. I am in meeting sir.",not_scam
Havent stuck at orchard in my dad's car. Going 4 dinner now. U leh? So r they free tonight?,not_scam
Ok i also wan 2 watch e 9 pm show...,not_scam
I dunno lei... Like dun haf...,not_scam
But your brother transfered only  &lt;#&gt;  +  &lt;#&gt; . Pa.,not_scam
I calls you later. Afternoon onwords mtnl service get problem in south mumbai. I can hear you but you cann't listen me.,not_scam
83039 62735=£450 UK Break AccommodationVouchers terms & conditions apply. 2 claim you mustprovide your claim number which is 15541,scam
Talk to g and x about that,not_scam
Hai dear friends... This is my new &amp; present number..:) By Rajitha Raj (Ranju),not_scam
5p 4 alfie Moon's Children in need song on ur mob. Tell ur m8s. Txt Tone charity to 8007 for Nokias or Poly charity for polys: zed 08701417012 profit 2 charity.,scam
As in different styles?,not_scam
WIN a £200 Shopping spree every WEEK Starting NOW. 2 play text STORE to 88039. SkilGme. TsCs08714740323 1Winawk! age16 £1.50perweeksub.,scam
Gud ni8 dear..slp well..take care..swt dreams..Muah..,not_scam
I want to sent  &lt;#&gt; mesages today. Thats y. Sorry if i hurts,not_scam
"This is the 2nd attempt to contract U, you have won this weeks top prize of either £1000 cash or £200 prize. Just call 09066361921",scam
"Well, i'm glad you didn't find it totally disagreeable ... Lol",not_scam
"Guy, no flash me now. If you go call me, call me. How madam. Take care oh.",not_scam
Do you want a New Nokia 3510i colour phone DeliveredTomorrow? With 300 free minutes to any mobile + 100 free texts + Free Camcorder reply or call 08000930705.,scam
Mark works tomorrow. He gets out at 5. His work is by your house so he can meet u afterwards.,not_scam
"""Keep ur problems in ur heart, b'coz nobody will fight for u. Only u &amp; u have to fight for ur self &amp; win the battle. -VIVEKANAND- G 9t.. SD..",not_scam
"Yeah, give me a call if you've got a minute",not_scam
"""HI BABE UAWAKE?FEELLIKW SHIT.JUSTFOUND OUT VIA ALETTER THATMUM GOTMARRIED 4thNOV.BEHIND OURBACKS  FUCKINNICE!SELFISH,DEVIOUSBITCH.ANYWAY,IL CALL U""",not_scam
Amazing : If you rearrange these letters it gives the same meaning... Dormitory = Dirty room Astronomer = Moon starer The eyes = They see Election results = Lies lets recount Mother-in-law = Woman Hitler Eleven plus two =Twelve plus one Its Amazing... !:-),not_scam
Aiya we discuss later lar... Pick ü up at 4 is it?,not_scam
Hey happy birthday...,not_scam
Sorry i missed your call. Can you please call back.,not_scam
Omg if its not one thing its another. My cat has worms :/ when does this bad day end?,not_scam
"Good morning, im suffering from fever and dysentry ..will not be able to come to office today.",not_scam
I wont do anything de.,not_scam
What type of stuff do you sing?,not_scam
"St andre, virgil's cream",not_scam
No no. I will check all rooms befor activities,not_scam
"My fri ah... Okie lor,goin 4 my drivin den go shoppin after tt...",not_scam
Gokila is talking with you aha:),not_scam
"Hi Shanil,Rakhesh here.thanks,i have exchanged the uncut diamond stuff.leaving back. Excellent service by Dino and Prem.",not_scam
K.k.this month kotees birthday know?,not_scam
But i'm really really broke oh. No amount is too small even  &lt;#&gt;,not_scam
Sorry about that this is my mates phone and i didnt write it love Kate,not_scam
"TheMob>Hit the link to get a premium Pink Panther game, the new no. 1 from Sugababes, a crazy Zebra animation or a badass Hoody wallpaper-all 4 FREE!",scam
"Ah, well that confuses things, doesnt it? I thought was friends with now. Maybe i did the wrong thing but i already sort of invited -tho he may not come cos of money.",not_scam
"Aight, call me once you're close",not_scam
Nope thats fine. I might have a nap tho!,not_scam
This msg is for your mobile content order It has been resent as previous attempt failed due to network error Queries to customersqueries@netvision.uk.com,scam
In other news after hassling me to get him weed for a week andres has no money. HAUGHAIGHGTUJHYGUJ,not_scam
"A Boy loved a gal. He propsd bt she didnt mind. He gv lv lttrs, Bt her frnds threw thm. Again d boy decided 2 aproach d gal , dt time a truck was speeding towards d gal. Wn it was about 2 hit d girl,d boy ran like hell n saved her. She asked 'hw cn u run so fast?' D boy replied ""Boost is d secret of my energy"" n instantly d girl shouted ""our energy"" n Thy lived happily 2gthr drinking boost evrydy Moral of d story:- I hv free msgs:D;): gud ni8",not_scam
I wnt to buy a BMW car urgently..its vry urgent.but hv a shortage of  &lt;#&gt; Lacs.there is no source to arng dis amt. &lt;#&gt; lacs..thats my prob,not_scam
Ding me on ya break fassyole! Blacko from londn,not_scam
I REALLY NEED 2 KISS U I MISS U MY BABY FROM UR BABY 4EVA,not_scam
"The sign of maturity is not when we start saying big things.. But actually it is, when we start understanding small things... *HAVE A NICE EVENING* BSLVYL",not_scam
Oh you got many responsibilities.,not_scam
You have 1 new message. Please call 08715205273,scam
I've reached sch already...,not_scam
December only! Had your mobile 11mths+? You are entitled to update to the latest colour camera mobile for Free! Call The Mobile Update VCo FREE on 08002986906,scam
U definitely need a module from e humanities dis sem izzit? U wan 2 take other modules 1st?,not_scam
Argh why the fuck is nobody in town ;_;,not_scam
"Get 3 Lions England tone, reply lionm 4 mono or lionp 4 poly. 4 more go 2 www.ringtones.co.uk, the original n best. Tones 3GBP network operator rates apply.",scam
Thanks. Fills me with complete calm and reassurance!,not_scam
Aslamalaikkum....insha allah tohar beeen muht albi mufti mahfuuz...meaning same here....,not_scam
Are you driving or training?,not_scam
Lol for real. She told my dad I have cancer,not_scam
PRIVATE! Your 2003 Account Statement for 078,scam
"Oops I did have it,  &lt;#&gt; ?",not_scam
"""NOT ENUFCREDEIT TOCALL.SHALL ILEAVE UNI AT 6 +GET A BUS TO YOR HOUSE?""",not_scam
"Hi Chikku, send some nice msgs",not_scam
"He is impossible to argue with and he always treats me like his sub, like he never released me ... Which he did and I will remind him of that if necessary",not_scam
"After my work ah... Den 6 plus lor... U workin oso rite... Den go orchard lor, no other place to go liao...",not_scam
"To the wonderful Okors, have a great month. We cherish you guys and wish you well each day. MojiBiola",not_scam
Cuz ibored. And don wanna study,not_scam
Wot about on wed nite I am 3 then but only til 9!,not_scam
"Rose for red,red for blood,blood for heart,heart for u. But u for me.... Send tis to all ur friends.. Including me.. If u like me.. If u get back, 1-u r poor in relation! 2-u need some 1 to support 3-u r frnd 2 many 4-some1 luvs u 5+- some1 is praying god to marry u.:-) try it....",not_scam
Any way where are you and what doing.,not_scam
That sucks. I'll go over so u can do my hair. You'll do it free right?,not_scam
it's still not working. And this time i also tried adding zeros. That was the savings. The checking is  &lt;#&gt;,not_scam
"Hmm... Dunno leh, mayb a bag 4 goigng out dat is not too small. Or jus anything except perfume, smth dat i can keep.",not_scam
Sday only joined.so training we started today:),not_scam
Sorry * was at the grocers.,not_scam
There are some nice pubs near here or there is Frankie n Bennys near the warner cinema?,not_scam
"YOU VE WON! Your 4* Costa Del Sol Holiday or £5000 await collection. Call 09050090044 Now toClaim. SAE, TC s, POBox334, Stockport, SK38xh, Cost£1.50/pm, Max10mins",scam
Yup... I havent been there before... You want to go for the yoga? I can call up to book,not_scam
Oh shut it. Omg yesterday I had a dream that I had 2 kids both boys. I was so pissed. Not only about the kids but them being boys. I even told mark in my dream that he was changing diapers cause I'm not getting owed in the face.,not_scam
Yeah I imagine he would be really gentle. Unlike the other docs who treat their patients like turkeys.,not_scam
FREE for 1st week! No1 Nokia tone 4 ur mobile every week just txt NOKIA to 8077 Get txting and tell ur mates. www.getzed.co.uk POBox 36504 W45WQ 16+ norm150p/tone,scam
Now that you have started dont stop. Just pray for more good ideas and anything i see that can help you guys i.ll forward you a link.,not_scam
Hi darlin im on helens fone im gonna b up the princes 2 nite please come up tb love Kate,not_scam
I'm in office now da:)where are you?,not_scam
Aiyar u so poor thing... I give u my support k... Jia you! I'll think of u...,not_scam
Oh unintentionally not bad timing. Great. Fingers  the trains play along! Will give fifteen min warning.,not_scam
Get your garden ready for summer with a FREE selection of summer bulbs and seeds worth £33:50 only with The Scotsman this Saturday. To stop go2 notxt.co.uk,scam
K..then come wenever u lik to come and also tel vikky to come by getting free time..:-),not_scam
Pls call me da. What happen.,not_scam
"Happy new year to u and ur family...may this new year bring happiness , stability and tranquility to ur vibrant colourful life:):)",not_scam
No problem with the renewal. I.ll do it right away but i dont know his details.,not_scam
Idk. I'm sitting here in a stop and shop parking lot right now bawling my eyes out because i feel like i'm a failure in everything. Nobody wants me and now i feel like i'm failing you.,not_scam
Haven't left yet so probably gonna be here til dinner,not_scam
"Like  &lt;#&gt; , same question",not_scam
MY NEW YEARS EVE WAS OK. I WENT TO A PARTY WITH MY BOYFRIEND. WHO IS THIS SI THEN HEY,not_scam
"Sir, I need Velusamy sir's date of birth and company bank facilities details.",not_scam
K k:) sms chat with me.,not_scam
I will come with karnan car. Please wait till 6pm will directly goto doctor.,not_scam
No but the bluray player can,not_scam
Ok... Then r we meeting later?,not_scam
Lol no. I just need to cash in my nitros. Hurry come on before I crash out!,not_scam
Just send a text. We'll skype later.,not_scam
Ok leave no need to ask,not_scam
"Congrats 2 mobile 3G Videophones R yours. call 09063458130 now! videochat wid ur mates, play java games, Dload polypH music, noline rentl. bx420. ip4. 5we. 150p",scam
Ü still got lessons?  Ü in sch?,not_scam
Y she dun believe leh? I tot i told her it's true already. I thk she muz c us tog then she believe.,not_scam
Oh did you charge camera,not_scam
"I‘ve got some salt, you can rub it in my open wounds if you like!",not_scam
Now i'm going for lunch.,not_scam
I'm in school now n i'll be in da lab doing some stuff give me a call when ü r done.,not_scam
Oh k. . I will come tomorrow,not_scam
"Aight, text me tonight and we'll see what's up",not_scam
U 2.,not_scam
Water logging in desert. Geoenvironmental implications.,not_scam
Raji..pls do me a favour. Pls convey my Birthday wishes to Nimya. Pls. Today is her birthday.,not_scam
Company is very good.environment is terrific and food is really nice:),not_scam
"Very strange.  and  are watching the 2nd one now but i'm in bed. Sweet dreams, miss u",not_scam
SMS AUCTION - A BRAND NEW Nokia 7250 is up 4 auction today! Auction is FREE 2 join & take part! Txt NOKIA to 86021 now!,scam
"Hi hope u r both ok, he said he would text and he hasn't, have u seen him, let me down gently please",not_scam
"Babe! I fucking love you too !! You know? Fuck it was so good to hear your voice. I so need that. I crave it. I can't get enough. I adore you, Ahmad *kisses*",not_scam
K sure am in my relatives home. Sms me de. Pls:-),not_scam
I sent them. Do you like?,not_scam
"Fuuuuck I need to stop sleepin, sup",not_scam
I'm in town now so i'll jus take mrt down later.,not_scam
I just cooked a rather nice salmon a la you,not_scam
I uploaded mine to Facebook,not_scam
WHAT TIME U WRKIN?,not_scam
Okie,not_scam
ree entry in 2 a weekly comp for a chance to win an ipod. Txt POD to 80182 to get entry (std txt rate) T&C's apply 08452810073 for details 18+,scam
Our records indicate u maybe entitled to 5000 pounds in compensation for the Accident you had. To claim 4 free reply with CLAIM to this msg. 2 stop txt STOP,scam
"Sorry, I'll call later",not_scam
Oh oh... Den muz change plan liao... Go back have to yan jiu again...,not_scam
"It's wylie, you in tampa or sarasota?",not_scam
Ok... Take ur time n enjoy ur dinner...,not_scam
Darren was saying dat if u meeting da ge den we dun meet 4 dinner. Cos later u leave xy will feel awkward. Den u meet him 4 lunch lor.,not_scam
"Spook up your mob with a Halloween collection of a logo & pic message plus a free eerie tone, txt CARD SPOOK to 8007 zed 08701417012150p per logo/pic",scam
I like cheap! But i‘m happy to splash out on the wine if it makes you feel better..,not_scam
She.s fine. I have had difficulties with her phone. It works with mine. Can you pls send her another friend request.,not_scam
Ugh my leg hurts. Musta overdid it on mon.,not_scam
Call Germany for only 1 pence per minute! Call from a fixed line via access number 0844 861 85 85. No prepayment. Direct access! www.telediscount.co.uk,scam
"YOU VE WON! Your 4* Costa Del Sol Holiday or £5000 await collection. Call 09050090044 Now toClaim. SAE, TC s, POBox334, Stockport, SK38xh, Cost£1.50/pm, Max10mins",scam
WOT STUDENT DISCOUNT CAN U GET ON BOOKS?,not_scam
Me fine..absolutly fine,not_scam
How come she can get it? Should b quite diff to guess rite...,not_scam
Had your mobile 11mths ? Update for FREE to Oranges latest colour camera mobiles & unlimited weekend calls. Call Mobile Upd8 on freefone 08000839402 or 2StopTxt,scam
I will reach ur home in  &lt;#&gt;  minutes,not_scam
"Babe, I'm answering you, can't you see me ? Maybe you'd better reboot YM ... I got the photo ... It's great !",not_scam
Hi.what you think about match?,not_scam
"I know you are thinkin malaria. But relax, children cant handle malaria. She would have been worse and its gastroenteritis. If she takes enough to replace her loss her temp will reduce. And if you give her malaria meds now she will just vomit. Its a self limiting illness she has which means in a few days it will completely stop",not_scam
Dai i downloaded but there is only exe file which i can only run that exe after installing.,not_scam
It is only yesterday true true.,not_scam
K.k.how is your business now?,not_scam
3 pa but not selected.,not_scam
Natalja (25/F) is inviting you to be her friend. Reply YES-440 or NO-440 See her: www.SMS.ac/u/nat27081980 STOP? Send STOP FRND to 62468,scam
I keep ten rs in my shelf:) buy two egg.,not_scam
I am late. I will be there at,not_scam
Well thats nice. Too bad i cant eat it,not_scam
I accidentally brought em home in the box,not_scam
Pls she needs to dat slowly or she will vomit more.,not_scam
I have to take exam with in march 3,not_scam
"Jane babes not goin 2 wrk, feel ill after lst nite. Foned in already cover 4 me chuck.:-)",not_scam
5 nights...We nt staying at port step liao...Too ex,not_scam
If I die I want u to have all my stuffs.,not_scam
"""OH FUCK. JUSWOKE UP IN A BED ON A BOATIN THE DOCKS. SLEPT WID 25 YEAR OLD. SPINOUT! GIV U DA GOSSIP L8R. XXX""",not_scam
Smile in Pleasure Smile in Pain Smile when trouble pours like Rain Smile when sum1 Hurts U Smile becoz SOMEONE still Loves to see u Smiling!!,not_scam
Prabha..i'm soryda..realy..frm heart i'm sory,not_scam
I re-met alex nichols from middle school and it turns out he's dealing!,not_scam
PRIVATE! Your 2003 Account Statement for <fone no> shows 800 un-redeemed S. I. M. points. Call 08715203656 Identifier Code: 42049 Expires 26/10/04,scam
It means u could not keep ur words.,not_scam
"Nope, I'm still in the market",not_scam
I realise you are a busy guy and i'm trying not to be a bother. I have to get some exams outta the way and then try the cars. Do have a gr8 day,not_scam
YOU ARE CHOSEN TO RECEIVE A £350 AWARD! Pls call claim number 09066364311 to collect your award which you are selected to receive as a valued mobile customer.,scam
Hey what how about your project. Started aha da.,not_scam
Ok cool. See ya then.,not_scam
Am on the uworld site. Am i buying the qbank only or am i buying it with the self assessment also?,not_scam
Your opinion about me? 1. Over 2. Jada 3. Kusruthi 4. Lovable 5. Silent 6. Spl character 7. Not matured 8. Stylish 9. Simple Pls reply..,not_scam
Someonone you know is trying to contact you via our dating service! To find out who it could be call from your mobile or landline 09064015307 BOX334SK38ch,scam
Yeah I can still give you a ride,not_scam
"Jay wants to work out first, how's 4 sound?",not_scam
"Gud gud..k, chikku tke care.. sleep well gud nyt",not_scam
Its a part of checking IQ,not_scam
Hmm thinking lor...,not_scam
Of course ! Don't tease me ... You know I simply must see ! *grins* ... Do keep me posted my prey ... *loving smile* *devouring kiss*,not_scam
thanks for the temales it was wonderful. Thank. Have a great week.,not_scam
Thank you princess! I want to see your nice juicy booty...,not_scam
Haven't eaten all day. I'm sitting here staring at this juicy pizza and I can't eat it. These meds are ruining my life.,not_scam
Gud ni8 dear..slp well..take care..swt dreams..Muah..,not_scam
U come n search tat vid..not finishd..,not_scam
"K I'm leaving soon, be there a little after 9",not_scam
Urgent! Please call 09061213237 from a landline. £5000 cash or a 4* holiday await collection. T &Cs SAE PO Box 177 M227XY. 16+,scam
"Yeah work is fine, started last week, all the same stuff as before, dull but easy and guys are fun!",not_scam
You do your studies alone without anyones help. If you cant no need to study.,not_scam
Please tell me not all of my car keys are in your purse,not_scam
I didnt get anything da,not_scam
Ok... Sweet dreams...,not_scam
Well she's in for a big surprise!,not_scam
"As usual..iam fine, happy &amp; doing well..:)",not_scam
1 in cbe. 2 in chennai.,not_scam
Can help u swoop by picking u up from wherever ur other birds r meeting if u want.,not_scam
If anyone calls for a treadmill say you'll buy it. Make sure its working. I found an ad on Craigslist selling for $ &lt;#&gt; .,not_scam
I absolutely LOVE South Park! I only recently started watching the office.,not_scam
Did you see that film:),not_scam
Pls speak with me. I wont ask anything other then you friendship.,not_scam
"Storming msg: Wen u lift d phne, u say ""HELLO"" Do u knw wt is d real meaning of HELLO?? . . . It's d name of a girl..! . . . Yes.. And u knw who is dat girl?? ""Margaret Hello"" She is d girlfrnd f Grahmbell who invnted telphone... . . . . Moral:One can 4get d name of a person, bt not his girlfrnd... G o o d n i g h t . . .@",not_scam
Gud ni8.swt drms.take care,not_scam
HI DARLIN ITS KATE ARE U UP FOR DOIN SOMETHIN TONIGHT? IM GOING TO A PUB CALLED THE SWAN OR SOMETHING WITH MY PARENTS FOR ONE DRINK SO PHONE ME IF U CAN,not_scam
Anything lar then ü not going home 4 dinner?,not_scam
"""ER, ENJOYIN INDIANS AT THE MO..yeP. SaLL gOoD HehE ;> hows bout u shexy? Pete Xx""",not_scam
"If you don't, your prize will go to another customer. T&C at www.t-c.biz 18+ 150p/min Polo Ltd Suite 373 London W1J 6HL Please call back if busy",scam
Did u fix the teeth?if not do it asap.ok take care.,not_scam
So u wan 2 come for our dinner tonight a not?,not_scam
"Hello.How u doing?What u been up 2?When will u b moving out of the flat, cos I will need to arrange to pick up the lamp, etc. Take care. Hello caroline!",not_scam
Its too late:)but its k.wish you the same.,not_scam
"Hi. Hope ur day * good! Back from walk, table booked for half eight. Let me know when ur coming over.",not_scam
Oh yeah clearly it's my fault,not_scam
Dunno leh cant remember mayb lor. So wat time r we meeting tmr?,not_scam
"Best msg: It's hard to be with a person, when u know that one more step foward will make u fall in love.. &amp; One step back can ruin ur friendship.. good night:-) ...",not_scam
URGENT! Your Mobile number has been awarded with a £2000 prize GUARANTEED. Call 09061790126 from land line. Claim 3030. Valid 12hrs only 150ppm,scam
"Helloooo... Wake up..! ""Sweet"" ""morning"" ""welcomes"" ""You"" ""Enjoy"" ""This Day"" ""with full of joy"".. ""GUD MRNG"".",not_scam
"Vikky, come around  &lt;TIME&gt; ..",not_scam
"And how you will do that, princess? :)",not_scam
I have gone into get info bt dont know what to do,not_scam
"Yeah, probably here for a while",not_scam
Sent me ur email id soon,not_scam
"URGENT! You have won a 1 week FREE membership in our £100,000 Prize Jackpot! Txt the word: CLAIM to No: 81010 T&C www.dbuk.net LCCLTD POBOX 4403LDNW1A7RW18",scam
I'm still pretty weak today .. Bad day ?,not_scam
Hey ! Don't forget ... You are MINE ... For ME ... My possession ... MY property ... MMM ... *childish smile* ...,not_scam
An excellent thought by a misundrstud frnd: I knw u hate me bt the day wen u'll knw the truth u'll hate urself:-( Gn:-),not_scam
Hey! Congrats 2u2. id luv 2 but ive had 2 go home!,not_scam
Dear where you. Call me,not_scam
Xy trying smth now. U eat already? We havent...,not_scam
Urgent! Please call 09061213237 from landline. £5000 cash or a luxury 4* Canary Islands Holiday await collection. T&Cs SAE PO Box 177. M227XY. 150ppm. 16+,scam
I donno its in your genes or something,not_scam
XMAS iscoming & ur awarded either £500 CD gift vouchers & free entry 2 r £100 weekly draw txt MUSIC to 87066 TnC www.Ldew.com1win150ppmx3age16subscription,scam
Alex says he's not ok with you not being ok with it,not_scam
Are u coming to the funeral home,not_scam
My darling sister. How are you doing. When's school resuming. Is there a minimum wait period before you reapply? Do take care,not_scam
I.ll hand her my phone to chat wit u,not_scam
Well good morning mr . Hows london treatin' ya treacle?,not_scam
I can't make it tonight,not_scam
At WHAT TIME should i come tomorrow,not_scam
About  &lt;#&gt; bucks. The banks fees are fixed. Better to call the bank and find out.,not_scam
"I can. But it will tell quite long, cos i haven't finish my film yet...",not_scam
Pls ask macho how much is budget for bb bold 2 is cos i saw a new one for  &lt;#&gt;  dollars.,not_scam
"""Hi missed your Call and my mumHas beendropping red wine all over theplace! what is your adress?""",not_scam
Ill be at yours in about 3 mins but look out for me,not_scam
What you did in  leave.,not_scam
I'm coming back on Thursday. Yay. Is it gonna be ok to get the money. Cheers. Oh yeah and how are you. Everything alright. Hows school. Or do you call it work now,not_scam
"Jolly good! By the way,  will give u tickets for sat eve 7.30. Speak before then x",not_scam
"yeah, that's what I was thinking",not_scam
K.k:)i'm going to tirunelvali this week to see my uncle ..i already spend the amount by taking dress .so only i want money.i will give it on feb 1,not_scam
Here got ur favorite oyster... N got my favorite sashimi... Ok lar i dun say already... Wait ur stomach start rumbling...,not_scam
My sister going to earn more than me da.,not_scam
Get the official ENGLAND poly ringtone or colour flag on yer mobile for tonights game! Text TONE or FLAG to 84199. Optout txt ENG STOP Box39822 W111WX £1.50,scam
Hahaha..use your brain dear,not_scam
Jus finish watching tv... U?,not_scam
"K, fyi I'm back in my parents' place in south tampa so I might need to do the deal somewhere else",not_scam
"Good morning, my Love ... I go to sleep now and wish you a great day full of feeling better and opportunity ... You are my last thought babe, I LOVE YOU *kiss*",not_scam
Kothi print out marandratha.,not_scam
But we havent got da topic yet rite?,not_scam
Ok no problem... Yup i'm going to sch at 4 if i rem correctly...,not_scam
"Thanks, I'll keep that in mind",not_scam
Aah bless! How's your arm?,not_scam
"Dear Sir,Salam Alaikkum.Pride and Pleasure meeting you today at the Tea Shop.We are pleased to send you our contact number at Qatar.Rakhesh an Indian.Pls save our Number.Respectful Regards.",not_scam
"Gal n boy walking in d park. gal-can i hold ur hand? boy-y? do u think i would run away? gal-no, jst wana c how it feels walking in heaven with an prince..GN:-)",not_scam
What makes you most happy?,not_scam
Wishing you a wonderful week.,not_scam
Sweet heart how are you?,not_scam
"Sir, waiting for your letter.",not_scam
Dude im no longer a pisces. Im an aquarius now.,not_scam
X course it 2yrs. Just so her messages on messenger lik you r sending me,not_scam
I think steyn surely get one wicket:),not_scam
"Neither [in sterm voice] - i'm studying. All fine with me! Not sure the  thing will be resolved, tho. Anyway. Have a fab hols",not_scam
"Garbage bags, eggs, jam, bread, hannaford wheat chex",not_scam
No. It's not pride. I'm almost  &lt;#&gt;  years old and shouldn't be takin money from my kid. You're not supposed to have to deal with this stuff. This is grownup stuff--why i don't tell you.,not_scam
Sounds better than my evening im just doing my costume. Im not sure what time i finish tomorrow but i will txt you at the end.,not_scam
My birthday is on feb  &lt;#&gt;  da. .,not_scam
So when do you wanna gym?,not_scam
You'd like that wouldn't you? Jerk!,not_scam
Are u awake? Is there snow there?,not_scam
And of course you should make a stink!,not_scam
"u r subscribed 2 TEXTCOMP 250 wkly comp. 1st wk?s free question follows, subsequent wks charged@150p/msg.2 unsubscribe txt STOP 2 84128,custcare 08712405020",scam
No go. No openings for that room 'til after thanksgiving without an upcharge.,not_scam
When you guys planning on coming over?,not_scam
Wat ü doing now?,not_scam
"My Parents, My Kidz, My Friends n My Colleagues. All screaming.. SURPRISE !! and I was waiting on the sofa.. ... ..... ' NAKED...!",not_scam
No sir. That's why i had an 8-hr trip on the bus last week. Have another audition next wednesday but i think i might drive this time.,not_scam
Do I? I thought I put it back in the box,not_scam
I'm home...,not_scam
No one interested. May be some business plan.,not_scam
Yup it's at paragon... I havent decided whether 2 cut yet... Hee...,not_scam
Good morning princess! Have a great day!,not_scam
Guai... Ü shd haf seen him when he's naughty... Ü so free today? Can go jogging...,not_scam
Aiyo cos i sms ü then ü neva reply so i wait 4 ü to reply lar. I tot ü havent finish ur lab wat.,not_scam
"Living is very simple.. Loving is also simple.. Laughing is too simple.. Winning is tooo simple.. But, Being 'SIMPLE' is very difficult...;-) :-)",not_scam
Tell me something. Thats okay.,not_scam
Ok,not_scam
Hmm. Shall i bring a bottle of wine to keep us amused? Just joking! I'll still bring a bottle. Red or white? See you tomorrow,not_scam
This is ur face test ( 1 2 3 4 5 6 7 8 9  &lt;#&gt;  ) select any number i will tell ur face astrology.... am waiting. quick reply...,not_scam
"Hey, iouri gave me your number, I'm wylie, ryan's friend",not_scam
Yep get with the program. You're slacking.,not_scam
I'm in inside office..still filling forms.don know when they leave me.,not_scam
"I think your mentor is , but not 100 percent sure.",not_scam
Call 09095350301 and send our girls into erotic ecstacy. Just 60p/min. To stop texts call 08712460324 (nat rate),scam
Camera - You are awarded a SiPix Digital Camera! call 09061221066 fromm landline. Delivery within 28 days.,scam
A £400 XMAS REWARD IS WAITING FOR YOU! Our computer has randomly picked you from our loyal mobile customers to receive a £400 reward. Just call 09066380611,scam
Just trying to figure out when I'm suppose to see a couple different people this week. We said we'd get together but I didn't set dates,not_scam
IMPORTANT MESSAGE. This is a final contact attempt. You have important messages waiting out our customer claims dept. Expires 13/4/04. Call 08717507382 NOW!,scam
Hi mom we might be back later than  &lt;#&gt;,not_scam
dating:i have had two of these. Only started after i sent a text to talk sport radio last week. Any connection do you think or coincidence?,scam
"Lol, oh you got a friend for the dog ?",not_scam
"Ok., is any problem to u frm him? Wats matter?",not_scam
"K I'll head out in a few mins, see you there",not_scam
Do u konw waht is rael FRIENDSHIP Im gving yuo an exmpel: Jsut ese tihs msg.. Evrey splleing of tihs msg is wrnog.. Bt sitll yuo can raed it wihtuot ayn mitsake.. GOODNIGHT &amp; HAVE A NICE SLEEP..SWEET DREAMS..,not_scam
I cant pick the phone right now. Pls send a message,not_scam
I don't want you to leave. But i'm barely doing what i can to stay sane. fighting with you constantly isn't helping.,not_scam
The current leading bid is 151. To pause this auction send OUT. Customer Care: 08718726270,scam
"Free entry to the gr8prizes wkly comp 4 a chance to win the latest Nokia 8800, PSP or £250 cash every wk.TXT GREAT to 80878 http//www.gr8prizes.com 08715705022",scam
Somebody set up a website where you can play hold em using eve online spacebucks,not_scam
Its sunny in california. The weather's just cool,not_scam
You have 1 new message. Call 0207-083-6089,scam
"I can make it up there, squeezed  &lt;#&gt;  bucks out of my dad",not_scam
Good day to You too.Pray for me.Remove the teeth as its painful maintaining other stuff.,not_scam
How are you babes. Hope your doing ok. I had a shit nights sleep. I fell asleep at 5.Im knackered and im dreading work tonight. What are thou upto tonight. X,not_scam
How do friends help us in problems? They give the most stupid suggestion that Lands us into another problem and helps us forgt the previous problem,not_scam
I'm at work. Please call,not_scam
I will be gentle baby! Soon you will be taking all  &lt;#&gt;  inches deep inside your tight pussy...,not_scam
NOT MUCH NO FIGHTS. IT WAS A GOOD NITE!!,not_scam
Ok.ok ok..then..whats ur todays plan,not_scam
Nt joking seriously i told,not_scam
Watching ajith film ah?,not_scam
Ooooooh I forgot to tell u I can get on yoville on my phone,not_scam
"All done, all handed in. Don't know if mega shop in asda counts as celebration but thats what i'm doing!",not_scam
I dont know exactly could you ask chechi.,not_scam
Dunno lei shd b driving lor cos i go sch 1 hr oni.,not_scam
As in i want custom officer discount oh.,not_scam
That's necessarily respectful,not_scam
Hi. Hope you had a good day. Have a better night.,not_scam
And he's apparently bffs with carly quick now,not_scam
HARD BUT TRUE: How much you show &amp;  express your love to someone....that much it will hurt when they leave you or you get seperated...!鈥┾??〨ud evening...,not_scam
Babes I think I got ur brolly I left it in English wil bring it in 2mrw 4 u luv Franxx,not_scam
Hi babe its me thanks for coming even though it didnt go that well!i just wanted my bed! Hope to see you soon love and kisses xxx,not_scam
So gd got free ice cream... I oso wan...,not_scam
Pls give her prometazine syrup. 5mls then  &lt;#&gt; mins later feed.,not_scam
So how many days since then?,not_scam
Dear are you angry i was busy dear,not_scam
Yup he msg me: is tat yijue? Then i tot it's my group mate cos we meeting today mah... I'm askin if ü leaving earlier or wat mah cos mayb ü haf to walk v far...,not_scam
... Are you in the pub?,not_scam
There is a first time for everything :),not_scam
"Daddy, shu shu is looking 4 u... U wan me 2 tell him u're not in singapore or wat?",not_scam
I ask if u meeting da ge tmr nite...,not_scam
Gr8. So how do you handle the victoria island traffic. Plus when's the album due,not_scam
Nite nite pocay wocay luv u more than n e thing 4eva I promise ring u 2morrowxxxx,not_scam
East coast,not_scam
You should get more chicken broth if you want ramen unless there's some I don't know about,not_scam
My slave! I want you to take 2 or 3 pictures of yourself today in bright light on your cell phone! Bright light!,not_scam
Nope. I just forgot. Will show next week,not_scam
So how are you really. What are you up to. How's the masters. And so on.,not_scam
I'm at bruce &amp; fowler now but I'm in my mom's car so I can't park (long story),not_scam
I dont know oh. Hopefully this month.,not_scam
"Hi elaine, is today's meeting confirmed?",not_scam
Ok k..sry i knw 2 siva..tats y i askd..,not_scam
"Sorry, I'll call later",not_scam
U horrible gal... U knew dat i was going out wif him yest n u still come n ask me...,not_scam
Otherwise had part time job na-tuition..,not_scam
Oh yeah! And my diet just flew out the window,not_scam
Santa Calling! Would your little ones like a call from Santa Xmas eve? Call 09058094583 to book your time.,scam
You didnt complete your gist oh.,not_scam
"Er yeah, i will b there at 15:26, sorry! Just tell me which pub/cafe to sit in and come wen u can",not_scam
"If you can make it any time tonight or whenever you can it's cool, just text me whenever you're around",not_scam
If I was I wasn't paying attention,not_scam
Thanx a lot 4 ur help!,not_scam
You're gonna have to be way more specific than that,not_scam
Jesus armand really is trying to tell everybody he can find,not_scam
I'm wif him now buying tix lar...,not_scam
Mode men or have you left.,not_scam
Am slow in using biola's fne,not_scam
"""What are youdoing later? Sar xxx""",not_scam
Hey i've booked the 2 lessons on sun liao...,not_scam
Thank you. do you generally date the brothas?,not_scam
"By the way, make sure u get train to worc foregate street not shrub hill. Have fun night x",not_scam
"I thought i'd get him a watch, just cos thats the kind of thing u get4an18th. And he loves so much!",not_scam
You have won a guaranteed 32000 award or maybe even £1000 cash to claim ur award call free on 0800 ..... (18+). Its a legitimat efreefone number wat do u think???,scam
Good morning. At the repair shop--the ONLY reason i'm up at this hour.,not_scam
"And that's fine, I got enough bud to last most of the night at least",not_scam
I am back. Good journey! Let me know if you need any of the receipts. Shall i tell you like the pendent?,not_scam
So that takes away some money worries,not_scam
"aight we can pick some up, you open before tonight?",not_scam
"Latest News! Police station toilet stolen, cops have nothing to go on!",scam
Sac needs to carry on:),not_scam
Just sing HU. I think its also important to find someone female that know the place well preferably a citizen that is also smart to help you navigate through. Even things like choosing a phone plan require guidance. When in doubt ask especially girls.,not_scam
What???? Hello wats talks email address?,not_scam
Except theres a chick with huge boobs.,not_scam
Im just wondering what your doing right now?,not_scam
Wishing you a beautiful day. Each moment revealing even more things to keep you smiling. Do enjoy it.,not_scam
"""For the most sparkling shopping breaks from 45 per person; call 0121 2025050 or visit www.shortbreaks.org.uk""",scam
Arun can u transfr me d amt,not_scam
"Sorry, I'll call later",not_scam
If you hear a loud scream in about &lt;#&gt; minutes its cause my Gyno will be shoving things up me that don't belong :/,not_scam
December only! Had your mobile 11mths+? You are entitled to update to the latest colour camera mobile for Free! Call The Mobile Update Co FREE on 08002986906,scam
Ok i thk i got it. Then u wan me 2 come now or wat?,not_scam
Txt: CALL to No: 86888 & claim your reward of 3 hours talk time to use from your phone now! Subscribe6GBP/mnth inc 3hrs 16 stop?txtStop www.gamb.tv,scam
U GOIN OUT 2NITE?,not_scam
I will treasure every moment we spend together...,not_scam
Shall I bring us a bottle of wine to keep us amused? Only joking! I‘ll bring one anyway,not_scam
http//tms. widelive.com/index. wml?id=820554ad0a1705572711&first=true¡C C Ringtone¡,scam
Get your garden ready for summer with a FREE selection of summer bulbs and seeds worth £33:50 only with The Scotsman this Saturday. To stop go2 notxt.co.uk,scam
"URGENT! Last weekend's draw shows that you have won £1000 cash or a Spanish holiday! CALL NOW 09050000332 to claim. T&C: RSTM, SW7 3SS. 150ppm",scam
Ok lor.,not_scam
I thought slide is enough.,not_scam
Yup,not_scam
Well obviously not because all the people in my cool college life went home ;_;,not_scam
Ok lor ü reaching then message me.,not_scam
Where's mummy's boy ? Is he being good or bad ? Is he being positive or negative ? Why is mummy being made to wait? Hmmmm?,not_scam
Dhoni have luck to win some big title.so we will win:),not_scam
Yes princess! I want to please you every night. Your wish is my command...,not_scam
What Today-sunday..sunday is holiday..so no work..,not_scam
No probably  &lt;#&gt; %.,not_scam
Really do hope the work doesnt get stressful. Have a gr8 day.,not_scam
Have you seen who's back at Holby?!,not_scam
Shall call now dear having food,not_scam
URGENT We are trying to contact you Last weekends draw shows u have won a £1000 prize GUARANTEED Call 09064017295 Claim code K52 Valid 12hrs 150p pm,scam
So li hai... Me bored now da lecturer repeating last weeks stuff waste time...,not_scam
", ,  and  picking them up from various points | going 2 yeovil | and they will do the motor project 4 3 hours | and then u take them home. || 12 2 5.30 max. || Very easy",not_scam
Also fuck you and your family for going to rhode island or wherever the fuck and leaving me all alone the week I have a new bong &gt;:(,not_scam
Ofcourse I also upload some songs,not_scam
2p per min to call Germany 08448350055 from your BT line. Just 2p per min. Check PlanetTalkInstant.com for info & T's & C's. Text stop to opt out,scam
K. I will sent it again,not_scam
Oh thanks a lot..i already bought 2 eggs ..,not_scam
K. I will sent it again,not_scam
U studying in sch or going home? Anyway i'll b going 2 sch later.,not_scam
Marvel Mobile Play the official Ultimate Spider-man game (£4.50) on ur mobile right now. Text SPIDER to 83338 for the game & we ll send u a FREE 8Ball wallpaper,scam
I think if he rule tamilnadu..then its very tough for our people.,not_scam
"Cool, we shall go and see, have to go to tip anyway. Are you at home, got something to drop in later? So lets go to town tonight! Maybe mum can take us in.",not_scam
"Good afternoon, my love ... How goes your day ? How did you sleep ? I hope your well, my boytoy ... I think of you ...",not_scam
Yes... I trust u to buy new stuff ASAP so I can try it out,not_scam
"SMS SERVICES. for your inclusive text credits, pls goto www.comuk.net login= 3qxj9 unsubscribe with STOP, no extra charge. help 08702840625.COMUK. 220-CM2 9AE",scam
Why did I wake up on my own &gt;:(,not_scam
Now get step 2 outta the way. Congrats again.,not_scam
Love has one law; Make happy the person you love. In the same way friendship has one law; Never make ur friend feel alone until you are alive.... Gud night,not_scam
PRIVATE! Your 2003 Account Statement for 07808247860 shows 800 un-redeemed S. I. M. points. Call 08719899229 Identifier Code: 40411 Expires 06/11/04,scam
Apo all other are mokka players only,not_scam
"Perhaps * is much easy give your account identification, so i will tomorrow at UNI",not_scam
Wait . I will msg after  &lt;#&gt;  min.,not_scam
What i told before i tell. Stupid hear after i wont tell anything to you. You dad called to my brother and spoken. Not with me.,not_scam
God's love has no limit. God's grace has no measure. God's power has no boundaries. May u have God's endless blessings always in ur life...!! Gud ni8,not_scam
I want to be inside you every night...,not_scam
"Machan you go to gym tomorrow,  i wil come late goodnight.",not_scam
Lol they were mad at first but then they woke up and gave in.,not_scam
I went to project centre,not_scam
"It‘s reassuring, in this crazy world.",not_scam
"Just making dinner, you ?",not_scam
Yes. Please leave at  &lt;#&gt; . So that at  &lt;#&gt;  we can leave,not_scam
Oh... Okie lor...We go on sat...,not_scam
You are a great role model. You are giving so much and i really wish each day for a miracle but God as a reason for everything and i must say i wish i knew why but i dont. I've looked up to you since i was young and i still do. Have a great day.,not_scam
"Ya, i'm referin to mei's ex wat... No ah, waitin 4 u to treat, somebody shld b rich liao...So gd, den u dun have to work frm tmr onwards...",not_scam
Miles and smiles r made frm same letters but do u know d difference..? smile on ur face keeps me happy even though I am miles away from u.. :-)keep smiling.. Good nyt,not_scam
"By the way, i've put a skip right outside the front of the house so you can see which house it is. Just pull up before it.",not_scam
Can you pls send me that company name. In saibaba colany,not_scam
No. I dont want to hear anything,not_scam
You are a big chic. Common. Declare,not_scam
Thats cool. I want to please you...,not_scam
Going to join tomorrow.,not_scam
You are awarded a SiPix Digital Camera! call 09061221061 from landline. Delivery within 28days. T Cs Box177. M221BP. 2yr warranty. 150ppm. 16 . p p£3.99,scam
I want to tell you how bad I feel that basically the only times I text you lately are when I need drugs,not_scam
PRIVATE! Your 2003 Account Statement for shows 800 un-redeemed S.I.M. points. Call 08718738001 Identifier Code: 49557 Expires 26/11/04,scam
"Total disappointment, when I texted you was the craziest shit got :(",not_scam
Its just the effect of irritation. Just ignore it,not_scam
What about this one then.,not_scam
I think that tantrum's finished so yeah I'll be by at some point,not_scam
Compliments to you. Was away from the system. How your side.,not_scam
happened here while you were adventuring,not_scam
"Hey chief, can you give me a bell when you get this. Need to talk to you about this royal visit on the 1st june.",not_scam
Ok which your another number,not_scam
"I know you are thinkin malaria. But relax, children cant handle malaria. She would have been worse and its gastroenteritis. If she takes enough to replace her loss her temp will reduce. And if you give her malaria meds now she will just vomit. Its a self limiting illness she has which means in a few days it will completely stop",not_scam
Aiyah ok wat as long as got improve can already wat...,not_scam
Want explicit SEX in 30 secs? Ring 02073162414 now! Costs 20p/min Gsex POBOX 2667 WC1N 3XX,scam
I can't believe how attached I am to seeing you every day. I know you will do the best you can to get to me babe. I will go to teach my class at your midnight,not_scam
Just sleeping..and surfing,not_scam
ASKED 3MOBILE IF 0870 CHATLINES INCLU IN FREE MINS. INDIA CUST SERVs SED YES. L8ER GOT MEGA BILL. 3 DONT GIV A SHIT. BAILIFF DUE IN DAYS. I O £250 3 WANT £800,scam
Yeah it's jus rite...,not_scam
Armand says get your ass over to epsilon,not_scam
U still havent got urself a jacket ah?,not_scam
"I'm taking derek &amp; taylor to walmart, if I'm not back by the time you're done just leave the mouse on my desk and I'll text you when priscilla's ready",not_scam
Hi its in durban are you still on this number,not_scam
Ic. There are a lotta childporn cars then.,not_scam
"Had your contract mobile 11 Mnths? Latest Motorola, Nokia etc. all FREE! Double Mins & Text on Orange tariffs. TEXT YES for callback, no to remove from records.",scam
"No, I was trying it all weekend ;V",not_scam
"You know, wot people wear. T shirts, jumpers, hat, belt, is all we know. We r at Cribbs",not_scam
"Cool, what time you think you can get here?",not_scam
Wen did you get so spiritual and deep. That's great,not_scam
Have a safe trip to Nigeria. Wish you happiness and very soon company to share moments with,not_scam
Hahaha..use your brain dear,not_scam
Well keep in mind I've only got enough gas for one more round trip barring a sudden influx of cash,not_scam
Yeh. Indians was nice. Tho it did kane me off a bit he he. We shud go out 4 a drink sometime soon. Mite hav 2 go 2 da works 4 a laugh soon. Love Pete x x,not_scam
Yes i have. So that's why u texted. Pshew...missing you so much,not_scam
No. I meant the calculation is the same. That  &lt;#&gt; units at  &lt;#&gt; . This school is really expensive. Have you started practicing your accent. Because its important. And have you decided if you are doing 4years of dental school or if you'll just do the nmde exam.,not_scam
"Sorry, I'll call later",not_scam
if you aren't here in the next  &lt;#&gt;  hours imma flip my shit,not_scam
Anything lor. Juz both of us lor.,not_scam
Get me out of this dump heap. My mom decided to come to lowes. BORING.,not_scam
Ok lor... Sony ericsson salesman... I ask shuhui then she say quite gd 2 use so i considering...,not_scam
Ard 6 like dat lor.,not_scam
Why don't you wait 'til at least wednesday to see if you get your .,not_scam
Huh y lei...,not_scam
"REMINDER FROM O2: To get 2.50 pounds free call credit and details of great offers pls reply 2 this text with your valid name, house no and postcode",scam
"This is the 2nd time we have tried 2 contact u. U have won the £750 Pound prize. 2 claim is easy, call 087187272008 NOW1! Only 10p per minute. BT-national-rate.",scam
Will ü b going to esplanade fr home?,not_scam
"Pity, * was in mood for that. So...any other suggestions?",not_scam
The guy did some bitching but I acted like i'd be interested in buying something else next week and he gave it to us for free,not_scam
Rofl. Its true to its name,not_scam
URGENT: Your SBI account has been blocked due to incomplete KYC. Update your PAN card immediately at http://sbi-kyc-update.top or service will stop.,scam
"Dear customer, your electricity power will be disconnected tonight at 9:30 PM due to unpaid bill. Call electricity officer at 9876543210 immediately.",scam
Your FedEx package #US98421 could not be delivered due to incomplete address. Please update details and pay $1.99 redelivery fee at http://fedx-tracking-portal.com,scam
USPS: We tried to deliver your parcel today but no one was home. Confirm your address at http://usps-redelivery-info.site within 24 hours.,scam
"HDFC Bank Alert: ₹85,000 debited from your A/C via UPI to amazon@paytm. If not you, block transaction immediately: http://hdfc-fraud-block.net/cancel",scam
Your Netflix subscription has expired. Update your billing information at http://netflix-billing-renew.xyz to avoid suspension of streaming service.,scam
"Apple Security: Your iCloud ID was accessed from an unrecognized device in Moscow, Russia. If not you, lock account at http://appleid-security-verify.co",scam
"PayPal Alert: You sent a payment of $499.00 USD to Coinbase Inc. If this was not authorized, dispute charge at http://paypal-resolution-center.biz",scam
"Dear User, you have won ₹1,50,000 cash prize in Kaun Banega Crorepati WhatsApp Lucky Draw! Send details to +919876543210 on WhatsApp to claim prize.",scam
"Income Tax Dept: Tax refund of ₹24,800 has been approved. Enter bank details to receive refund in 2 hours: http://incometax-refund-gov.in.top",scam
"Binance Security Alert: New withdrawal request of 0.85 BTC initiated. If this wasn't you, cancel immediately at http://binance-security-cancel.org",scam
"Amazon: Your order #402-984218 for iPhone 15 Pro ($1,199.00) is confirmed. If you did not place this, call fraud prevention immediately at 1-800-456-7890.",scam
Alert: Your SIM card will be deactivated within 24 hours due to non-verification. Click http://airtel-sim-kyc.pw to submit Aadhaar details.,scam
Chase Alert: Suspicious sign-in detected from Chrome on Linux. Verify identity now at http://chase-online-protect.top to secure funds.,scam
"Congratulations! You are pre-approved for an instant loan of ₹5,00,000 with 0% interest for 1 year. Apply now at http://instant-credit-loan.xyz/apply",scam
Geek Squad: Auto-renewal of Geek Protection plan ($399.99) charged to your card. Call +1-888-999-0123 within 24 hours for full refund.,scam
Wells Fargo: Your debit card is restricted due to unusual activity. Reactivate your card at http://wellsfargo-debit-unlock.cc immediately.,scam
Toll Enforcement: You have an unpaid toll invoice of $12.50. Avoid $50 penalty by paying online today at http://tollservices-pay-online.info,scam
Meta Support: Your Instagram account will be deleted in 24 hours due to copyright violation. Appeal here: http://instagram-copyright-appeal.com,scam
"Crypto Giveaway: Elon Musk is giving away 5,000 ETH! Send 0.1 ETH to verify wallet and receive 1.0 ETH back instantly at http://tesla-eth-promo.org",scam
"Your one-time password (OTP) for logging into your HDFC Bank account is 482910. Do not share this OTP with anyone, including bank officials.",not_scam
Uber: Your driver Rajesh (Swift Dzire - MH02AB1234) is arriving in 3 mins. OTP for this ride is 7731.,not_scam
Swiggy: Your order from Burger King has been picked up by delivery partner Amit. Expected delivery by 8:45 PM.,not_scam
Zomato: Order confirmed! Pizza Hut is preparing your meal. Track your delivery live in the app.,not_scam
Your appointment with Dr. Sharma is confirmed for tomorrow at 4:30 PM at Apollo Clinic. Please arrive 10 minutes early.,not_scam
Amazon Delivery Update: Your package containing 'Wireless Bluetooth Headphones' is out for delivery today with associate Ramesh.,not_scam
"Your monthly electricity bill of ₹1,420 for consumer #98214 is due on 28th Sep. Pay via official mobile app or electricity board website.",not_scam
Aadhaar OTP for authentication is 918234. Valid for 10 minutes. UIDAI will never call asking for OTP.,not_scam
"Hi Mom, I reached the hotel safely. Will call you once I finish dinner.",not_scam
"Hey, are we still meeting for coffee at Starbucks around 5 PM today?",not_scam
"Your salary of ₹75,000 has been credited to A/C XX4921 on 24-Sep-2026. Avl Bal: ₹89,450. - State Bank of India",not_scam
Google: 593021 is your 2-step verification code. Never share this code with anyone.,not_scam
Your flight 6E-204 from Delhi to Mumbai is on schedule. Web check-in closes 60 minutes before departure.,not_scam
Can you please send me the presentation slides before the 3 PM team meeting?,not_scam
"Reminder: Library books 'Clean Code' and 'Design Patterns' are due for return by Friday, 26th Sep.",not_scam
